branch,fixed_point,status,wall_limit_seconds,source,witness_sha256
0,17,SAT,60,prior_layer_run,3225f093712267cb90fdfaafa4536dabff58899580df0892eddacc56e4696fed
0,18,SAT,300,compatible_layer_witness,b02d84a2241f9e5d925189065fd8133d10a2950e1f081dfc7b7eca4327baaca8
1,17,UNKNOWN,60,prior_layer_run,8fba55cea0f98be36fab7b65349dda867a58aabfcf974a46098f5123830ac5cb
1,18,SAT,60,prior_layer_run,01978dd3ef1f8bd3c039627ccfbf150da46880e6c01ceaba31749f2290fdd9cb
2,17,UNKNOWN,30,bounded_layer_scan,8fba55cea0f98be36fab7b65349dda867a58aabfcf974a46098f5123830ac5cb
2,18,UNKNOWN,30,bounded_layer_scan,8fba55cea0f98be36fab7b65349dda867a58aabfcf974a46098f5123830ac5cb
3,17,SAT,30,bounded_layer_scan,c8c8361e933dd91bcf56ea83f985df39f337f0b12b11185f82d85a2272f6a5ed
3,18,SAT,30,bounded_layer_scan,73104dad08a3ef87ec7bd3739055ea9b62560cedbd5965ca00ce3f4fa6df963f
4,17,UNKNOWN,30,bounded_layer_scan,8fba55cea0f98be36fab7b65349dda867a58aabfcf974a46098f5123830ac5cb
4,18,UNKNOWN,30,bounded_layer_scan,8fba55cea0f98be36fab7b65349dda867a58aabfcf974a46098f5123830ac5cb
5,17,UNKNOWN,30,bounded_layer_scan,8fba55cea0f98be36fab7b65349dda867a58aabfcf974a46098f5123830ac5cb
5,18,UNKNOWN,30,bounded_layer_scan,8fba55cea0f98be36fab7b65349dda867a58aabfcf974a46098f5123830ac5cb
6,17,UNKNOWN,30,bounded_layer_scan,8fba55cea0f98be36fab7b65349dda867a58aabfcf974a46098f5123830ac5cb
6,18,UNKNOWN,30,bounded_layer_scan,8fba55cea0f98be36fab7b65349dda867a58aabfcf974a46098f5123830ac5cb
7,17,SAT,30,bounded_layer_scan,f8779857acdbc9d7d51a583479b105bc351b7dd912a54090715626c5a12c1a31
7,18,UNKNOWN,30,bounded_layer_scan,8fba55cea0f98be36fab7b65349dda867a58aabfcf974a46098f5123830ac5cb
8,17,UNKNOWN,30,bounded_layer_scan,8fba55cea0f98be36fab7b65349dda867a58aabfcf974a46098f5123830ac5cb
8,18,UNKNOWN,30,bounded_layer_scan,8fba55cea0f98be36fab7b65349dda867a58aabfcf974a46098f5123830ac5cb
9,17,SAT,30,bounded_layer_scan,f0ac159711f93905bdcb23334246c3a2a0b69fcb44feef02ac43da9f5b796eb4
9,18,UNKNOWN,30,bounded_layer_scan,8fba55cea0f98be36fab7b65349dda867a58aabfcf974a46098f5123830ac5cb
10,17,UNKNOWN,30,bounded_layer_scan,8fba55cea0f98be36fab7b65349dda867a58aabfcf974a46098f5123830ac5cb
10,18,SAT,30,bounded_layer_scan,504bd86999f160fd8d56dc7a23e6f1c1ebf845b966603d84b29db24b4ec70faf
11,17,UNKNOWN,30,bounded_layer_scan,8fba55cea0f98be36fab7b65349dda867a58aabfcf974a46098f5123830ac5cb
11,18,UNKNOWN,30,bounded_layer_scan,8fba55cea0f98be36fab7b65349dda867a58aabfcf974a46098f5123830ac5cb
12,17,UNKNOWN,30,bounded_layer_scan,8fba55cea0f98be36fab7b65349dda867a58aabfcf974a46098f5123830ac5cb
12,18,UNKNOWN,30,bounded_layer_scan,8fba55cea0f98be36fab7b65349dda867a58aabfcf974a46098f5123830ac5cb
13,17,UNKNOWN,30,bounded_layer_scan,8fba55cea0f98be36fab7b65349dda867a58aabfcf974a46098f5123830ac5cb
13,18,SAT,30,bounded_layer_scan,54fa1ab8c210374f4dd6b3b3638f74d4884976e6b26210101e825652ab289df5
14,17,UNKNOWN,30,bounded_layer_scan,8fba55cea0f98be36fab7b65349dda867a58aabfcf974a46098f5123830ac5cb
14,18,UNKNOWN,30,bounded_layer_scan,8fba55cea0f98be36fab7b65349dda867a58aabfcf974a46098f5123830ac5cb
15,17,UNKNOWN,30,bounded_layer_scan,8fba55cea0f98be36fab7b65349dda867a58aabfcf974a46098f5123830ac5cb
15,18,UNKNOWN,30,bounded_layer_scan,8fba55cea0f98be36fab7b65349dda867a58aabfcf974a46098f5123830ac5cb
16,17,UNKNOWN,30,bounded_layer_scan,8fba55cea0f98be36fab7b65349dda867a58aabfcf974a46098f5123830ac5cb
16,18,UNKNOWN,30,bounded_layer_scan,8fba55cea0f98be36fab7b65349dda867a58aabfcf974a46098f5123830ac5cb
17,17,UNKNOWN,30,bounded_layer_scan,8fba55cea0f98be36fab7b65349dda867a58aabfcf974a46098f5123830ac5cb
17,18,UNKNOWN,30,bounded_layer_scan,8fba55cea0f98be36fab7b65349dda867a58aabfcf974a46098f5123830ac5cb
18,17,UNKNOWN,30,bounded_layer_scan,8fba55cea0f98be36fab7b65349dda867a58aabfcf974a46098f5123830ac5cb
18,18,UNKNOWN,30,bounded_layer_scan,8fba55cea0f98be36fab7b65349dda867a58aabfcf974a46098f5123830ac5cb
19,17,UNKNOWN,30,bounded_layer_scan,8fba55cea0f98be36fab7b65349dda867a58aabfcf974a46098f5123830ac5cb
19,18,UNKNOWN,30,bounded_layer_scan,8fba55cea0f98be36fab7b65349dda867a58aabfcf974a46098f5123830ac5cb
20,17,SAT,30,bounded_layer_scan,de7cdf870335e80420e654be2e9ce2ce5c048c4031bf014a2d969d642e629380
20,18,UNKNOWN,30,bounded_layer_scan,8fba55cea0f98be36fab7b65349dda867a58aabfcf974a46098f5123830ac5cb
21,17,SAT,30,bounded_layer_scan,6f5ec949133010aad960ff215a7e735ae4a9045d0a7ed99a100d93f7f73b66da
21,18,SAT,30,bounded_layer_scan,1155326e7703f6c6b4ba734593283aa4d2469cf021418c1700d0e266486025ce
22,17,UNKNOWN,30,bounded_layer_scan,8fba55cea0f98be36fab7b65349dda867a58aabfcf974a46098f5123830ac5cb
22,18,UNKNOWN,30,bounded_layer_scan,8fba55cea0f98be36fab7b65349dda867a58aabfcf974a46098f5123830ac5cb
23,17,UNKNOWN,30,bounded_layer_scan,8fba55cea0f98be36fab7b65349dda867a58aabfcf974a46098f5123830ac5cb
23,18,UNKNOWN,30,bounded_layer_scan,8fba55cea0f98be36fab7b65349dda867a58aabfcf974a46098f5123830ac5cb
24,17,SAT,30,bounded_layer_scan,2d15d36adc4f1206bb84cec5324f4c0d593e852872ce9f81b0c484dab629dfed
24,18,SAT,30,bounded_layer_scan,d99979344ca9ba1a66b3ef10a034e857bf239e5dc35676a4cb004dbf9d3d5397
25,17,UNKNOWN,30,bounded_layer_scan,8fba55cea0f98be36fab7b65349dda867a58aabfcf974a46098f5123830ac5cb
25,18,UNKNOWN,30,bounded_layer_scan,8fba55cea0f98be36fab7b65349dda867a58aabfcf974a46098f5123830ac5cb
26,17,UNKNOWN,30,bounded_layer_scan,8fba55cea0f98be36fab7b65349dda867a58aabfcf974a46098f5123830ac5cb
26,18,UNKNOWN,30,bounded_layer_scan,8fba55cea0f98be36fab7b65349dda867a58aabfcf974a46098f5123830ac5cb
27,17,UNKNOWN,30,bounded_layer_scan,8fba55cea0f98be36fab7b65349dda867a58aabfcf974a46098f5123830ac5cb
27,18,SAT,30,bounded_layer_scan,db24ac851f46a689f53f6d414d7062b2f5ea166e69923ae34e30a9c7c343882a
28,17,UNKNOWN,30,bounded_layer_scan,8fba55cea0f98be36fab7b65349dda867a58aabfcf974a46098f5123830ac5cb
28,18,UNKNOWN,30,bounded_layer_scan,8fba55cea0f98be36fab7b65349dda867a58aabfcf974a46098f5123830ac5cb
29,17,UNKNOWN,30,bounded_layer_scan,8fba55cea0f98be36fab7b65349dda867a58aabfcf974a46098f5123830ac5cb
29,18,UNKNOWN,30,bounded_layer_scan,8fba55cea0f98be36fab7b65349dda867a58aabfcf974a46098f5123830ac5cb
30,17,SAT,30,bounded_layer_scan,02e776698e7e5c6ae9a01e874f5f6638479c319b0751145c9760a0f89639ec8e
30,18,UNKNOWN,30,bounded_layer_scan,8fba55cea0f98be36fab7b65349dda867a58aabfcf974a46098f5123830ac5cb
31,17,UNKNOWN,30,bounded_layer_scan,8fba55cea0f98be36fab7b65349dda867a58aabfcf974a46098f5123830ac5cb
31,18,UNKNOWN,30,bounded_layer_scan,8fba55cea0f98be36fab7b65349dda867a58aabfcf974a46098f5123830ac5cb
32,17,UNKNOWN,30,bounded_layer_scan,8fba55cea0f98be36fab7b65349dda867a58aabfcf974a46098f5123830ac5cb
32,18,SAT,30,bounded_layer_scan,0e0a1e7bffded25aa387e15653939e59e9c92f332feb56ef1b4f0b9ab05ef394
33,17,UNKNOWN,30,bounded_layer_scan,8fba55cea0f98be36fab7b65349dda867a58aabfcf974a46098f5123830ac5cb
33,18,UNKNOWN,30,bounded_layer_scan,8fba55cea0f98be36fab7b65349dda867a58aabfcf974a46098f5123830ac5cb
34,17,SAT,30,bounded_layer_scan,551fb1dd657d66252a811a96f8cfcf6bf65ebeaf71331b2f63b032066851ba4b
34,18,UNKNOWN,30,bounded_layer_scan,8fba55cea0f98be36fab7b65349dda867a58aabfcf974a46098f5123830ac5cb
35,17,UNKNOWN,30,bounded_layer_scan,8fba55cea0f98be36fab7b65349dda867a58aabfcf974a46098f5123830ac5cb
35,18,UNKNOWN,30,bounded_layer_scan,8fba55cea0f98be36fab7b65349dda867a58aabfcf974a46098f5123830ac5cb
36,17,SAT,30,bounded_layer_scan,6de77b185629e91508f1267e1324cea95ca0206d1cd3b0bf6d33580651182424
36,18,SAT,30,bounded_layer_scan,4d9dbdbb6942443a60ffd4925e08de44b75086792a2ce752c3d80c651b7ee876
37,17,SAT,30,bounded_layer_scan,1dd96a8012a680fb4bc8f083c1bed55ab648f82fbca974bc0a0d514c3bb99a13
37,18,SAT,30,bounded_layer_scan,10348a8ea4716abd74660c84f9768889b06e0b824a8b393b50951cd2b92baf5a
38,17,UNKNOWN,30,bounded_layer_scan,8fba55cea0f98be36fab7b65349dda867a58aabfcf974a46098f5123830ac5cb
38,18,UNKNOWN,30,bounded_layer_scan,8fba55cea0f98be36fab7b65349dda867a58aabfcf974a46098f5123830ac5cb
39,17,UNKNOWN,30,bounded_layer_scan,8fba55cea0f98be36fab7b65349dda867a58aabfcf974a46098f5123830ac5cb
39,18,UNKNOWN,30,bounded_layer_scan,8fba55cea0f98be36fab7b65349dda867a58aabfcf974a46098f5123830ac5cb
40,17,UNKNOWN,30,bounded_layer_scan,8fba55cea0f98be36fab7b65349dda867a58aabfcf974a46098f5123830ac5cb
40,18,UNKNOWN,30,bounded_layer_scan,8fba55cea0f98be36fab7b65349dda867a58aabfcf974a46098f5123830ac5cb
41,17,UNKNOWN,30,bounded_layer_scan,8fba55cea0f98be36fab7b65349dda867a58aabfcf974a46098f5123830ac5cb
41,18,UNKNOWN,30,bounded_layer_scan,8fba55cea0f98be36fab7b65349dda867a58aabfcf974a46098f5123830ac5cb
42,17,UNKNOWN,10,bounded_layer_scan,8fba55cea0f98be36fab7b65349dda867a58aabfcf974a46098f5123830ac5cb
42,18,UNKNOWN,10,bounded_layer_scan,8fba55cea0f98be36fab7b65349dda867a58aabfcf974a46098f5123830ac5cb
43,17,UNKNOWN,10,bounded_layer_scan,8fba55cea0f98be36fab7b65349dda867a58aabfcf974a46098f5123830ac5cb
43,18,UNKNOWN,10,bounded_layer_scan,8fba55cea0f98be36fab7b65349dda867a58aabfcf974a46098f5123830ac5cb
44,17,UNKNOWN,10,bounded_layer_scan,8fba55cea0f98be36fab7b65349dda867a58aabfcf974a46098f5123830ac5cb
44,18,UNKNOWN,10,bounded_layer_scan,8fba55cea0f98be36fab7b65349dda867a58aabfcf974a46098f5123830ac5cb
45,17,UNKNOWN,10,bounded_layer_scan,8fba55cea0f98be36fab7b65349dda867a58aabfcf974a46098f5123830ac5cb
45,18,UNKNOWN,10,bounded_layer_scan,8fba55cea0f98be36fab7b65349dda867a58aabfcf974a46098f5123830ac5cb
46,17,SAT,10,bounded_layer_scan,8630e5500a59b9c2f50f1991aad7e8813b2b81d16c669e1af33196c99aee2733
46,18,UNKNOWN,10,bounded_layer_scan,8fba55cea0f98be36fab7b65349dda867a58aabfcf974a46098f5123830ac5cb
47,17,UNKNOWN,10,bounded_layer_scan,8fba55cea0f98be36fab7b65349dda867a58aabfcf974a46098f5123830ac5cb
47,18,UNKNOWN,10,bounded_layer_scan,8fba55cea0f98be36fab7b65349dda867a58aabfcf974a46098f5123830ac5cb
48,17,UNKNOWN,10,bounded_layer_scan,8fba55cea0f98be36fab7b65349dda867a58aabfcf974a46098f5123830ac5cb
48,18,UNKNOWN,10,bounded_layer_scan,8fba55cea0f98be36fab7b65349dda867a58aabfcf974a46098f5123830ac5cb
49,17,UNKNOWN,10,bounded_layer_scan,8fba55cea0f98be36fab7b65349dda867a58aabfcf974a46098f5123830ac5cb
49,18,UNKNOWN,10,bounded_layer_scan,8fba55cea0f98be36fab7b65349dda867a58aabfcf974a46098f5123830ac5cb
50,17,UNKNOWN,10,bounded_layer_scan,8fba55cea0f98be36fab7b65349dda867a58aabfcf974a46098f5123830ac5cb
50,18,UNKNOWN,10,bounded_layer_scan,8fba55cea0f98be36fab7b65349dda867a58aabfcf974a46098f5123830ac5cb
51,17,UNKNOWN,10,bounded_layer_scan,8fba55cea0f98be36fab7b65349dda867a58aabfcf974a46098f5123830ac5cb
51,18,UNKNOWN,10,bounded_layer_scan,8fba55cea0f98be36fab7b65349dda867a58aabfcf974a46098f5123830ac5cb
52,17,UNKNOWN,10,bounded_layer_scan,8fba55cea0f98be36fab7b65349dda867a58aabfcf974a46098f5123830ac5cb
52,18,UNKNOWN,10,bounded_layer_scan,8fba55cea0f98be36fab7b65349dda867a58aabfcf974a46098f5123830ac5cb
53,17,UNKNOWN,10,bounded_layer_scan,8fba55cea0f98be36fab7b65349dda867a58aabfcf974a46098f5123830ac5cb
53,18,UNKNOWN,10,bounded_layer_scan,8fba55cea0f98be36fab7b65349dda867a58aabfcf974a46098f5123830ac5cb
54,17,UNKNOWN,10,bounded_layer_scan,8fba55cea0f98be36fab7b65349dda867a58aabfcf974a46098f5123830ac5cb
54,18,UNKNOWN,10,bounded_layer_scan,8fba55cea0f98be36fab7b65349dda867a58aabfcf974a46098f5123830ac5cb
55,17,UNKNOWN,10,bounded_layer_scan,8fba55cea0f98be36fab7b65349dda867a58aabfcf974a46098f5123830ac5cb
55,18,UNKNOWN,10,bounded_layer_scan,8fba55cea0f98be36fab7b65349dda867a58aabfcf974a46098f5123830ac5cb
56,17,UNKNOWN,10,bounded_layer_scan,8fba55cea0f98be36fab7b65349dda867a58aabfcf974a46098f5123830ac5cb
56,18,UNKNOWN,10,bounded_layer_scan,8fba55cea0f98be36fab7b65349dda867a58aabfcf974a46098f5123830ac5cb
57,17,UNKNOWN,10,bounded_layer_scan,8fba55cea0f98be36fab7b65349dda867a58aabfcf974a46098f5123830ac5cb
57,18,UNKNOWN,10,bounded_layer_scan,8fba55cea0f98be36fab7b65349dda867a58aabfcf974a46098f5123830ac5cb
58,17,UNKNOWN,10,bounded_layer_scan,8fba55cea0f98be36fab7b65349dda867a58aabfcf974a46098f5123830ac5cb
58,18,SAT,10,bounded_layer_scan,5451df6ba45d447c57352310f87d256091a42793cf8611081d65190c3c02f36a
59,17,UNKNOWN,10,bounded_layer_scan,8fba55cea0f98be36fab7b65349dda867a58aabfcf974a46098f5123830ac5cb
59,18,UNKNOWN,10,bounded_layer_scan,8fba55cea0f98be36fab7b65349dda867a58aabfcf974a46098f5123830ac5cb
60,17,UNKNOWN,10,bounded_layer_scan,8fba55cea0f98be36fab7b65349dda867a58aabfcf974a46098f5123830ac5cb
60,18,SAT,10,bounded_layer_scan,a231e5327fa6b2bdd4061eb80efba01fd14c636ae5b61bc89e2675fc8e775c8d
61,17,UNKNOWN,10,bounded_layer_scan,8fba55cea0f98be36fab7b65349dda867a58aabfcf974a46098f5123830ac5cb
61,18,UNKNOWN,10,bounded_layer_scan,8fba55cea0f98be36fab7b65349dda867a58aabfcf974a46098f5123830ac5cb
62,17,UNKNOWN,10,bounded_layer_scan,8fba55cea0f98be36fab7b65349dda867a58aabfcf974a46098f5123830ac5cb
62,18,SAT,10,bounded_layer_scan,f99ff956dfbb38492cc526913302d11dd88f33eb581e65149192408c31c1aa0e
63,17,UNKNOWN,10,bounded_layer_scan,8fba55cea0f98be36fab7b65349dda867a58aabfcf974a46098f5123830ac5cb
63,18,UNKNOWN,10,bounded_layer_scan,8fba55cea0f98be36fab7b65349dda867a58aabfcf974a46098f5123830ac5cb
64,17,UNKNOWN,10,bounded_layer_scan,8fba55cea0f98be36fab7b65349dda867a58aabfcf974a46098f5123830ac5cb
64,18,UNKNOWN,10,bounded_layer_scan,8fba55cea0f98be36fab7b65349dda867a58aabfcf974a46098f5123830ac5cb
65,17,UNKNOWN,10,bounded_layer_scan,8fba55cea0f98be36fab7b65349dda867a58aabfcf974a46098f5123830ac5cb
65,18,UNKNOWN,10,bounded_layer_scan,8fba55cea0f98be36fab7b65349dda867a58aabfcf974a46098f5123830ac5cb
66,17,UNKNOWN,10,bounded_layer_scan,8fba55cea0f98be36fab7b65349dda867a58aabfcf974a46098f5123830ac5cb
66,18,UNKNOWN,10,bounded_layer_scan,8fba55cea0f98be36fab7b65349dda867a58aabfcf974a46098f5123830ac5cb
67,17,UNKNOWN,10,bounded_layer_scan,8fba55cea0f98be36fab7b65349dda867a58aabfcf974a46098f5123830ac5cb
67,18,UNKNOWN,10,bounded_layer_scan,8fba55cea0f98be36fab7b65349dda867a58aabfcf974a46098f5123830ac5cb
68,17,UNKNOWN,10,bounded_layer_scan,8fba55cea0f98be36fab7b65349dda867a58aabfcf974a46098f5123830ac5cb
68,18,UNKNOWN,10,bounded_layer_scan,8fba55cea0f98be36fab7b65349dda867a58aabfcf974a46098f5123830ac5cb
69,17,UNKNOWN,10,bounded_layer_scan,8fba55cea0f98be36fab7b65349dda867a58aabfcf974a46098f5123830ac5cb
69,18,UNKNOWN,10,bounded_layer_scan,8fba55cea0f98be36fab7b65349dda867a58aabfcf974a46098f5123830ac5cb
70,17,UNKNOWN,10,bounded_layer_scan,8fba55cea0f98be36fab7b65349dda867a58aabfcf974a46098f5123830ac5cb
70,18,UNKNOWN,10,bounded_layer_scan,8fba55cea0f98be36fab7b65349dda867a58aabfcf974a46098f5123830ac5cb
71,17,UNKNOWN,10,bounded_layer_scan,8fba55cea0f98be36fab7b65349dda867a58aabfcf974a46098f5123830ac5cb
71,18,UNKNOWN,10,bounded_layer_scan,8fba55cea0f98be36fab7b65349dda867a58aabfcf974a46098f5123830ac5cb
72,17,UNKNOWN,10,bounded_layer_scan,8fba55cea0f98be36fab7b65349dda867a58aabfcf974a46098f5123830ac5cb
72,18,SAT,10,bounded_layer_scan,6b0d67c6a6a9c5bd56d7e943a7dbca078b929227c3de47d21bc1a88e79f10fa3
73,17,UNKNOWN,10,bounded_layer_scan,8fba55cea0f98be36fab7b65349dda867a58aabfcf974a46098f5123830ac5cb
73,18,UNKNOWN,10,bounded_layer_scan,8fba55cea0f98be36fab7b65349dda867a58aabfcf974a46098f5123830ac5cb
74,17,UNKNOWN,10,bounded_layer_scan,8fba55cea0f98be36fab7b65349dda867a58aabfcf974a46098f5123830ac5cb
74,18,UNKNOWN,10,bounded_layer_scan,8fba55cea0f98be36fab7b65349dda867a58aabfcf974a46098f5123830ac5cb
75,17,UNKNOWN,10,bounded_layer_scan,8fba55cea0f98be36fab7b65349dda867a58aabfcf974a46098f5123830ac5cb
75,18,UNKNOWN,10,bounded_layer_scan,8fba55cea0f98be36fab7b65349dda867a58aabfcf974a46098f5123830ac5cb
76,17,UNKNOWN,10,bounded_layer_scan,8fba55cea0f98be36fab7b65349dda867a58aabfcf974a46098f5123830ac5cb
76,18,UNKNOWN,10,bounded_layer_scan,8fba55cea0f98be36fab7b65349dda867a58aabfcf974a46098f5123830ac5cb
77,17,UNKNOWN,10,bounded_layer_scan,8fba55cea0f98be36fab7b65349dda867a58aabfcf974a46098f5123830ac5cb
77,18,UNKNOWN,10,bounded_layer_scan,8fba55cea0f98be36fab7b65349dda867a58aabfcf974a46098f5123830ac5cb
78,17,UNKNOWN,10,bounded_layer_scan,8fba55cea0f98be36fab7b65349dda867a58aabfcf974a46098f5123830ac5cb
78,18,UNKNOWN,10,bounded_layer_scan,8fba55cea0f98be36fab7b65349dda867a58aabfcf974a46098f5123830ac5cb
79,17,UNKNOWN,10,bounded_layer_scan,8fba55cea0f98be36fab7b65349dda867a58aabfcf974a46098f5123830ac5cb
79,18,UNKNOWN,10,bounded_layer_scan,8fba55cea0f98be36fab7b65349dda867a58aabfcf974a46098f5123830ac5cb
80,17,UNKNOWN,10,bounded_layer_scan,8fba55cea0f98be36fab7b65349dda867a58aabfcf974a46098f5123830ac5cb
80,18,UNKNOWN,10,bounded_layer_scan,8fba55cea0f98be36fab7b65349dda867a58aabfcf974a46098f5123830ac5cb
81,17,UNKNOWN,10,bounded_layer_scan,8fba55cea0f98be36fab7b65349dda867a58aabfcf974a46098f5123830ac5cb
81,18,UNKNOWN,10,bounded_layer_scan,8fba55cea0f98be36fab7b65349dda867a58aabfcf974a46098f5123830ac5cb
82,17,UNKNOWN,10,bounded_layer_scan,8fba55cea0f98be36fab7b65349dda867a58aabfcf974a46098f5123830ac5cb
82,18,UNKNOWN,10,bounded_layer_scan,8fba55cea0f98be36fab7b65349dda867a58aabfcf974a46098f5123830ac5cb
83,17,UNKNOWN,10,bounded_layer_scan,8fba55cea0f98be36fab7b65349dda867a58aabfcf974a46098f5123830ac5cb
83,18,UNKNOWN,10,bounded_layer_scan,8fba55cea0f98be36fab7b65349dda867a58aabfcf974a46098f5123830ac5cb
84,17,UNKNOWN,10,bounded_layer_scan,8fba55cea0f98be36fab7b65349dda867a58aabfcf974a46098f5123830ac5cb
84,18,SAT,10,bounded_layer_scan,f3951cbe32a8f49fe44f132bd4bcade51c5d0d046ca58fd2ae596ba025abc8b0
85,17,UNKNOWN,10,bounded_layer_scan,8fba55cea0f98be36fab7b65349dda867a58aabfcf974a46098f5123830ac5cb
85,18,UNKNOWN,10,bounded_layer_scan,8fba55cea0f98be36fab7b65349dda867a58aabfcf974a46098f5123830ac5cb
86,17,UNKNOWN,10,bounded_layer_scan,8fba55cea0f98be36fab7b65349dda867a58aabfcf974a46098f5123830ac5cb
86,18,SAT,10,bounded_layer_scan,154377667017624ae21f86dba342086d39e00b6994bfb7b7a4afef18e7f43858
87,17,SAT,10,bounded_layer_scan,0cd5acdb05126986022d5c2ad48f5172a7ed498e0d1200c0c61f488e4d87c3c9
87,18,UNKNOWN,10,bounded_layer_scan,8fba55cea0f98be36fab7b65349dda867a58aabfcf974a46098f5123830ac5cb
88,17,UNKNOWN,10,bounded_layer_scan,8fba55cea0f98be36fab7b65349dda867a58aabfcf974a46098f5123830ac5cb
88,18,UNKNOWN,10,bounded_layer_scan,8fba55cea0f98be36fab7b65349dda867a58aabfcf974a46098f5123830ac5cb
89,17,UNKNOWN,10,bounded_layer_scan,8fba55cea0f98be36fab7b65349dda867a58aabfcf974a46098f5123830ac5cb
89,18,UNKNOWN,10,bounded_layer_scan,8fba55cea0f98be36fab7b65349dda867a58aabfcf974a46098f5123830ac5cb
90,17,UNKNOWN,10,bounded_layer_scan,8fba55cea0f98be36fab7b65349dda867a58aabfcf974a46098f5123830ac5cb
90,18,UNKNOWN,10,bounded_layer_scan,8fba55cea0f98be36fab7b65349dda867a58aabfcf974a46098f5123830ac5cb
91,17,UNKNOWN,10,bounded_layer_scan,8fba55cea0f98be36fab7b65349dda867a58aabfcf974a46098f5123830ac5cb
91,18,UNKNOWN,10,bounded_layer_scan,8fba55cea0f98be36fab7b65349dda867a58aabfcf974a46098f5123830ac5cb
92,17,UNKNOWN,10,bounded_layer_scan,8fba55cea0f98be36fab7b65349dda867a58aabfcf974a46098f5123830ac5cb
92,18,UNKNOWN,10,bounded_layer_scan,8fba55cea0f98be36fab7b65349dda867a58aabfcf974a46098f5123830ac5cb
93,17,UNKNOWN,10,bounded_layer_scan,8fba55cea0f98be36fab7b65349dda867a58aabfcf974a46098f5123830ac5cb
93,18,UNKNOWN,10,bounded_layer_scan,8fba55cea0f98be36fab7b65349dda867a58aabfcf974a46098f5123830ac5cb
94,17,UNKNOWN,10,bounded_layer_scan,8fba55cea0f98be36fab7b65349dda867a58aabfcf974a46098f5123830ac5cb
94,18,UNKNOWN,10,bounded_layer_scan,8fba55cea0f98be36fab7b65349dda867a58aabfcf974a46098f5123830ac5cb
95,17,UNKNOWN,10,bounded_layer_scan,8fba55cea0f98be36fab7b65349dda867a58aabfcf974a46098f5123830ac5cb
95,18,UNKNOWN,10,bounded_layer_scan,8fba55cea0f98be36fab7b65349dda867a58aabfcf974a46098f5123830ac5cb
96,17,UNKNOWN,10,bounded_layer_scan,8fba55cea0f98be36fab7b65349dda867a58aabfcf974a46098f5123830ac5cb
96,18,UNKNOWN,10,bounded_layer_scan,8fba55cea0f98be36fab7b65349dda867a58aabfcf974a46098f5123830ac5cb
97,17,UNKNOWN,10,bounded_layer_scan,8fba55cea0f98be36fab7b65349dda867a58aabfcf974a46098f5123830ac5cb
97,18,UNKNOWN,10,bounded_layer_scan,8fba55cea0f98be36fab7b65349dda867a58aabfcf974a46098f5123830ac5cb
98,17,UNKNOWN,10,bounded_layer_scan,8fba55cea0f98be36fab7b65349dda867a58aabfcf974a46098f5123830ac5cb
98,18,UNKNOWN,10,bounded_layer_scan,8fba55cea0f98be36fab7b65349dda867a58aabfcf974a46098f5123830ac5cb
99,17,UNKNOWN,10,bounded_layer_scan,8fba55cea0f98be36fab7b65349dda867a58aabfcf974a46098f5123830ac5cb
99,18,UNKNOWN,10,bounded_layer_scan,8fba55cea0f98be36fab7b65349dda867a58aabfcf974a46098f5123830ac5cb
100,17,UNKNOWN,10,bounded_layer_scan,8fba55cea0f98be36fab7b65349dda867a58aabfcf974a46098f5123830ac5cb
100,18,UNKNOWN,10,bounded_layer_scan,8fba55cea0f98be36fab7b65349dda867a58aabfcf974a46098f5123830ac5cb
101,17,UNKNOWN,10,bounded_layer_scan,8fba55cea0f98be36fab7b65349dda867a58aabfcf974a46098f5123830ac5cb
101,18,UNKNOWN,10,bounded_layer_scan,8fba55cea0f98be36fab7b65349dda867a58aabfcf974a46098f5123830ac5cb
102,17,UNKNOWN,10,bounded_layer_scan,8fba55cea0f98be36fab7b65349dda867a58aabfcf974a46098f5123830ac5cb
102,18,SAT,10,bounded_layer_scan,043684f1876345bf8794958d74fa1694322d1a75247e3bd48590f82fd5401650
103,17,UNKNOWN,10,bounded_layer_scan,8fba55cea0f98be36fab7b65349dda867a58aabfcf974a46098f5123830ac5cb
103,18,UNKNOWN,10,bounded_layer_scan,8fba55cea0f98be36fab7b65349dda867a58aabfcf974a46098f5123830ac5cb
104,17,SAT,10,bounded_layer_scan,720402f641e75bfdf6c9f2e44e80b4cce2e7d015bb53f485f3af301bbe8c06d5
104,18,UNKNOWN,10,bounded_layer_scan,8fba55cea0f98be36fab7b65349dda867a58aabfcf974a46098f5123830ac5cb
105,17,SAT,10,bounded_layer_scan,e2f5ce4fad28d77490901d75ab7b9b0af73d9bf24c35618ab0e004c8bdd7fb97
105,18,UNKNOWN,10,bounded_layer_scan,8fba55cea0f98be36fab7b65349dda867a58aabfcf974a46098f5123830ac5cb
106,17,UNKNOWN,10,bounded_layer_scan,8fba55cea0f98be36fab7b65349dda867a58aabfcf974a46098f5123830ac5cb
106,18,UNKNOWN,10,bounded_layer_scan,8fba55cea0f98be36fab7b65349dda867a58aabfcf974a46098f5123830ac5cb
107,17,UNKNOWN,10,bounded_layer_scan,8fba55cea0f98be36fab7b65349dda867a58aabfcf974a46098f5123830ac5cb
107,18,UNKNOWN,10,bounded_layer_scan,8fba55cea0f98be36fab7b65349dda867a58aabfcf974a46098f5123830ac5cb
108,17,UNKNOWN,10,bounded_layer_scan,8fba55cea0f98be36fab7b65349dda867a58aabfcf974a46098f5123830ac5cb
108,18,UNKNOWN,10,bounded_layer_scan,8fba55cea0f98be36fab7b65349dda867a58aabfcf974a46098f5123830ac5cb
109,17,SAT,10,bounded_layer_scan,5339a35af0bf2675e728a1b2adc7494a986ee9d6148260f914ea7eee58427865
109,18,UNKNOWN,10,bounded_layer_scan,8fba55cea0f98be36fab7b65349dda867a58aabfcf974a46098f5123830ac5cb
110,17,SAT,10,bounded_layer_scan,a34d48e2c15dca3033c26772735b9a7ffe29c507ea19d06b942d41a1628862b8
110,18,UNKNOWN,10,bounded_layer_scan,8fba55cea0f98be36fab7b65349dda867a58aabfcf974a46098f5123830ac5cb
111,17,UNKNOWN,10,bounded_layer_scan,8fba55cea0f98be36fab7b65349dda867a58aabfcf974a46098f5123830ac5cb
111,18,UNKNOWN,10,bounded_layer_scan,8fba55cea0f98be36fab7b65349dda867a58aabfcf974a46098f5123830ac5cb
112,17,UNKNOWN,10,bounded_layer_scan,8fba55cea0f98be36fab7b65349dda867a58aabfcf974a46098f5123830ac5cb
112,18,UNKNOWN,10,bounded_layer_scan,8fba55cea0f98be36fab7b65349dda867a58aabfcf974a46098f5123830ac5cb
113,17,UNKNOWN,10,bounded_layer_scan,8fba55cea0f98be36fab7b65349dda867a58aabfcf974a46098f5123830ac5cb
113,18,UNKNOWN,10,bounded_layer_scan,8fba55cea0f98be36fab7b65349dda867a58aabfcf974a46098f5123830ac5cb
114,17,UNKNOWN,10,bounded_layer_scan,8fba55cea0f98be36fab7b65349dda867a58aabfcf974a46098f5123830ac5cb
114,18,UNKNOWN,10,bounded_layer_scan,8fba55cea0f98be36fab7b65349dda867a58aabfcf974a46098f5123830ac5cb
115,17,UNKNOWN,10,bounded_layer_scan,8fba55cea0f98be36fab7b65349dda867a58aabfcf974a46098f5123830ac5cb
115,18,UNKNOWN,10,bounded_layer_scan,8fba55cea0f98be36fab7b65349dda867a58aabfcf974a46098f5123830ac5cb
116,17,UNKNOWN,10,bounded_layer_scan,8fba55cea0f98be36fab7b65349dda867a58aabfcf974a46098f5123830ac5cb
116,18,UNKNOWN,10,bounded_layer_scan,8fba55cea0f98be36fab7b65349dda867a58aabfcf974a46098f5123830ac5cb
117,17,UNKNOWN,10,bounded_layer_scan,8fba55cea0f98be36fab7b65349dda867a58aabfcf974a46098f5123830ac5cb
117,18,UNKNOWN,10,bounded_layer_scan,8fba55cea0f98be36fab7b65349dda867a58aabfcf974a46098f5123830ac5cb
118,17,UNKNOWN,10,bounded_layer_scan,8fba55cea0f98be36fab7b65349dda867a58aabfcf974a46098f5123830ac5cb
118,18,SAT,10,bounded_layer_scan,f6e9975406b68b5050882c1309f65984519f38328c41ae3e5d71e2456fdfeaea
119,17,UNKNOWN,10,bounded_layer_scan,8fba55cea0f98be36fab7b65349dda867a58aabfcf974a46098f5123830ac5cb
119,18,UNKNOWN,10,bounded_layer_scan,8fba55cea0f98be36fab7b65349dda867a58aabfcf974a46098f5123830ac5cb
120,17,UNKNOWN,10,bounded_layer_scan,8fba55cea0f98be36fab7b65349dda867a58aabfcf974a46098f5123830ac5cb
120,18,UNKNOWN,10,bounded_layer_scan,8fba55cea0f98be36fab7b65349dda867a58aabfcf974a46098f5123830ac5cb
121,17,UNKNOWN,10,bounded_layer_scan,8fba55cea0f98be36fab7b65349dda867a58aabfcf974a46098f5123830ac5cb
121,18,UNKNOWN,10,bounded_layer_scan,8fba55cea0f98be36fab7b65349dda867a58aabfcf974a46098f5123830ac5cb
122,17,UNKNOWN,10,bounded_layer_scan,8fba55cea0f98be36fab7b65349dda867a58aabfcf974a46098f5123830ac5cb
122,18,UNKNOWN,10,bounded_layer_scan,8fba55cea0f98be36fab7b65349dda867a58aabfcf974a46098f5123830ac5cb
123,17,UNKNOWN,10,bounded_layer_scan,8fba55cea0f98be36fab7b65349dda867a58aabfcf974a46098f5123830ac5cb
123,18,UNKNOWN,10,bounded_layer_scan,8fba55cea0f98be36fab7b65349dda867a58aabfcf974a46098f5123830ac5cb
124,17,UNKNOWN,10,bounded_layer_scan,8fba55cea0f98be36fab7b65349dda867a58aabfcf974a46098f5123830ac5cb
124,18,UNKNOWN,10,bounded_layer_scan,8fba55cea0f98be36fab7b65349dda867a58aabfcf974a46098f5123830ac5cb
125,17,UNKNOWN,10,bounded_layer_scan,8fba55cea0f98be36fab7b65349dda867a58aabfcf974a46098f5123830ac5cb
125,18,UNKNOWN,10,bounded_layer_scan,8fba55cea0f98be36fab7b65349dda867a58aabfcf974a46098f5123830ac5cb
126,17,UNKNOWN,10,bounded_layer_scan,8fba55cea0f98be36fab7b65349dda867a58aabfcf974a46098f5123830ac5cb
126,18,UNKNOWN,10,bounded_layer_scan,8fba55cea0f98be36fab7b65349dda867a58aabfcf974a46098f5123830ac5cb
127,17,SAT,10,bounded_layer_scan,7e279ef433781d995c73a2ee54fe077063b922fedd8895457b816de9416e683a
127,18,UNKNOWN,10,bounded_layer_scan,8fba55cea0f98be36fab7b65349dda867a58aabfcf974a46098f5123830ac5cb
128,17,UNKNOWN,10,bounded_layer_scan,8fba55cea0f98be36fab7b65349dda867a58aabfcf974a46098f5123830ac5cb
128,18,UNKNOWN,10,bounded_layer_scan,8fba55cea0f98be36fab7b65349dda867a58aabfcf974a46098f5123830ac5cb
129,17,UNKNOWN,10,bounded_layer_scan,8fba55cea0f98be36fab7b65349dda867a58aabfcf974a46098f5123830ac5cb
129,18,UNKNOWN,10,bounded_layer_scan,8fba55cea0f98be36fab7b65349dda867a58aabfcf974a46098f5123830ac5cb
130,17,UNKNOWN,10,bounded_layer_scan,8fba55cea0f98be36fab7b65349dda867a58aabfcf974a46098f5123830ac5cb
130,18,UNKNOWN,10,bounded_layer_scan,8fba55cea0f98be36fab7b65349dda867a58aabfcf974a46098f5123830ac5cb
131,17,UNKNOWN,10,bounded_layer_scan,8fba55cea0f98be36fab7b65349dda867a58aabfcf974a46098f5123830ac5cb
131,18,UNKNOWN,10,bounded_layer_scan,8fba55cea0f98be36fab7b65349dda867a58aabfcf974a46098f5123830ac5cb
132,17,UNKNOWN,10,bounded_layer_scan,8fba55cea0f98be36fab7b65349dda867a58aabfcf974a46098f5123830ac5cb
132,18,UNKNOWN,10,bounded_layer_scan,8fba55cea0f98be36fab7b65349dda867a58aabfcf974a46098f5123830ac5cb
133,17,UNKNOWN,10,bounded_layer_scan,8fba55cea0f98be36fab7b65349dda867a58aabfcf974a46098f5123830ac5cb
133,18,UNKNOWN,10,bounded_layer_scan,8fba55cea0f98be36fab7b65349dda867a58aabfcf974a46098f5123830ac5cb
134,17,UNKNOWN,10,bounded_layer_scan,8fba55cea0f98be36fab7b65349dda867a58aabfcf974a46098f5123830ac5cb
134,18,UNKNOWN,10,bounded_layer_scan,8fba55cea0f98be36fab7b65349dda867a58aabfcf974a46098f5123830ac5cb
135,17,UNKNOWN,10,bounded_layer_scan,8fba55cea0f98be36fab7b65349dda867a58aabfcf974a46098f5123830ac5cb
135,18,UNKNOWN,10,bounded_layer_scan,8fba55cea0f98be36fab7b65349dda867a58aabfcf974a46098f5123830ac5cb
136,17,UNKNOWN,10,bounded_layer_scan,8fba55cea0f98be36fab7b65349dda867a58aabfcf974a46098f5123830ac5cb
136,18,UNKNOWN,10,bounded_layer_scan,8fba55cea0f98be36fab7b65349dda867a58aabfcf974a46098f5123830ac5cb
137,17,UNKNOWN,10,bounded_layer_scan,8fba55cea0f98be36fab7b65349dda867a58aabfcf974a46098f5123830ac5cb
137,18,UNKNOWN,10,bounded_layer_scan,8fba55cea0f98be36fab7b65349dda867a58aabfcf974a46098f5123830ac5cb
138,17,UNKNOWN,10,bounded_layer_scan,8fba55cea0f98be36fab7b65349dda867a58aabfcf974a46098f5123830ac5cb
138,18,UNKNOWN,10,bounded_layer_scan,8fba55cea0f98be36fab7b65349dda867a58aabfcf974a46098f5123830ac5cb
139,17,UNKNOWN,10,bounded_layer_scan,8fba55cea0f98be36fab7b65349dda867a58aabfcf974a46098f5123830ac5cb
139,18,UNKNOWN,10,bounded_layer_scan,8fba55cea0f98be36fab7b65349dda867a58aabfcf974a46098f5123830ac5cb
140,17,UNKNOWN,10,bounded_layer_scan,8fba55cea0f98be36fab7b65349dda867a58aabfcf974a46098f5123830ac5cb
140,18,UNKNOWN,10,bounded_layer_scan,8fba55cea0f98be36fab7b65349dda867a58aabfcf974a46098f5123830ac5cb
141,17,UNKNOWN,10,bounded_layer_scan,8fba55cea0f98be36fab7b65349dda867a58aabfcf974a46098f5123830ac5cb
141,18,UNKNOWN,10,bounded_layer_scan,8fba55cea0f98be36fab7b65349dda867a58aabfcf974a46098f5123830ac5cb
142,17,SAT,10,bounded_layer_scan,70ac988b2344ac3d718efebc577369afecacbb83eeb461109b84eb93f2165f8d
142,18,UNKNOWN,10,bounded_layer_scan,8fba55cea0f98be36fab7b65349dda867a58aabfcf974a46098f5123830ac5cb
143,17,SAT,10,bounded_layer_scan,a1cbd7ca12536e97cd2abf8c62128bcef78c82cfd6b45480c5244689cb7b9605
143,18,UNKNOWN,10,bounded_layer_scan,8fba55cea0f98be36fab7b65349dda867a58aabfcf974a46098f5123830ac5cb
144,17,UNKNOWN,10,bounded_layer_scan,8fba55cea0f98be36fab7b65349dda867a58aabfcf974a46098f5123830ac5cb
144,18,UNKNOWN,10,bounded_layer_scan,8fba55cea0f98be36fab7b65349dda867a58aabfcf974a46098f5123830ac5cb
145,17,SAT,10,bounded_layer_scan,e9a861322044054488760a6e2cf5e3bd407d0d4c04ed959f100f534d7a76c680
145,18,UNKNOWN,10,bounded_layer_scan,8fba55cea0f98be36fab7b65349dda867a58aabfcf974a46098f5123830ac5cb
146,17,UNKNOWN,10,bounded_layer_scan,8fba55cea0f98be36fab7b65349dda867a58aabfcf974a46098f5123830ac5cb
146,18,UNKNOWN,10,bounded_layer_scan,8fba55cea0f98be36fab7b65349dda867a58aabfcf974a46098f5123830ac5cb
147,17,UNKNOWN,10,bounded_layer_scan,8fba55cea0f98be36fab7b65349dda867a58aabfcf974a46098f5123830ac5cb
147,18,UNKNOWN,10,bounded_layer_scan,8fba55cea0f98be36fab7b65349dda867a58aabfcf974a46098f5123830ac5cb
148,17,UNKNOWN,10,bounded_layer_scan,8fba55cea0f98be36fab7b65349dda867a58aabfcf974a46098f5123830ac5cb
148,18,UNKNOWN,10,bounded_layer_scan,8fba55cea0f98be36fab7b65349dda867a58aabfcf974a46098f5123830ac5cb
149,17,UNKNOWN,10,bounded_layer_scan,8fba55cea0f98be36fab7b65349dda867a58aabfcf974a46098f5123830ac5cb
149,18,UNKNOWN,10,bounded_layer_scan,8fba55cea0f98be36fab7b65349dda867a58aabfcf974a46098f5123830ac5cb
150,17,UNKNOWN,10,bounded_layer_scan,8fba55cea0f98be36fab7b65349dda867a58aabfcf974a46098f5123830ac5cb
150,18,UNKNOWN,10,bounded_layer_scan,8fba55cea0f98be36fab7b65349dda867a58aabfcf974a46098f5123830ac5cb
151,17,UNKNOWN,10,bounded_layer_scan,8fba55cea0f98be36fab7b65349dda867a58aabfcf974a46098f5123830ac5cb
151,18,UNKNOWN,10,bounded_layer_scan,8fba55cea0f98be36fab7b65349dda867a58aabfcf974a46098f5123830ac5cb
152,17,UNKNOWN,10,bounded_layer_scan,8fba55cea0f98be36fab7b65349dda867a58aabfcf974a46098f5123830ac5cb
152,18,SAT,10,bounded_layer_scan,eb402f9ea6e1e311453d8abf76bc4b2c97d967e1772192ddcde4fa49089624fd
153,17,SAT,10,bounded_layer_scan,53b178541d38d3118cd89495f786a6c9b43d00643f82bbd6521ff185d54775c5
153,18,UNKNOWN,10,bounded_layer_scan,8fba55cea0f98be36fab7b65349dda867a58aabfcf974a46098f5123830ac5cb
154,17,UNKNOWN,10,bounded_layer_scan,8fba55cea0f98be36fab7b65349dda867a58aabfcf974a46098f5123830ac5cb
154,18,UNKNOWN,10,bounded_layer_scan,8fba55cea0f98be36fab7b65349dda867a58aabfcf974a46098f5123830ac5cb
155,17,UNKNOWN,10,bounded_layer_scan,8fba55cea0f98be36fab7b65349dda867a58aabfcf974a46098f5123830ac5cb
155,18,UNKNOWN,10,bounded_layer_scan,8fba55cea0f98be36fab7b65349dda867a58aabfcf974a46098f5123830ac5cb
156,17,UNKNOWN,10,bounded_layer_scan,8fba55cea0f98be36fab7b65349dda867a58aabfcf974a46098f5123830ac5cb
156,18,UNKNOWN,10,bounded_layer_scan,8fba55cea0f98be36fab7b65349dda867a58aabfcf974a46098f5123830ac5cb
157,17,UNKNOWN,10,bounded_layer_scan,8fba55cea0f98be36fab7b65349dda867a58aabfcf974a46098f5123830ac5cb
157,18,UNKNOWN,10,bounded_layer_scan,8fba55cea0f98be36fab7b65349dda867a58aabfcf974a46098f5123830ac5cb
158,17,UNKNOWN,10,bounded_layer_scan,8fba55cea0f98be36fab7b65349dda867a58aabfcf974a46098f5123830ac5cb
158,18,UNKNOWN,10,bounded_layer_scan,8fba55cea0f98be36fab7b65349dda867a58aabfcf974a46098f5123830ac5cb
159,17,UNKNOWN,10,bounded_layer_scan,8fba55cea0f98be36fab7b65349dda867a58aabfcf974a46098f5123830ac5cb
159,18,UNKNOWN,10,bounded_layer_scan,8fba55cea0f98be36fab7b65349dda867a58aabfcf974a46098f5123830ac5cb
160,17,UNKNOWN,10,bounded_layer_scan,8fba55cea0f98be36fab7b65349dda867a58aabfcf974a46098f5123830ac5cb
160,18,UNKNOWN,10,bounded_layer_scan,8fba55cea0f98be36fab7b65349dda867a58aabfcf974a46098f5123830ac5cb
161,17,UNKNOWN,10,bounded_layer_scan,8fba55cea0f98be36fab7b65349dda867a58aabfcf974a46098f5123830ac5cb
161,18,UNKNOWN,10,bounded_layer_scan,8fba55cea0f98be36fab7b65349dda867a58aabfcf974a46098f5123830ac5cb
162,17,UNKNOWN,10,bounded_layer_scan,8fba55cea0f98be36fab7b65349dda867a58aabfcf974a46098f5123830ac5cb
162,18,UNKNOWN,10,bounded_layer_scan,8fba55cea0f98be36fab7b65349dda867a58aabfcf974a46098f5123830ac5cb
163,17,UNKNOWN,10,bounded_layer_scan,8fba55cea0f98be36fab7b65349dda867a58aabfcf974a46098f5123830ac5cb
163,18,UNKNOWN,10,bounded_layer_scan,8fba55cea0f98be36fab7b65349dda867a58aabfcf974a46098f5123830ac5cb
164,17,UNKNOWN,10,bounded_layer_scan,8fba55cea0f98be36fab7b65349dda867a58aabfcf974a46098f5123830ac5cb
164,18,UNKNOWN,10,bounded_layer_scan,8fba55cea0f98be36fab7b65349dda867a58aabfcf974a46098f5123830ac5cb
165,17,UNKNOWN,10,bounded_layer_scan,8fba55cea0f98be36fab7b65349dda867a58aabfcf974a46098f5123830ac5cb
165,18,UNKNOWN,10,bounded_layer_scan,8fba55cea0f98be36fab7b65349dda867a58aabfcf974a46098f5123830ac5cb
166,17,UNKNOWN,10,bounded_layer_scan,8fba55cea0f98be36fab7b65349dda867a58aabfcf974a46098f5123830ac5cb
166,18,UNKNOWN,10,bounded_layer_scan,8fba55cea0f98be36fab7b65349dda867a58aabfcf974a46098f5123830ac5cb
167,17,UNKNOWN,10,bounded_layer_scan,8fba55cea0f98be36fab7b65349dda867a58aabfcf974a46098f5123830ac5cb
167,18,SAT,10,bounded_layer_scan,d35f46dc108de99056b0bc6076a84e81ed36a7cda589097a272524f0dea1c5de
168,17,UNKNOWN,10,bounded_layer_scan,8fba55cea0f98be36fab7b65349dda867a58aabfcf974a46098f5123830ac5cb
168,18,UNKNOWN,10,bounded_layer_scan,8fba55cea0f98be36fab7b65349dda867a58aabfcf974a46098f5123830ac5cb
169,17,UNKNOWN,10,bounded_layer_scan,8fba55cea0f98be36fab7b65349dda867a58aabfcf974a46098f5123830ac5cb
169,18,UNKNOWN,10,bounded_layer_scan,8fba55cea0f98be36fab7b65349dda867a58aabfcf974a46098f5123830ac5cb
170,17,UNKNOWN,10,bounded_layer_scan,8fba55cea0f98be36fab7b65349dda867a58aabfcf974a46098f5123830ac5cb
170,18,UNKNOWN,10,bounded_layer_scan,8fba55cea0f98be36fab7b65349dda867a58aabfcf974a46098f5123830ac5cb
171,17,UNKNOWN,10,bounded_layer_scan,8fba55cea0f98be36fab7b65349dda867a58aabfcf974a46098f5123830ac5cb
171,18,UNKNOWN,10,bounded_layer_scan,8fba55cea0f98be36fab7b65349dda867a58aabfcf974a46098f5123830ac5cb
172,17,SAT,10,bounded_layer_scan,f3ac12ab72be103c85f2b8920263b52d80d294a1325429e882f1f41f729ed35a
172,18,UNKNOWN,10,bounded_layer_scan,8fba55cea0f98be36fab7b65349dda867a58aabfcf974a46098f5123830ac5cb
173,17,UNKNOWN,10,bounded_layer_scan,8fba55cea0f98be36fab7b65349dda867a58aabfcf974a46098f5123830ac5cb
173,18,UNKNOWN,10,bounded_layer_scan,8fba55cea0f98be36fab7b65349dda867a58aabfcf974a46098f5123830ac5cb
174,17,UNKNOWN,10,bounded_layer_scan,8fba55cea0f98be36fab7b65349dda867a58aabfcf974a46098f5123830ac5cb
174,18,UNKNOWN,10,bounded_layer_scan,8fba55cea0f98be36fab7b65349dda867a58aabfcf974a46098f5123830ac5cb
175,17,UNKNOWN,10,bounded_layer_scan,8fba55cea0f98be36fab7b65349dda867a58aabfcf974a46098f5123830ac5cb
175,18,UNKNOWN,10,bounded_layer_scan,8fba55cea0f98be36fab7b65349dda867a58aabfcf974a46098f5123830ac5cb
176,17,UNKNOWN,10,bounded_layer_scan,8fba55cea0f98be36fab7b65349dda867a58aabfcf974a46098f5123830ac5cb
176,18,UNKNOWN,10,bounded_layer_scan,8fba55cea0f98be36fab7b65349dda867a58aabfcf974a46098f5123830ac5cb
177,17,UNKNOWN,10,bounded_layer_scan,8fba55cea0f98be36fab7b65349dda867a58aabfcf974a46098f5123830ac5cb
177,18,UNKNOWN,10,bounded_layer_scan,8fba55cea0f98be36fab7b65349dda867a58aabfcf974a46098f5123830ac5cb
178,17,UNKNOWN,10,bounded_layer_scan,8fba55cea0f98be36fab7b65349dda867a58aabfcf974a46098f5123830ac5cb
178,18,UNKNOWN,10,bounded_layer_scan,8fba55cea0f98be36fab7b65349dda867a58aabfcf974a46098f5123830ac5cb
179,17,UNKNOWN,10,bounded_layer_scan,8fba55cea0f98be36fab7b65349dda867a58aabfcf974a46098f5123830ac5cb
179,18,UNKNOWN,10,bounded_layer_scan,8fba55cea0f98be36fab7b65349dda867a58aabfcf974a46098f5123830ac5cb
180,17,UNKNOWN,10,bounded_layer_scan,8fba55cea0f98be36fab7b65349dda867a58aabfcf974a46098f5123830ac5cb
180,18,UNKNOWN,10,bounded_layer_scan,8fba55cea0f98be36fab7b65349dda867a58aabfcf974a46098f5123830ac5cb
181,17,UNKNOWN,10,bounded_layer_scan,8fba55cea0f98be36fab7b65349dda867a58aabfcf974a46098f5123830ac5cb
181,18,UNKNOWN,10,bounded_layer_scan,8fba55cea0f98be36fab7b65349dda867a58aabfcf974a46098f5123830ac5cb
182,17,UNKNOWN,10,bounded_layer_scan,8fba55cea0f98be36fab7b65349dda867a58aabfcf974a46098f5123830ac5cb
182,18,UNKNOWN,10,bounded_layer_scan,8fba55cea0f98be36fab7b65349dda867a58aabfcf974a46098f5123830ac5cb
183,17,UNKNOWN,10,bounded_layer_scan,8fba55cea0f98be36fab7b65349dda867a58aabfcf974a46098f5123830ac5cb
183,18,UNKNOWN,10,bounded_layer_scan,8fba55cea0f98be36fab7b65349dda867a58aabfcf974a46098f5123830ac5cb
184,17,SAT,10,bounded_layer_scan,8092664b1ed82c34bf545a560c06d24a85a2657c2ac1ecfc6e87620788fddaf2
184,18,UNKNOWN,10,bounded_layer_scan,8fba55cea0f98be36fab7b65349dda867a58aabfcf974a46098f5123830ac5cb
185,17,UNKNOWN,10,bounded_layer_scan,8fba55cea0f98be36fab7b65349dda867a58aabfcf974a46098f5123830ac5cb
185,18,UNKNOWN,10,bounded_layer_scan,8fba55cea0f98be36fab7b65349dda867a58aabfcf974a46098f5123830ac5cb
186,17,UNKNOWN,10,bounded_layer_scan,8fba55cea0f98be36fab7b65349dda867a58aabfcf974a46098f5123830ac5cb
186,18,UNKNOWN,10,bounded_layer_scan,8fba55cea0f98be36fab7b65349dda867a58aabfcf974a46098f5123830ac5cb
187,17,UNKNOWN,10,bounded_layer_scan,8fba55cea0f98be36fab7b65349dda867a58aabfcf974a46098f5123830ac5cb
187,18,UNKNOWN,10,bounded_layer_scan,8fba55cea0f98be36fab7b65349dda867a58aabfcf974a46098f5123830ac5cb
188,17,UNKNOWN,10,bounded_layer_scan,8fba55cea0f98be36fab7b65349dda867a58aabfcf974a46098f5123830ac5cb
188,18,UNKNOWN,10,bounded_layer_scan,8fba55cea0f98be36fab7b65349dda867a58aabfcf974a46098f5123830ac5cb
189,17,UNKNOWN,10,bounded_layer_scan,8fba55cea0f98be36fab7b65349dda867a58aabfcf974a46098f5123830ac5cb
189,18,UNKNOWN,10,bounded_layer_scan,8fba55cea0f98be36fab7b65349dda867a58aabfcf974a46098f5123830ac5cb
190,17,UNKNOWN,10,bounded_layer_scan,8fba55cea0f98be36fab7b65349dda867a58aabfcf974a46098f5123830ac5cb
190,18,UNKNOWN,10,bounded_layer_scan,8fba55cea0f98be36fab7b65349dda867a58aabfcf974a46098f5123830ac5cb
191,17,UNKNOWN,10,bounded_layer_scan,8fba55cea0f98be36fab7b65349dda867a58aabfcf974a46098f5123830ac5cb
191,18,SAT,10,bounded_layer_scan,127197c00ab65686902cafed20d4bcb637074c29614fc7306850b953cd5cce8b
192,17,UNKNOWN,10,bounded_layer_scan,8fba55cea0f98be36fab7b65349dda867a58aabfcf974a46098f5123830ac5cb
192,18,UNKNOWN,10,bounded_layer_scan,8fba55cea0f98be36fab7b65349dda867a58aabfcf974a46098f5123830ac5cb
193,17,UNKNOWN,10,bounded_layer_scan,8fba55cea0f98be36fab7b65349dda867a58aabfcf974a46098f5123830ac5cb
193,18,UNKNOWN,10,bounded_layer_scan,8fba55cea0f98be36fab7b65349dda867a58aabfcf974a46098f5123830ac5cb
194,17,UNKNOWN,10,bounded_layer_scan,8fba55cea0f98be36fab7b65349dda867a58aabfcf974a46098f5123830ac5cb
194,18,UNKNOWN,10,bounded_layer_scan,8fba55cea0f98be36fab7b65349dda867a58aabfcf974a46098f5123830ac5cb
195,17,UNKNOWN,10,bounded_layer_scan,8fba55cea0f98be36fab7b65349dda867a58aabfcf974a46098f5123830ac5cb
195,18,UNKNOWN,10,bounded_layer_scan,8fba55cea0f98be36fab7b65349dda867a58aabfcf974a46098f5123830ac5cb
196,17,UNKNOWN,10,bounded_layer_scan,8fba55cea0f98be36fab7b65349dda867a58aabfcf974a46098f5123830ac5cb
196,18,UNKNOWN,10,bounded_layer_scan,8fba55cea0f98be36fab7b65349dda867a58aabfcf974a46098f5123830ac5cb
197,17,UNKNOWN,10,bounded_layer_scan,8fba55cea0f98be36fab7b65349dda867a58aabfcf974a46098f5123830ac5cb
197,18,UNKNOWN,10,bounded_layer_scan,8fba55cea0f98be36fab7b65349dda867a58aabfcf974a46098f5123830ac5cb
198,17,UNKNOWN,10,bounded_layer_scan,8fba55cea0f98be36fab7b65349dda867a58aabfcf974a46098f5123830ac5cb
198,18,UNKNOWN,10,bounded_layer_scan,8fba55cea0f98be36fab7b65349dda867a58aabfcf974a46098f5123830ac5cb
199,17,UNKNOWN,10,bounded_layer_scan,8fba55cea0f98be36fab7b65349dda867a58aabfcf974a46098f5123830ac5cb
199,18,UNKNOWN,10,bounded_layer_scan,8fba55cea0f98be36fab7b65349dda867a58aabfcf974a46098f5123830ac5cb
200,17,UNKNOWN,10,bounded_layer_scan,8fba55cea0f98be36fab7b65349dda867a58aabfcf974a46098f5123830ac5cb
200,18,UNKNOWN,10,bounded_layer_scan,8fba55cea0f98be36fab7b65349dda867a58aabfcf974a46098f5123830ac5cb
201,17,UNKNOWN,10,bounded_layer_scan,8fba55cea0f98be36fab7b65349dda867a58aabfcf974a46098f5123830ac5cb
201,18,UNKNOWN,10,bounded_layer_scan,8fba55cea0f98be36fab7b65349dda867a58aabfcf974a46098f5123830ac5cb
202,17,UNKNOWN,10,bounded_layer_scan,8fba55cea0f98be36fab7b65349dda867a58aabfcf974a46098f5123830ac5cb
202,18,UNKNOWN,10,bounded_layer_scan,8fba55cea0f98be36fab7b65349dda867a58aabfcf974a46098f5123830ac5cb
203,17,UNKNOWN,10,bounded_layer_scan,8fba55cea0f98be36fab7b65349dda867a58aabfcf974a46098f5123830ac5cb
203,18,UNKNOWN,10,bounded_layer_scan,8fba55cea0f98be36fab7b65349dda867a58aabfcf974a46098f5123830ac5cb
204,17,UNKNOWN,10,bounded_layer_scan,8fba55cea0f98be36fab7b65349dda867a58aabfcf974a46098f5123830ac5cb
204,18,UNKNOWN,10,bounded_layer_scan,8fba55cea0f98be36fab7b65349dda867a58aabfcf974a46098f5123830ac5cb
205,17,SAT,10,bounded_layer_scan,233132cf204d28055bae5bbec9d4109fefb52b9d744bf3671c3ed2516e8cb99f
205,18,UNKNOWN,10,bounded_layer_scan,8fba55cea0f98be36fab7b65349dda867a58aabfcf974a46098f5123830ac5cb
206,17,UNKNOWN,10,bounded_layer_scan,8fba55cea0f98be36fab7b65349dda867a58aabfcf974a46098f5123830ac5cb
206,18,UNKNOWN,10,bounded_layer_scan,8fba55cea0f98be36fab7b65349dda867a58aabfcf974a46098f5123830ac5cb
207,17,UNKNOWN,10,bounded_layer_scan,8fba55cea0f98be36fab7b65349dda867a58aabfcf974a46098f5123830ac5cb
207,18,UNKNOWN,10,bounded_layer_scan,8fba55cea0f98be36fab7b65349dda867a58aabfcf974a46098f5123830ac5cb
208,17,UNKNOWN,10,bounded_layer_scan,8fba55cea0f98be36fab7b65349dda867a58aabfcf974a46098f5123830ac5cb
208,18,UNKNOWN,10,bounded_layer_scan,8fba55cea0f98be36fab7b65349dda867a58aabfcf974a46098f5123830ac5cb
209,17,UNKNOWN,10,bounded_layer_scan,8fba55cea0f98be36fab7b65349dda867a58aabfcf974a46098f5123830ac5cb
209,18,UNKNOWN,10,bounded_layer_scan,8fba55cea0f98be36fab7b65349dda867a58aabfcf974a46098f5123830ac5cb
210,17,UNKNOWN,10,bounded_layer_scan,8fba55cea0f98be36fab7b65349dda867a58aabfcf974a46098f5123830ac5cb
210,18,UNKNOWN,10,bounded_layer_scan,8fba55cea0f98be36fab7b65349dda867a58aabfcf974a46098f5123830ac5cb
211,17,SAT,10,bounded_layer_scan,16f968478f44cecdba705a406894ebad5ef1b336a22497b9edecf0a695a609c7
211,18,UNKNOWN,10,bounded_layer_scan,8fba55cea0f98be36fab7b65349dda867a58aabfcf974a46098f5123830ac5cb
212,17,UNKNOWN,10,bounded_layer_scan,8fba55cea0f98be36fab7b65349dda867a58aabfcf974a46098f5123830ac5cb
212,18,UNKNOWN,10,bounded_layer_scan,8fba55cea0f98be36fab7b65349dda867a58aabfcf974a46098f5123830ac5cb
213,17,UNKNOWN,10,bounded_layer_scan,8fba55cea0f98be36fab7b65349dda867a58aabfcf974a46098f5123830ac5cb
213,18,UNKNOWN,10,bounded_layer_scan,8fba55cea0f98be36fab7b65349dda867a58aabfcf974a46098f5123830ac5cb
214,17,SAT,10,bounded_layer_scan,9abb4d382af18ee2d01610f8e1f9a6e926179e533bb1f9588323c2a90ab0658f
214,18,UNKNOWN,10,bounded_layer_scan,8fba55cea0f98be36fab7b65349dda867a58aabfcf974a46098f5123830ac5cb
215,17,UNKNOWN,10,bounded_layer_scan,8fba55cea0f98be36fab7b65349dda867a58aabfcf974a46098f5123830ac5cb
215,18,UNKNOWN,10,bounded_layer_scan,8fba55cea0f98be36fab7b65349dda867a58aabfcf974a46098f5123830ac5cb
216,17,UNKNOWN,10,bounded_layer_scan,8fba55cea0f98be36fab7b65349dda867a58aabfcf974a46098f5123830ac5cb
216,18,UNKNOWN,10,bounded_layer_scan,8fba55cea0f98be36fab7b65349dda867a58aabfcf974a46098f5123830ac5cb
217,17,UNKNOWN,10,bounded_layer_scan,8fba55cea0f98be36fab7b65349dda867a58aabfcf974a46098f5123830ac5cb
217,18,UNKNOWN,10,bounded_layer_scan,8fba55cea0f98be36fab7b65349dda867a58aabfcf974a46098f5123830ac5cb
218,17,UNKNOWN,10,bounded_layer_scan,8fba55cea0f98be36fab7b65349dda867a58aabfcf974a46098f5123830ac5cb
218,18,UNKNOWN,10,bounded_layer_scan,8fba55cea0f98be36fab7b65349dda867a58aabfcf974a46098f5123830ac5cb
219,17,UNKNOWN,10,bounded_layer_scan,8fba55cea0f98be36fab7b65349dda867a58aabfcf974a46098f5123830ac5cb
219,18,UNKNOWN,10,bounded_layer_scan,8fba55cea0f98be36fab7b65349dda867a58aabfcf974a46098f5123830ac5cb
220,17,UNKNOWN,10,bounded_layer_scan,8fba55cea0f98be36fab7b65349dda867a58aabfcf974a46098f5123830ac5cb
220,18,UNKNOWN,10,bounded_layer_scan,8fba55cea0f98be36fab7b65349dda867a58aabfcf974a46098f5123830ac5cb
221,17,SAT,10,bounded_layer_scan,f6a1421f0ff0fab1ade3ad46d6746505203ef8390c22b03ba785fdac42b3af3f
221,18,UNKNOWN,10,bounded_layer_scan,8fba55cea0f98be36fab7b65349dda867a58aabfcf974a46098f5123830ac5cb
222,17,UNKNOWN,10,bounded_layer_scan,8fba55cea0f98be36fab7b65349dda867a58aabfcf974a46098f5123830ac5cb
222,18,UNKNOWN,10,bounded_layer_scan,8fba55cea0f98be36fab7b65349dda867a58aabfcf974a46098f5123830ac5cb
223,17,UNKNOWN,10,bounded_layer_scan,8fba55cea0f98be36fab7b65349dda867a58aabfcf974a46098f5123830ac5cb
223,18,UNKNOWN,10,bounded_layer_scan,8fba55cea0f98be36fab7b65349dda867a58aabfcf974a46098f5123830ac5cb
224,17,UNKNOWN,10,bounded_layer_scan,8fba55cea0f98be36fab7b65349dda867a58aabfcf974a46098f5123830ac5cb
224,18,UNKNOWN,10,bounded_layer_scan,8fba55cea0f98be36fab7b65349dda867a58aabfcf974a46098f5123830ac5cb
225,17,UNKNOWN,10,bounded_layer_scan,8fba55cea0f98be36fab7b65349dda867a58aabfcf974a46098f5123830ac5cb
225,18,UNKNOWN,10,bounded_layer_scan,8fba55cea0f98be36fab7b65349dda867a58aabfcf974a46098f5123830ac5cb
226,17,UNKNOWN,10,bounded_layer_scan,8fba55cea0f98be36fab7b65349dda867a58aabfcf974a46098f5123830ac5cb
226,18,UNKNOWN,10,bounded_layer_scan,8fba55cea0f98be36fab7b65349dda867a58aabfcf974a46098f5123830ac5cb
227,17,UNKNOWN,10,bounded_layer_scan,8fba55cea0f98be36fab7b65349dda867a58aabfcf974a46098f5123830ac5cb
227,18,UNKNOWN,10,bounded_layer_scan,8fba55cea0f98be36fab7b65349dda867a58aabfcf974a46098f5123830ac5cb
228,17,UNKNOWN,10,bounded_layer_scan,8fba55cea0f98be36fab7b65349dda867a58aabfcf974a46098f5123830ac5cb
228,18,UNKNOWN,10,bounded_layer_scan,8fba55cea0f98be36fab7b65349dda867a58aabfcf974a46098f5123830ac5cb
229,17,UNKNOWN,10,bounded_layer_scan,8fba55cea0f98be36fab7b65349dda867a58aabfcf974a46098f5123830ac5cb
229,18,UNKNOWN,10,bounded_layer_scan,8fba55cea0f98be36fab7b65349dda867a58aabfcf974a46098f5123830ac5cb
230,17,UNKNOWN,10,bounded_layer_scan,8fba55cea0f98be36fab7b65349dda867a58aabfcf974a46098f5123830ac5cb
230,18,UNKNOWN,10,bounded_layer_scan,8fba55cea0f98be36fab7b65349dda867a58aabfcf974a46098f5123830ac5cb
231,17,UNKNOWN,10,bounded_layer_scan,8fba55cea0f98be36fab7b65349dda867a58aabfcf974a46098f5123830ac5cb
231,18,SAT,10,bounded_layer_scan,2a749279af8d49ca3c88a0bca9ecffabb1cec058dd0619ca1befcf24b3500323
232,17,UNKNOWN,10,bounded_layer_scan,8fba55cea0f98be36fab7b65349dda867a58aabfcf974a46098f5123830ac5cb
232,18,UNKNOWN,10,bounded_layer_scan,8fba55cea0f98be36fab7b65349dda867a58aabfcf974a46098f5123830ac5cb
233,17,UNKNOWN,10,bounded_layer_scan,8fba55cea0f98be36fab7b65349dda867a58aabfcf974a46098f5123830ac5cb
233,18,SAT,10,bounded_layer_scan,b1f208b20ab3eb830f1c3e30077ad0c64ccc048b1a24f268774e395a4cd9fcd1
234,17,UNKNOWN,10,bounded_layer_scan,8fba55cea0f98be36fab7b65349dda867a58aabfcf974a46098f5123830ac5cb
234,18,UNKNOWN,10,bounded_layer_scan,8fba55cea0f98be36fab7b65349dda867a58aabfcf974a46098f5123830ac5cb
235,17,UNKNOWN,10,bounded_layer_scan,8fba55cea0f98be36fab7b65349dda867a58aabfcf974a46098f5123830ac5cb
235,18,UNKNOWN,10,bounded_layer_scan,8fba55cea0f98be36fab7b65349dda867a58aabfcf974a46098f5123830ac5cb
236,17,UNKNOWN,10,bounded_layer_scan,8fba55cea0f98be36fab7b65349dda867a58aabfcf974a46098f5123830ac5cb
236,18,UNKNOWN,10,bounded_layer_scan,8fba55cea0f98be36fab7b65349dda867a58aabfcf974a46098f5123830ac5cb
237,17,UNKNOWN,10,bounded_layer_scan,8fba55cea0f98be36fab7b65349dda867a58aabfcf974a46098f5123830ac5cb
237,18,UNKNOWN,10,bounded_layer_scan,8fba55cea0f98be36fab7b65349dda867a58aabfcf974a46098f5123830ac5cb
238,17,UNKNOWN,10,bounded_layer_scan,8fba55cea0f98be36fab7b65349dda867a58aabfcf974a46098f5123830ac5cb
238,18,UNKNOWN,10,bounded_layer_scan,8fba55cea0f98be36fab7b65349dda867a58aabfcf974a46098f5123830ac5cb
239,17,UNKNOWN,10,bounded_layer_scan,8fba55cea0f98be36fab7b65349dda867a58aabfcf974a46098f5123830ac5cb
239,18,UNKNOWN,10,bounded_layer_scan,8fba55cea0f98be36fab7b65349dda867a58aabfcf974a46098f5123830ac5cb
240,17,UNKNOWN,10,bounded_layer_scan,8fba55cea0f98be36fab7b65349dda867a58aabfcf974a46098f5123830ac5cb
240,18,UNKNOWN,10,bounded_layer_scan,8fba55cea0f98be36fab7b65349dda867a58aabfcf974a46098f5123830ac5cb
241,17,SAT,10,bounded_layer_scan,7753acadeb8edfe446f4ba1ad5ad094f7ea977b16b3d441968694616babe5f13
241,18,UNKNOWN,10,bounded_layer_scan,8fba55cea0f98be36fab7b65349dda867a58aabfcf974a46098f5123830ac5cb
242,17,UNKNOWN,10,bounded_layer_scan,8fba55cea0f98be36fab7b65349dda867a58aabfcf974a46098f5123830ac5cb
242,18,UNKNOWN,10,bounded_layer_scan,8fba55cea0f98be36fab7b65349dda867a58aabfcf974a46098f5123830ac5cb
243,17,UNKNOWN,10,bounded_layer_scan,8fba55cea0f98be36fab7b65349dda867a58aabfcf974a46098f5123830ac5cb
243,18,UNKNOWN,10,bounded_layer_scan,8fba55cea0f98be36fab7b65349dda867a58aabfcf974a46098f5123830ac5cb
244,17,SAT,10,bounded_layer_scan,fb477d9070c35a1b9cbd055a373f1d3fb29d3591f0eafde4cdb8f5e54e09b86b
244,18,UNKNOWN,10,bounded_layer_scan,8fba55cea0f98be36fab7b65349dda867a58aabfcf974a46098f5123830ac5cb
245,17,UNKNOWN,10,bounded_layer_scan,8fba55cea0f98be36fab7b65349dda867a58aabfcf974a46098f5123830ac5cb
245,18,UNKNOWN,10,bounded_layer_scan,8fba55cea0f98be36fab7b65349dda867a58aabfcf974a46098f5123830ac5cb
246,17,UNKNOWN,10,bounded_layer_scan,8fba55cea0f98be36fab7b65349dda867a58aabfcf974a46098f5123830ac5cb
246,18,UNKNOWN,10,bounded_layer_scan,8fba55cea0f98be36fab7b65349dda867a58aabfcf974a46098f5123830ac5cb
247,17,UNKNOWN,10,bounded_layer_scan,8fba55cea0f98be36fab7b65349dda867a58aabfcf974a46098f5123830ac5cb
247,18,UNKNOWN,10,bounded_layer_scan,8fba55cea0f98be36fab7b65349dda867a58aabfcf974a46098f5123830ac5cb
248,17,SAT,10,bounded_layer_scan,93c20525060c64006807840d852adb1eda67225a5b41512e2fd94440b4d8255b
248,18,UNKNOWN,10,bounded_layer_scan,8fba55cea0f98be36fab7b65349dda867a58aabfcf974a46098f5123830ac5cb
249,17,UNKNOWN,10,bounded_layer_scan,8fba55cea0f98be36fab7b65349dda867a58aabfcf974a46098f5123830ac5cb
249,18,UNKNOWN,10,bounded_layer_scan,8fba55cea0f98be36fab7b65349dda867a58aabfcf974a46098f5123830ac5cb
250,17,UNKNOWN,10,bounded_layer_scan,8fba55cea0f98be36fab7b65349dda867a58aabfcf974a46098f5123830ac5cb
250,18,UNKNOWN,10,bounded_layer_scan,8fba55cea0f98be36fab7b65349dda867a58aabfcf974a46098f5123830ac5cb
251,17,UNKNOWN,10,bounded_layer_scan,8fba55cea0f98be36fab7b65349dda867a58aabfcf974a46098f5123830ac5cb
251,18,UNKNOWN,10,bounded_layer_scan,8fba55cea0f98be36fab7b65349dda867a58aabfcf974a46098f5123830ac5cb
252,17,UNKNOWN,10,bounded_layer_scan,8fba55cea0f98be36fab7b65349dda867a58aabfcf974a46098f5123830ac5cb
252,18,UNKNOWN,10,bounded_layer_scan,8fba55cea0f98be36fab7b65349dda867a58aabfcf974a46098f5123830ac5cb
253,17,UNKNOWN,10,bounded_layer_scan,8fba55cea0f98be36fab7b65349dda867a58aabfcf974a46098f5123830ac5cb
253,18,UNKNOWN,10,bounded_layer_scan,8fba55cea0f98be36fab7b65349dda867a58aabfcf974a46098f5123830ac5cb
254,17,UNKNOWN,10,bounded_layer_scan,8fba55cea0f98be36fab7b65349dda867a58aabfcf974a46098f5123830ac5cb
254,18,UNKNOWN,10,bounded_layer_scan,8fba55cea0f98be36fab7b65349dda867a58aabfcf974a46098f5123830ac5cb
255,17,UNKNOWN,10,bounded_layer_scan,8fba55cea0f98be36fab7b65349dda867a58aabfcf974a46098f5123830ac5cb
255,18,UNKNOWN,10,bounded_layer_scan,8fba55cea0f98be36fab7b65349dda867a58aabfcf974a46098f5123830ac5cb
256,17,UNKNOWN,10,bounded_layer_scan,8fba55cea0f98be36fab7b65349dda867a58aabfcf974a46098f5123830ac5cb
256,18,UNKNOWN,10,bounded_layer_scan,8fba55cea0f98be36fab7b65349dda867a58aabfcf974a46098f5123830ac5cb
257,17,UNKNOWN,10,bounded_layer_scan,8fba55cea0f98be36fab7b65349dda867a58aabfcf974a46098f5123830ac5cb
257,18,SAT,10,bounded_layer_scan,d1bf1704f4e1d324679843f07b752aa9d8dc2f152a6234671dd625df659ae445
258,17,UNKNOWN,10,bounded_layer_scan,8fba55cea0f98be36fab7b65349dda867a58aabfcf974a46098f5123830ac5cb
258,18,UNKNOWN,10,bounded_layer_scan,8fba55cea0f98be36fab7b65349dda867a58aabfcf974a46098f5123830ac5cb
259,17,UNKNOWN,10,bounded_layer_scan,8fba55cea0f98be36fab7b65349dda867a58aabfcf974a46098f5123830ac5cb
259,18,UNKNOWN,10,bounded_layer_scan,8fba55cea0f98be36fab7b65349dda867a58aabfcf974a46098f5123830ac5cb
260,17,UNKNOWN,10,bounded_layer_scan,8fba55cea0f98be36fab7b65349dda867a58aabfcf974a46098f5123830ac5cb
260,18,SAT,10,bounded_layer_scan,4cd2a5599ce9a580d0b8ee1c7545a72d7f5f7fdcf1696094b421c1d125334dbf
261,17,UNKNOWN,10,bounded_layer_scan,8fba55cea0f98be36fab7b65349dda867a58aabfcf974a46098f5123830ac5cb
261,18,UNKNOWN,10,bounded_layer_scan,8fba55cea0f98be36fab7b65349dda867a58aabfcf974a46098f5123830ac5cb
262,17,UNKNOWN,10,bounded_layer_scan,8fba55cea0f98be36fab7b65349dda867a58aabfcf974a46098f5123830ac5cb
262,18,UNKNOWN,10,bounded_layer_scan,8fba55cea0f98be36fab7b65349dda867a58aabfcf974a46098f5123830ac5cb
263,17,UNKNOWN,10,bounded_layer_scan,8fba55cea0f98be36fab7b65349dda867a58aabfcf974a46098f5123830ac5cb
263,18,UNKNOWN,10,bounded_layer_scan,8fba55cea0f98be36fab7b65349dda867a58aabfcf974a46098f5123830ac5cb
264,17,UNKNOWN,10,bounded_layer_scan,8fba55cea0f98be36fab7b65349dda867a58aabfcf974a46098f5123830ac5cb
264,18,UNKNOWN,10,bounded_layer_scan,8fba55cea0f98be36fab7b65349dda867a58aabfcf974a46098f5123830ac5cb
265,17,UNKNOWN,10,bounded_layer_scan,8fba55cea0f98be36fab7b65349dda867a58aabfcf974a46098f5123830ac5cb
265,18,UNKNOWN,10,bounded_layer_scan,8fba55cea0f98be36fab7b65349dda867a58aabfcf974a46098f5123830ac5cb
266,17,UNKNOWN,10,bounded_layer_scan,8fba55cea0f98be36fab7b65349dda867a58aabfcf974a46098f5123830ac5cb
266,18,UNKNOWN,10,bounded_layer_scan,8fba55cea0f98be36fab7b65349dda867a58aabfcf974a46098f5123830ac5cb
267,17,UNKNOWN,10,bounded_layer_scan,8fba55cea0f98be36fab7b65349dda867a58aabfcf974a46098f5123830ac5cb
267,18,UNKNOWN,10,bounded_layer_scan,8fba55cea0f98be36fab7b65349dda867a58aabfcf974a46098f5123830ac5cb
268,17,UNKNOWN,10,bounded_layer_scan,8fba55cea0f98be36fab7b65349dda867a58aabfcf974a46098f5123830ac5cb
268,18,UNKNOWN,10,bounded_layer_scan,8fba55cea0f98be36fab7b65349dda867a58aabfcf974a46098f5123830ac5cb
269,17,UNKNOWN,10,bounded_layer_scan,8fba55cea0f98be36fab7b65349dda867a58aabfcf974a46098f5123830ac5cb
269,18,UNKNOWN,10,bounded_layer_scan,8fba55cea0f98be36fab7b65349dda867a58aabfcf974a46098f5123830ac5cb
270,17,UNKNOWN,10,bounded_layer_scan,8fba55cea0f98be36fab7b65349dda867a58aabfcf974a46098f5123830ac5cb
270,18,UNKNOWN,10,bounded_layer_scan,8fba55cea0f98be36fab7b65349dda867a58aabfcf974a46098f5123830ac5cb
271,17,UNKNOWN,10,bounded_layer_scan,8fba55cea0f98be36fab7b65349dda867a58aabfcf974a46098f5123830ac5cb
271,18,UNKNOWN,10,bounded_layer_scan,8fba55cea0f98be36fab7b65349dda867a58aabfcf974a46098f5123830ac5cb
272,17,UNKNOWN,10,bounded_layer_scan,8fba55cea0f98be36fab7b65349dda867a58aabfcf974a46098f5123830ac5cb
272,18,SAT,10,bounded_layer_scan,4fe8ff4d85affa583dc2a6569a1003ef189064979eb51b2e7ca0277dfe01cc2c
273,17,UNKNOWN,10,bounded_layer_scan,8fba55cea0f98be36fab7b65349dda867a58aabfcf974a46098f5123830ac5cb
273,18,UNKNOWN,10,bounded_layer_scan,8fba55cea0f98be36fab7b65349dda867a58aabfcf974a46098f5123830ac5cb
274,17,UNKNOWN,10,bounded_layer_scan,8fba55cea0f98be36fab7b65349dda867a58aabfcf974a46098f5123830ac5cb
274,18,UNKNOWN,10,bounded_layer_scan,8fba55cea0f98be36fab7b65349dda867a58aabfcf974a46098f5123830ac5cb
275,17,UNKNOWN,10,bounded_layer_scan,8fba55cea0f98be36fab7b65349dda867a58aabfcf974a46098f5123830ac5cb
275,18,UNKNOWN,10,bounded_layer_scan,8fba55cea0f98be36fab7b65349dda867a58aabfcf974a46098f5123830ac5cb
276,17,UNKNOWN,10,bounded_layer_scan,8fba55cea0f98be36fab7b65349dda867a58aabfcf974a46098f5123830ac5cb
276,18,UNKNOWN,10,bounded_layer_scan,8fba55cea0f98be36fab7b65349dda867a58aabfcf974a46098f5123830ac5cb
277,17,UNKNOWN,10,bounded_layer_scan,8fba55cea0f98be36fab7b65349dda867a58aabfcf974a46098f5123830ac5cb
277,18,UNKNOWN,10,bounded_layer_scan,8fba55cea0f98be36fab7b65349dda867a58aabfcf974a46098f5123830ac5cb
278,17,UNKNOWN,10,bounded_layer_scan,8fba55cea0f98be36fab7b65349dda867a58aabfcf974a46098f5123830ac5cb
278,18,UNKNOWN,10,bounded_layer_scan,8fba55cea0f98be36fab7b65349dda867a58aabfcf974a46098f5123830ac5cb
279,17,UNKNOWN,10,bounded_layer_scan,8fba55cea0f98be36fab7b65349dda867a58aabfcf974a46098f5123830ac5cb
279,18,UNKNOWN,10,bounded_layer_scan,8fba55cea0f98be36fab7b65349dda867a58aabfcf974a46098f5123830ac5cb
280,17,UNKNOWN,10,bounded_layer_scan,8fba55cea0f98be36fab7b65349dda867a58aabfcf974a46098f5123830ac5cb
280,18,UNKNOWN,10,bounded_layer_scan,8fba55cea0f98be36fab7b65349dda867a58aabfcf974a46098f5123830ac5cb
281,17,UNKNOWN,10,bounded_layer_scan,8fba55cea0f98be36fab7b65349dda867a58aabfcf974a46098f5123830ac5cb
281,18,UNKNOWN,10,bounded_layer_scan,8fba55cea0f98be36fab7b65349dda867a58aabfcf974a46098f5123830ac5cb
282,17,UNKNOWN,10,bounded_layer_scan,8fba55cea0f98be36fab7b65349dda867a58aabfcf974a46098f5123830ac5cb
282,18,UNKNOWN,10,bounded_layer_scan,8fba55cea0f98be36fab7b65349dda867a58aabfcf974a46098f5123830ac5cb
283,17,UNKNOWN,10,bounded_layer_scan,8fba55cea0f98be36fab7b65349dda867a58aabfcf974a46098f5123830ac5cb
283,18,UNKNOWN,10,bounded_layer_scan,8fba55cea0f98be36fab7b65349dda867a58aabfcf974a46098f5123830ac5cb
284,17,UNKNOWN,10,bounded_layer_scan,8fba55cea0f98be36fab7b65349dda867a58aabfcf974a46098f5123830ac5cb
284,18,UNKNOWN,10,bounded_layer_scan,8fba55cea0f98be36fab7b65349dda867a58aabfcf974a46098f5123830ac5cb
285,17,UNKNOWN,10,bounded_layer_scan,8fba55cea0f98be36fab7b65349dda867a58aabfcf974a46098f5123830ac5cb
285,18,SAT,10,bounded_layer_scan,b6466aded6550e22cc8ed9ac9449648f32c7d6840d13ffa280e6f6c405749e83
286,17,UNKNOWN,10,bounded_layer_scan,8fba55cea0f98be36fab7b65349dda867a58aabfcf974a46098f5123830ac5cb
286,18,UNKNOWN,10,bounded_layer_scan,8fba55cea0f98be36fab7b65349dda867a58aabfcf974a46098f5123830ac5cb
287,17,UNKNOWN,10,bounded_layer_scan,8fba55cea0f98be36fab7b65349dda867a58aabfcf974a46098f5123830ac5cb
287,18,UNKNOWN,10,bounded_layer_scan,8fba55cea0f98be36fab7b65349dda867a58aabfcf974a46098f5123830ac5cb
288,17,UNKNOWN,10,bounded_layer_scan,8fba55cea0f98be36fab7b65349dda867a58aabfcf974a46098f5123830ac5cb
288,18,UNKNOWN,10,bounded_layer_scan,8fba55cea0f98be36fab7b65349dda867a58aabfcf974a46098f5123830ac5cb
289,17,UNKNOWN,10,bounded_layer_scan,8fba55cea0f98be36fab7b65349dda867a58aabfcf974a46098f5123830ac5cb
289,18,UNKNOWN,10,bounded_layer_scan,8fba55cea0f98be36fab7b65349dda867a58aabfcf974a46098f5123830ac5cb
290,17,UNKNOWN,10,bounded_layer_scan,8fba55cea0f98be36fab7b65349dda867a58aabfcf974a46098f5123830ac5cb
290,18,UNKNOWN,10,bounded_layer_scan,8fba55cea0f98be36fab7b65349dda867a58aabfcf974a46098f5123830ac5cb
291,17,UNKNOWN,10,bounded_layer_scan,8fba55cea0f98be36fab7b65349dda867a58aabfcf974a46098f5123830ac5cb
291,18,UNKNOWN,10,bounded_layer_scan,8fba55cea0f98be36fab7b65349dda867a58aabfcf974a46098f5123830ac5cb
292,17,UNKNOWN,10,bounded_layer_scan,8fba55cea0f98be36fab7b65349dda867a58aabfcf974a46098f5123830ac5cb
292,18,UNKNOWN,10,bounded_layer_scan,8fba55cea0f98be36fab7b65349dda867a58aabfcf974a46098f5123830ac5cb
293,17,UNKNOWN,10,bounded_layer_scan,8fba55cea0f98be36fab7b65349dda867a58aabfcf974a46098f5123830ac5cb
293,18,SAT,10,bounded_layer_scan,0f71ee6bb1b11805cd831290c00602026f96bc1909fd9316120ea99fdc3c8b3f
294,17,UNKNOWN,10,bounded_layer_scan,8fba55cea0f98be36fab7b65349dda867a58aabfcf974a46098f5123830ac5cb
294,18,UNKNOWN,10,bounded_layer_scan,8fba55cea0f98be36fab7b65349dda867a58aabfcf974a46098f5123830ac5cb
295,17,UNKNOWN,10,bounded_layer_scan,8fba55cea0f98be36fab7b65349dda867a58aabfcf974a46098f5123830ac5cb
295,18,UNKNOWN,10,bounded_layer_scan,8fba55cea0f98be36fab7b65349dda867a58aabfcf974a46098f5123830ac5cb
296,17,UNKNOWN,10,bounded_layer_scan,8fba55cea0f98be36fab7b65349dda867a58aabfcf974a46098f5123830ac5cb
296,18,UNKNOWN,10,bounded_layer_scan,8fba55cea0f98be36fab7b65349dda867a58aabfcf974a46098f5123830ac5cb
297,17,UNKNOWN,10,bounded_layer_scan,8fba55cea0f98be36fab7b65349dda867a58aabfcf974a46098f5123830ac5cb
297,18,UNKNOWN,10,bounded_layer_scan,8fba55cea0f98be36fab7b65349dda867a58aabfcf974a46098f5123830ac5cb
298,17,UNKNOWN,10,bounded_layer_scan,8fba55cea0f98be36fab7b65349dda867a58aabfcf974a46098f5123830ac5cb
298,18,UNKNOWN,10,bounded_layer_scan,8fba55cea0f98be36fab7b65349dda867a58aabfcf974a46098f5123830ac5cb
299,17,UNKNOWN,10,bounded_layer_scan,8fba55cea0f98be36fab7b65349dda867a58aabfcf974a46098f5123830ac5cb
299,18,UNKNOWN,10,bounded_layer_scan,8fba55cea0f98be36fab7b65349dda867a58aabfcf974a46098f5123830ac5cb
300,17,UNKNOWN,10,bounded_layer_scan,8fba55cea0f98be36fab7b65349dda867a58aabfcf974a46098f5123830ac5cb
300,18,UNKNOWN,10,bounded_layer_scan,8fba55cea0f98be36fab7b65349dda867a58aabfcf974a46098f5123830ac5cb
301,17,UNKNOWN,10,bounded_layer_scan,8fba55cea0f98be36fab7b65349dda867a58aabfcf974a46098f5123830ac5cb
301,18,UNKNOWN,10,bounded_layer_scan,8fba55cea0f98be36fab7b65349dda867a58aabfcf974a46098f5123830ac5cb
302,17,UNKNOWN,10,bounded_layer_scan,8fba55cea0f98be36fab7b65349dda867a58aabfcf974a46098f5123830ac5cb
302,18,UNKNOWN,10,bounded_layer_scan,8fba55cea0f98be36fab7b65349dda867a58aabfcf974a46098f5123830ac5cb
303,17,UNKNOWN,10,bounded_layer_scan,8fba55cea0f98be36fab7b65349dda867a58aabfcf974a46098f5123830ac5cb
303,18,UNKNOWN,10,bounded_layer_scan,8fba55cea0f98be36fab7b65349dda867a58aabfcf974a46098f5123830ac5cb
304,17,UNKNOWN,10,bounded_layer_scan,8fba55cea0f98be36fab7b65349dda867a58aabfcf974a46098f5123830ac5cb
304,18,SAT,10,bounded_layer_scan,6a018f76d71fe999ec430d22b55aaaf7ad9c7b78a3ccfd10283687c47ecf415c
305,17,UNKNOWN,10,bounded_layer_scan,8fba55cea0f98be36fab7b65349dda867a58aabfcf974a46098f5123830ac5cb
305,18,SAT,10,bounded_layer_scan,4c79792cd0dca25f7eb9638fc81e0ad9dad4074a88345d908d912d574324cd39
306,17,UNKNOWN,10,bounded_layer_scan,8fba55cea0f98be36fab7b65349dda867a58aabfcf974a46098f5123830ac5cb
306,18,UNKNOWN,10,bounded_layer_scan,8fba55cea0f98be36fab7b65349dda867a58aabfcf974a46098f5123830ac5cb
307,17,UNKNOWN,10,bounded_layer_scan,8fba55cea0f98be36fab7b65349dda867a58aabfcf974a46098f5123830ac5cb
307,18,UNKNOWN,10,bounded_layer_scan,8fba55cea0f98be36fab7b65349dda867a58aabfcf974a46098f5123830ac5cb
308,17,UNKNOWN,10,bounded_layer_scan,8fba55cea0f98be36fab7b65349dda867a58aabfcf974a46098f5123830ac5cb
308,18,UNKNOWN,10,bounded_layer_scan,8fba55cea0f98be36fab7b65349dda867a58aabfcf974a46098f5123830ac5cb
309,17,UNKNOWN,10,bounded_layer_scan,8fba55cea0f98be36fab7b65349dda867a58aabfcf974a46098f5123830ac5cb
309,18,UNKNOWN,10,bounded_layer_scan,8fba55cea0f98be36fab7b65349dda867a58aabfcf974a46098f5123830ac5cb
310,17,UNKNOWN,10,bounded_layer_scan,8fba55cea0f98be36fab7b65349dda867a58aabfcf974a46098f5123830ac5cb
310,18,UNKNOWN,10,bounded_layer_scan,8fba55cea0f98be36fab7b65349dda867a58aabfcf974a46098f5123830ac5cb
311,17,UNKNOWN,10,bounded_layer_scan,8fba55cea0f98be36fab7b65349dda867a58aabfcf974a46098f5123830ac5cb
311,18,UNKNOWN,10,bounded_layer_scan,8fba55cea0f98be36fab7b65349dda867a58aabfcf974a46098f5123830ac5cb
312,17,UNKNOWN,10,bounded_layer_scan,8fba55cea0f98be36fab7b65349dda867a58aabfcf974a46098f5123830ac5cb
312,18,UNKNOWN,10,bounded_layer_scan,8fba55cea0f98be36fab7b65349dda867a58aabfcf974a46098f5123830ac5cb
313,17,UNKNOWN,10,bounded_layer_scan,8fba55cea0f98be36fab7b65349dda867a58aabfcf974a46098f5123830ac5cb
313,18,UNKNOWN,10,bounded_layer_scan,8fba55cea0f98be36fab7b65349dda867a58aabfcf974a46098f5123830ac5cb
314,17,UNKNOWN,10,bounded_layer_scan,8fba55cea0f98be36fab7b65349dda867a58aabfcf974a46098f5123830ac5cb
314,18,UNKNOWN,10,bounded_layer_scan,8fba55cea0f98be36fab7b65349dda867a58aabfcf974a46098f5123830ac5cb
315,17,UNKNOWN,10,bounded_layer_scan,8fba55cea0f98be36fab7b65349dda867a58aabfcf974a46098f5123830ac5cb
315,18,UNKNOWN,10,bounded_layer_scan,8fba55cea0f98be36fab7b65349dda867a58aabfcf974a46098f5123830ac5cb
316,17,UNKNOWN,10,bounded_layer_scan,8fba55cea0f98be36fab7b65349dda867a58aabfcf974a46098f5123830ac5cb
316,18,UNKNOWN,10,bounded_layer_scan,8fba55cea0f98be36fab7b65349dda867a58aabfcf974a46098f5123830ac5cb
317,17,UNKNOWN,10,bounded_layer_scan,8fba55cea0f98be36fab7b65349dda867a58aabfcf974a46098f5123830ac5cb
317,18,UNKNOWN,10,bounded_layer_scan,8fba55cea0f98be36fab7b65349dda867a58aabfcf974a46098f5123830ac5cb
318,17,UNKNOWN,10,bounded_layer_scan,8fba55cea0f98be36fab7b65349dda867a58aabfcf974a46098f5123830ac5cb
318,18,UNKNOWN,10,bounded_layer_scan,8fba55cea0f98be36fab7b65349dda867a58aabfcf974a46098f5123830ac5cb
319,17,UNKNOWN,10,bounded_layer_scan,8fba55cea0f98be36fab7b65349dda867a58aabfcf974a46098f5123830ac5cb
319,18,UNKNOWN,10,bounded_layer_scan,8fba55cea0f98be36fab7b65349dda867a58aabfcf974a46098f5123830ac5cb
320,17,UNKNOWN,10,bounded_layer_scan,8fba55cea0f98be36fab7b65349dda867a58aabfcf974a46098f5123830ac5cb
320,18,UNKNOWN,10,bounded_layer_scan,8fba55cea0f98be36fab7b65349dda867a58aabfcf974a46098f5123830ac5cb
321,17,UNKNOWN,10,bounded_layer_scan,8fba55cea0f98be36fab7b65349dda867a58aabfcf974a46098f5123830ac5cb
321,18,UNKNOWN,10,bounded_layer_scan,8fba55cea0f98be36fab7b65349dda867a58aabfcf974a46098f5123830ac5cb
322,17,UNKNOWN,10,bounded_layer_scan,8fba55cea0f98be36fab7b65349dda867a58aabfcf974a46098f5123830ac5cb
322,18,UNKNOWN,10,bounded_layer_scan,8fba55cea0f98be36fab7b65349dda867a58aabfcf974a46098f5123830ac5cb
323,17,UNKNOWN,10,bounded_layer_scan,8fba55cea0f98be36fab7b65349dda867a58aabfcf974a46098f5123830ac5cb
323,18,UNKNOWN,10,bounded_layer_scan,8fba55cea0f98be36fab7b65349dda867a58aabfcf974a46098f5123830ac5cb
324,17,UNKNOWN,10,bounded_layer_scan,8fba55cea0f98be36fab7b65349dda867a58aabfcf974a46098f5123830ac5cb
324,18,UNKNOWN,10,bounded_layer_scan,8fba55cea0f98be36fab7b65349dda867a58aabfcf974a46098f5123830ac5cb
325,17,UNKNOWN,10,bounded_layer_scan,8fba55cea0f98be36fab7b65349dda867a58aabfcf974a46098f5123830ac5cb
325,18,UNKNOWN,10,bounded_layer_scan,8fba55cea0f98be36fab7b65349dda867a58aabfcf974a46098f5123830ac5cb
326,17,UNKNOWN,10,bounded_layer_scan,8fba55cea0f98be36fab7b65349dda867a58aabfcf974a46098f5123830ac5cb
326,18,UNKNOWN,10,bounded_layer_scan,8fba55cea0f98be36fab7b65349dda867a58aabfcf974a46098f5123830ac5cb
327,17,UNKNOWN,10,bounded_layer_scan,8fba55cea0f98be36fab7b65349dda867a58aabfcf974a46098f5123830ac5cb
327,18,UNKNOWN,10,bounded_layer_scan,8fba55cea0f98be36fab7b65349dda867a58aabfcf974a46098f5123830ac5cb
328,17,UNKNOWN,10,bounded_layer_scan,8fba55cea0f98be36fab7b65349dda867a58aabfcf974a46098f5123830ac5cb
328,18,UNKNOWN,10,bounded_layer_scan,8fba55cea0f98be36fab7b65349dda867a58aabfcf974a46098f5123830ac5cb
329,17,UNKNOWN,10,bounded_layer_scan,8fba55cea0f98be36fab7b65349dda867a58aabfcf974a46098f5123830ac5cb
329,18,UNKNOWN,10,bounded_layer_scan,8fba55cea0f98be36fab7b65349dda867a58aabfcf974a46098f5123830ac5cb
330,17,UNKNOWN,10,bounded_layer_scan,8fba55cea0f98be36fab7b65349dda867a58aabfcf974a46098f5123830ac5cb
330,18,UNKNOWN,10,bounded_layer_scan,8fba55cea0f98be36fab7b65349dda867a58aabfcf974a46098f5123830ac5cb
331,17,UNKNOWN,10,bounded_layer_scan,8fba55cea0f98be36fab7b65349dda867a58aabfcf974a46098f5123830ac5cb
331,18,UNKNOWN,10,bounded_layer_scan,8fba55cea0f98be36fab7b65349dda867a58aabfcf974a46098f5123830ac5cb
332,17,UNKNOWN,10,bounded_layer_scan,8fba55cea0f98be36fab7b65349dda867a58aabfcf974a46098f5123830ac5cb
332,18,UNKNOWN,10,bounded_layer_scan,8fba55cea0f98be36fab7b65349dda867a58aabfcf974a46098f5123830ac5cb
333,17,UNKNOWN,10,bounded_layer_scan,8fba55cea0f98be36fab7b65349dda867a58aabfcf974a46098f5123830ac5cb
333,18,UNKNOWN,10,bounded_layer_scan,8fba55cea0f98be36fab7b65349dda867a58aabfcf974a46098f5123830ac5cb
334,17,UNKNOWN,10,bounded_layer_scan,8fba55cea0f98be36fab7b65349dda867a58aabfcf974a46098f5123830ac5cb
334,18,UNKNOWN,10,bounded_layer_scan,8fba55cea0f98be36fab7b65349dda867a58aabfcf974a46098f5123830ac5cb
335,17,UNKNOWN,10,bounded_layer_scan,8fba55cea0f98be36fab7b65349dda867a58aabfcf974a46098f5123830ac5cb
335,18,UNKNOWN,10,bounded_layer_scan,8fba55cea0f98be36fab7b65349dda867a58aabfcf974a46098f5123830ac5cb
336,17,UNKNOWN,10,bounded_layer_scan,8fba55cea0f98be36fab7b65349dda867a58aabfcf974a46098f5123830ac5cb
336,18,UNKNOWN,10,bounded_layer_scan,8fba55cea0f98be36fab7b65349dda867a58aabfcf974a46098f5123830ac5cb
337,17,UNKNOWN,10,bounded_layer_scan,8fba55cea0f98be36fab7b65349dda867a58aabfcf974a46098f5123830ac5cb
337,18,UNKNOWN,10,bounded_layer_scan,8fba55cea0f98be36fab7b65349dda867a58aabfcf974a46098f5123830ac5cb
338,17,UNKNOWN,10,bounded_layer_scan,8fba55cea0f98be36fab7b65349dda867a58aabfcf974a46098f5123830ac5cb
338,18,UNKNOWN,10,bounded_layer_scan,8fba55cea0f98be36fab7b65349dda867a58aabfcf974a46098f5123830ac5cb
339,17,UNKNOWN,10,bounded_layer_scan,8fba55cea0f98be36fab7b65349dda867a58aabfcf974a46098f5123830ac5cb
339,18,UNKNOWN,10,bounded_layer_scan,8fba55cea0f98be36fab7b65349dda867a58aabfcf974a46098f5123830ac5cb
340,17,UNKNOWN,10,bounded_layer_scan,8fba55cea0f98be36fab7b65349dda867a58aabfcf974a46098f5123830ac5cb
340,18,UNKNOWN,10,bounded_layer_scan,8fba55cea0f98be36fab7b65349dda867a58aabfcf974a46098f5123830ac5cb
341,17,UNKNOWN,10,bounded_layer_scan,8fba55cea0f98be36fab7b65349dda867a58aabfcf974a46098f5123830ac5cb
341,18,UNKNOWN,10,bounded_layer_scan,8fba55cea0f98be36fab7b65349dda867a58aabfcf974a46098f5123830ac5cb
342,17,UNKNOWN,10,bounded_layer_scan,8fba55cea0f98be36fab7b65349dda867a58aabfcf974a46098f5123830ac5cb
342,18,UNKNOWN,10,bounded_layer_scan,8fba55cea0f98be36fab7b65349dda867a58aabfcf974a46098f5123830ac5cb
343,17,UNKNOWN,10,bounded_layer_scan,8fba55cea0f98be36fab7b65349dda867a58aabfcf974a46098f5123830ac5cb
343,18,UNKNOWN,10,bounded_layer_scan,8fba55cea0f98be36fab7b65349dda867a58aabfcf974a46098f5123830ac5cb
344,17,UNKNOWN,10,bounded_layer_scan,8fba55cea0f98be36fab7b65349dda867a58aabfcf974a46098f5123830ac5cb
344,18,UNKNOWN,10,bounded_layer_scan,8fba55cea0f98be36fab7b65349dda867a58aabfcf974a46098f5123830ac5cb
345,17,SAT,10,bounded_layer_scan,0e70700ed64f188df1f84f672b1847735cad75c89e7827c0097bcd5af97116b1
345,18,UNKNOWN,10,bounded_layer_scan,8fba55cea0f98be36fab7b65349dda867a58aabfcf974a46098f5123830ac5cb
346,17,UNKNOWN,10,bounded_layer_scan,8fba55cea0f98be36fab7b65349dda867a58aabfcf974a46098f5123830ac5cb
346,18,UNKNOWN,10,bounded_layer_scan,8fba55cea0f98be36fab7b65349dda867a58aabfcf974a46098f5123830ac5cb
347,17,UNKNOWN,10,bounded_layer_scan,8fba55cea0f98be36fab7b65349dda867a58aabfcf974a46098f5123830ac5cb
347,18,UNKNOWN,10,bounded_layer_scan,8fba55cea0f98be36fab7b65349dda867a58aabfcf974a46098f5123830ac5cb
348,17,UNKNOWN,10,bounded_layer_scan,8fba55cea0f98be36fab7b65349dda867a58aabfcf974a46098f5123830ac5cb
348,18,UNKNOWN,10,bounded_layer_scan,8fba55cea0f98be36fab7b65349dda867a58aabfcf974a46098f5123830ac5cb
349,17,UNKNOWN,10,bounded_layer_scan,8fba55cea0f98be36fab7b65349dda867a58aabfcf974a46098f5123830ac5cb
349,18,UNKNOWN,10,bounded_layer_scan,8fba55cea0f98be36fab7b65349dda867a58aabfcf974a46098f5123830ac5cb
350,17,UNKNOWN,10,bounded_layer_scan,8fba55cea0f98be36fab7b65349dda867a58aabfcf974a46098f5123830ac5cb
350,18,UNKNOWN,10,bounded_layer_scan,8fba55cea0f98be36fab7b65349dda867a58aabfcf974a46098f5123830ac5cb
351,17,UNKNOWN,10,bounded_layer_scan,8fba55cea0f98be36fab7b65349dda867a58aabfcf974a46098f5123830ac5cb
351,18,UNKNOWN,10,bounded_layer_scan,8fba55cea0f98be36fab7b65349dda867a58aabfcf974a46098f5123830ac5cb
352,17,UNKNOWN,10,bounded_layer_scan,8fba55cea0f98be36fab7b65349dda867a58aabfcf974a46098f5123830ac5cb
352,18,UNKNOWN,10,bounded_layer_scan,8fba55cea0f98be36fab7b65349dda867a58aabfcf974a46098f5123830ac5cb
353,17,UNKNOWN,10,bounded_layer_scan,8fba55cea0f98be36fab7b65349dda867a58aabfcf974a46098f5123830ac5cb
353,18,UNKNOWN,10,bounded_layer_scan,8fba55cea0f98be36fab7b65349dda867a58aabfcf974a46098f5123830ac5cb
354,17,UNKNOWN,10,bounded_layer_scan,8fba55cea0f98be36fab7b65349dda867a58aabfcf974a46098f5123830ac5cb
354,18,UNKNOWN,10,bounded_layer_scan,8fba55cea0f98be36fab7b65349dda867a58aabfcf974a46098f5123830ac5cb
355,17,UNKNOWN,10,bounded_layer_scan,8fba55cea0f98be36fab7b65349dda867a58aabfcf974a46098f5123830ac5cb
355,18,UNKNOWN,10,bounded_layer_scan,8fba55cea0f98be36fab7b65349dda867a58aabfcf974a46098f5123830ac5cb
356,17,UNKNOWN,10,bounded_layer_scan,8fba55cea0f98be36fab7b65349dda867a58aabfcf974a46098f5123830ac5cb
356,18,UNKNOWN,10,bounded_layer_scan,8fba55cea0f98be36fab7b65349dda867a58aabfcf974a46098f5123830ac5cb
357,17,UNKNOWN,10,bounded_layer_scan,8fba55cea0f98be36fab7b65349dda867a58aabfcf974a46098f5123830ac5cb
357,18,UNKNOWN,10,bounded_layer_scan,8fba55cea0f98be36fab7b65349dda867a58aabfcf974a46098f5123830ac5cb
358,17,UNKNOWN,10,bounded_layer_scan,8fba55cea0f98be36fab7b65349dda867a58aabfcf974a46098f5123830ac5cb
358,18,UNKNOWN,10,bounded_layer_scan,8fba55cea0f98be36fab7b65349dda867a58aabfcf974a46098f5123830ac5cb
359,17,UNKNOWN,10,bounded_layer_scan,8fba55cea0f98be36fab7b65349dda867a58aabfcf974a46098f5123830ac5cb
359,18,UNKNOWN,10,bounded_layer_scan,8fba55cea0f98be36fab7b65349dda867a58aabfcf974a46098f5123830ac5cb
360,17,UNKNOWN,10,bounded_layer_scan,8fba55cea0f98be36fab7b65349dda867a58aabfcf974a46098f5123830ac5cb
360,18,UNKNOWN,10,bounded_layer_scan,8fba55cea0f98be36fab7b65349dda867a58aabfcf974a46098f5123830ac5cb
361,17,UNKNOWN,10,bounded_layer_scan,8fba55cea0f98be36fab7b65349dda867a58aabfcf974a46098f5123830ac5cb
361,18,UNKNOWN,10,bounded_layer_scan,8fba55cea0f98be36fab7b65349dda867a58aabfcf974a46098f5123830ac5cb
362,17,UNKNOWN,10,bounded_layer_scan,8fba55cea0f98be36fab7b65349dda867a58aabfcf974a46098f5123830ac5cb
362,18,UNKNOWN,10,bounded_layer_scan,8fba55cea0f98be36fab7b65349dda867a58aabfcf974a46098f5123830ac5cb
363,17,UNKNOWN,10,bounded_layer_scan,8fba55cea0f98be36fab7b65349dda867a58aabfcf974a46098f5123830ac5cb
363,18,UNKNOWN,10,bounded_layer_scan,8fba55cea0f98be36fab7b65349dda867a58aabfcf974a46098f5123830ac5cb
364,17,UNKNOWN,10,bounded_layer_scan,8fba55cea0f98be36fab7b65349dda867a58aabfcf974a46098f5123830ac5cb
364,18,UNKNOWN,10,bounded_layer_scan,8fba55cea0f98be36fab7b65349dda867a58aabfcf974a46098f5123830ac5cb
365,17,UNKNOWN,10,bounded_layer_scan,8fba55cea0f98be36fab7b65349dda867a58aabfcf974a46098f5123830ac5cb
365,18,UNKNOWN,10,bounded_layer_scan,8fba55cea0f98be36fab7b65349dda867a58aabfcf974a46098f5123830ac5cb
366,17,UNKNOWN,10,bounded_layer_scan,8fba55cea0f98be36fab7b65349dda867a58aabfcf974a46098f5123830ac5cb
366,18,SAT,10,bounded_layer_scan,03e4f7f276a8d84150345834ff17c68d6d64611f757adb891f6e0021681596aa
367,17,SAT,10,bounded_layer_scan,37931e572b58b9901147a9cda5c15c9fabd33939a17f04443d324f4b1c2d85bb
367,18,UNKNOWN,10,bounded_layer_scan,8fba55cea0f98be36fab7b65349dda867a58aabfcf974a46098f5123830ac5cb
368,17,UNKNOWN,10,bounded_layer_scan,8fba55cea0f98be36fab7b65349dda867a58aabfcf974a46098f5123830ac5cb
368,18,UNKNOWN,10,bounded_layer_scan,8fba55cea0f98be36fab7b65349dda867a58aabfcf974a46098f5123830ac5cb
369,17,UNKNOWN,10,bounded_layer_scan,8fba55cea0f98be36fab7b65349dda867a58aabfcf974a46098f5123830ac5cb
369,18,UNKNOWN,10,bounded_layer_scan,8fba55cea0f98be36fab7b65349dda867a58aabfcf974a46098f5123830ac5cb
370,17,UNKNOWN,10,bounded_layer_scan,8fba55cea0f98be36fab7b65349dda867a58aabfcf974a46098f5123830ac5cb
370,18,UNKNOWN,10,bounded_layer_scan,8fba55cea0f98be36fab7b65349dda867a58aabfcf974a46098f5123830ac5cb
371,17,UNKNOWN,10,bounded_layer_scan,8fba55cea0f98be36fab7b65349dda867a58aabfcf974a46098f5123830ac5cb
371,18,UNKNOWN,10,bounded_layer_scan,8fba55cea0f98be36fab7b65349dda867a58aabfcf974a46098f5123830ac5cb
372,17,UNKNOWN,10,bounded_layer_scan,8fba55cea0f98be36fab7b65349dda867a58aabfcf974a46098f5123830ac5cb
372,18,UNKNOWN,10,bounded_layer_scan,8fba55cea0f98be36fab7b65349dda867a58aabfcf974a46098f5123830ac5cb
373,17,SAT,10,bounded_layer_scan,110f1269da0817ca1d6a73664e9198fb34bbb66422d9e27bdbdaaa6bae69fb30
373,18,UNKNOWN,10,bounded_layer_scan,8fba55cea0f98be36fab7b65349dda867a58aabfcf974a46098f5123830ac5cb
374,17,UNKNOWN,10,bounded_layer_scan,8fba55cea0f98be36fab7b65349dda867a58aabfcf974a46098f5123830ac5cb
374,18,UNKNOWN,10,bounded_layer_scan,8fba55cea0f98be36fab7b65349dda867a58aabfcf974a46098f5123830ac5cb
375,17,UNKNOWN,10,bounded_layer_scan,8fba55cea0f98be36fab7b65349dda867a58aabfcf974a46098f5123830ac5cb
375,18,UNKNOWN,10,bounded_layer_scan,8fba55cea0f98be36fab7b65349dda867a58aabfcf974a46098f5123830ac5cb
376,17,UNKNOWN,10,bounded_layer_scan,8fba55cea0f98be36fab7b65349dda867a58aabfcf974a46098f5123830ac5cb
376,18,UNKNOWN,10,bounded_layer_scan,8fba55cea0f98be36fab7b65349dda867a58aabfcf974a46098f5123830ac5cb
377,17,UNKNOWN,10,bounded_layer_scan,8fba55cea0f98be36fab7b65349dda867a58aabfcf974a46098f5123830ac5cb
377,18,UNKNOWN,10,bounded_layer_scan,8fba55cea0f98be36fab7b65349dda867a58aabfcf974a46098f5123830ac5cb
378,17,UNKNOWN,10,bounded_layer_scan,8fba55cea0f98be36fab7b65349dda867a58aabfcf974a46098f5123830ac5cb
378,18,SAT,10,bounded_layer_scan,5ae176932a14ae87f298e27e5918d69ad3ac78958f4f597764b617ca8eb43be8
379,17,UNKNOWN,10,bounded_layer_scan,8fba55cea0f98be36fab7b65349dda867a58aabfcf974a46098f5123830ac5cb
379,18,UNKNOWN,10,bounded_layer_scan,8fba55cea0f98be36fab7b65349dda867a58aabfcf974a46098f5123830ac5cb
380,17,UNKNOWN,10,bounded_layer_scan,8fba55cea0f98be36fab7b65349dda867a58aabfcf974a46098f5123830ac5cb
380,18,UNKNOWN,10,bounded_layer_scan,8fba55cea0f98be36fab7b65349dda867a58aabfcf974a46098f5123830ac5cb
381,17,UNKNOWN,10,bounded_layer_scan,8fba55cea0f98be36fab7b65349dda867a58aabfcf974a46098f5123830ac5cb
381,18,UNKNOWN,10,bounded_layer_scan,8fba55cea0f98be36fab7b65349dda867a58aabfcf974a46098f5123830ac5cb
382,17,UNKNOWN,10,bounded_layer_scan,8fba55cea0f98be36fab7b65349dda867a58aabfcf974a46098f5123830ac5cb
382,18,UNKNOWN,10,bounded_layer_scan,8fba55cea0f98be36fab7b65349dda867a58aabfcf974a46098f5123830ac5cb
383,17,UNKNOWN,10,bounded_layer_scan,8fba55cea0f98be36fab7b65349dda867a58aabfcf974a46098f5123830ac5cb
383,18,UNKNOWN,10,bounded_layer_scan,8fba55cea0f98be36fab7b65349dda867a58aabfcf974a46098f5123830ac5cb
384,17,UNKNOWN,10,bounded_layer_scan,8fba55cea0f98be36fab7b65349dda867a58aabfcf974a46098f5123830ac5cb
384,18,UNKNOWN,10,bounded_layer_scan,8fba55cea0f98be36fab7b65349dda867a58aabfcf974a46098f5123830ac5cb
385,17,UNKNOWN,10,bounded_layer_scan,8fba55cea0f98be36fab7b65349dda867a58aabfcf974a46098f5123830ac5cb
385,18,UNKNOWN,10,bounded_layer_scan,8fba55cea0f98be36fab7b65349dda867a58aabfcf974a46098f5123830ac5cb
386,17,UNKNOWN,10,bounded_layer_scan,8fba55cea0f98be36fab7b65349dda867a58aabfcf974a46098f5123830ac5cb
386,18,UNKNOWN,10,bounded_layer_scan,8fba55cea0f98be36fab7b65349dda867a58aabfcf974a46098f5123830ac5cb
387,17,UNKNOWN,10,bounded_layer_scan,8fba55cea0f98be36fab7b65349dda867a58aabfcf974a46098f5123830ac5cb
387,18,UNKNOWN,10,bounded_layer_scan,8fba55cea0f98be36fab7b65349dda867a58aabfcf974a46098f5123830ac5cb
388,17,UNKNOWN,10,bounded_layer_scan,8fba55cea0f98be36fab7b65349dda867a58aabfcf974a46098f5123830ac5cb
388,18,UNKNOWN,10,bounded_layer_scan,8fba55cea0f98be36fab7b65349dda867a58aabfcf974a46098f5123830ac5cb
389,17,UNKNOWN,10,bounded_layer_scan,8fba55cea0f98be36fab7b65349dda867a58aabfcf974a46098f5123830ac5cb
389,18,UNKNOWN,10,bounded_layer_scan,8fba55cea0f98be36fab7b65349dda867a58aabfcf974a46098f5123830ac5cb
390,17,UNKNOWN,10,bounded_layer_scan,8fba55cea0f98be36fab7b65349dda867a58aabfcf974a46098f5123830ac5cb
390,18,UNKNOWN,10,bounded_layer_scan,8fba55cea0f98be36fab7b65349dda867a58aabfcf974a46098f5123830ac5cb
391,17,UNKNOWN,10,bounded_layer_scan,8fba55cea0f98be36fab7b65349dda867a58aabfcf974a46098f5123830ac5cb
391,18,UNKNOWN,10,bounded_layer_scan,8fba55cea0f98be36fab7b65349dda867a58aabfcf974a46098f5123830ac5cb
392,17,UNKNOWN,10,bounded_layer_scan,8fba55cea0f98be36fab7b65349dda867a58aabfcf974a46098f5123830ac5cb
392,18,UNKNOWN,10,bounded_layer_scan,8fba55cea0f98be36fab7b65349dda867a58aabfcf974a46098f5123830ac5cb
393,17,UNKNOWN,10,bounded_layer_scan,8fba55cea0f98be36fab7b65349dda867a58aabfcf974a46098f5123830ac5cb
393,18,UNKNOWN,10,bounded_layer_scan,8fba55cea0f98be36fab7b65349dda867a58aabfcf974a46098f5123830ac5cb
394,17,UNKNOWN,10,bounded_layer_scan,8fba55cea0f98be36fab7b65349dda867a58aabfcf974a46098f5123830ac5cb
394,18,UNKNOWN,10,bounded_layer_scan,8fba55cea0f98be36fab7b65349dda867a58aabfcf974a46098f5123830ac5cb
395,17,UNKNOWN,10,bounded_layer_scan,8fba55cea0f98be36fab7b65349dda867a58aabfcf974a46098f5123830ac5cb
395,18,UNKNOWN,10,bounded_layer_scan,8fba55cea0f98be36fab7b65349dda867a58aabfcf974a46098f5123830ac5cb
396,17,UNKNOWN,10,bounded_layer_scan,8fba55cea0f98be36fab7b65349dda867a58aabfcf974a46098f5123830ac5cb
396,18,UNKNOWN,10,bounded_layer_scan,8fba55cea0f98be36fab7b65349dda867a58aabfcf974a46098f5123830ac5cb
397,17,UNKNOWN,10,bounded_layer_scan,8fba55cea0f98be36fab7b65349dda867a58aabfcf974a46098f5123830ac5cb
397,18,UNKNOWN,10,bounded_layer_scan,8fba55cea0f98be36fab7b65349dda867a58aabfcf974a46098f5123830ac5cb
398,17,UNKNOWN,10,bounded_layer_scan,8fba55cea0f98be36fab7b65349dda867a58aabfcf974a46098f5123830ac5cb
398,18,UNKNOWN,10,bounded_layer_scan,8fba55cea0f98be36fab7b65349dda867a58aabfcf974a46098f5123830ac5cb
399,17,UNKNOWN,10,bounded_layer_scan,8fba55cea0f98be36fab7b65349dda867a58aabfcf974a46098f5123830ac5cb
399,18,UNKNOWN,10,bounded_layer_scan,8fba55cea0f98be36fab7b65349dda867a58aabfcf974a46098f5123830ac5cb
400,17,UNKNOWN,10,bounded_layer_scan,8fba55cea0f98be36fab7b65349dda867a58aabfcf974a46098f5123830ac5cb
400,18,UNKNOWN,10,bounded_layer_scan,8fba55cea0f98be36fab7b65349dda867a58aabfcf974a46098f5123830ac5cb
401,17,UNKNOWN,10,bounded_layer_scan,8fba55cea0f98be36fab7b65349dda867a58aabfcf974a46098f5123830ac5cb
401,18,UNKNOWN,10,bounded_layer_scan,8fba55cea0f98be36fab7b65349dda867a58aabfcf974a46098f5123830ac5cb
402,17,UNKNOWN,10,bounded_layer_scan,8fba55cea0f98be36fab7b65349dda867a58aabfcf974a46098f5123830ac5cb
402,18,UNKNOWN,10,bounded_layer_scan,8fba55cea0f98be36fab7b65349dda867a58aabfcf974a46098f5123830ac5cb
403,17,UNKNOWN,10,bounded_layer_scan,8fba55cea0f98be36fab7b65349dda867a58aabfcf974a46098f5123830ac5cb
403,18,UNKNOWN,10,bounded_layer_scan,8fba55cea0f98be36fab7b65349dda867a58aabfcf974a46098f5123830ac5cb
404,17,UNKNOWN,10,bounded_layer_scan,8fba55cea0f98be36fab7b65349dda867a58aabfcf974a46098f5123830ac5cb
404,18,SAT,10,bounded_layer_scan,d3e72bd4df0cc2aa6c85971feb9e0df5f99dbb778408f36f357cd793a464ebf8
405,17,UNKNOWN,10,bounded_layer_scan,8fba55cea0f98be36fab7b65349dda867a58aabfcf974a46098f5123830ac5cb
405,18,UNKNOWN,10,bounded_layer_scan,8fba55cea0f98be36fab7b65349dda867a58aabfcf974a46098f5123830ac5cb
406,17,UNKNOWN,10,bounded_layer_scan,8fba55cea0f98be36fab7b65349dda867a58aabfcf974a46098f5123830ac5cb
406,18,UNKNOWN,10,bounded_layer_scan,8fba55cea0f98be36fab7b65349dda867a58aabfcf974a46098f5123830ac5cb
407,17,UNKNOWN,10,bounded_layer_scan,8fba55cea0f98be36fab7b65349dda867a58aabfcf974a46098f5123830ac5cb
407,18,UNKNOWN,10,bounded_layer_scan,8fba55cea0f98be36fab7b65349dda867a58aabfcf974a46098f5123830ac5cb
408,17,UNKNOWN,10,bounded_layer_scan,8fba55cea0f98be36fab7b65349dda867a58aabfcf974a46098f5123830ac5cb
408,18,UNKNOWN,10,bounded_layer_scan,8fba55cea0f98be36fab7b65349dda867a58aabfcf974a46098f5123830ac5cb
409,17,UNKNOWN,10,bounded_layer_scan,8fba55cea0f98be36fab7b65349dda867a58aabfcf974a46098f5123830ac5cb
409,18,UNKNOWN,10,bounded_layer_scan,8fba55cea0f98be36fab7b65349dda867a58aabfcf974a46098f5123830ac5cb
410,17,UNKNOWN,10,bounded_layer_scan,8fba55cea0f98be36fab7b65349dda867a58aabfcf974a46098f5123830ac5cb
410,18,UNKNOWN,10,bounded_layer_scan,8fba55cea0f98be36fab7b65349dda867a58aabfcf974a46098f5123830ac5cb
411,17,UNKNOWN,10,bounded_layer_scan,8fba55cea0f98be36fab7b65349dda867a58aabfcf974a46098f5123830ac5cb
411,18,UNKNOWN,10,bounded_layer_scan,8fba55cea0f98be36fab7b65349dda867a58aabfcf974a46098f5123830ac5cb
412,17,UNKNOWN,10,bounded_layer_scan,8fba55cea0f98be36fab7b65349dda867a58aabfcf974a46098f5123830ac5cb
412,18,UNKNOWN,10,bounded_layer_scan,8fba55cea0f98be36fab7b65349dda867a58aabfcf974a46098f5123830ac5cb
413,17,UNKNOWN,10,bounded_layer_scan,8fba55cea0f98be36fab7b65349dda867a58aabfcf974a46098f5123830ac5cb
413,18,UNKNOWN,10,bounded_layer_scan,8fba55cea0f98be36fab7b65349dda867a58aabfcf974a46098f5123830ac5cb
414,17,UNKNOWN,10,bounded_layer_scan,8fba55cea0f98be36fab7b65349dda867a58aabfcf974a46098f5123830ac5cb
414,18,UNKNOWN,10,bounded_layer_scan,8fba55cea0f98be36fab7b65349dda867a58aabfcf974a46098f5123830ac5cb
415,17,UNKNOWN,10,bounded_layer_scan,8fba55cea0f98be36fab7b65349dda867a58aabfcf974a46098f5123830ac5cb
415,18,UNKNOWN,10,bounded_layer_scan,8fba55cea0f98be36fab7b65349dda867a58aabfcf974a46098f5123830ac5cb
416,17,UNKNOWN,10,bounded_layer_scan,8fba55cea0f98be36fab7b65349dda867a58aabfcf974a46098f5123830ac5cb
416,18,UNKNOWN,10,bounded_layer_scan,8fba55cea0f98be36fab7b65349dda867a58aabfcf974a46098f5123830ac5cb
417,17,UNKNOWN,10,bounded_layer_scan,8fba55cea0f98be36fab7b65349dda867a58aabfcf974a46098f5123830ac5cb
417,18,UNKNOWN,10,bounded_layer_scan,8fba55cea0f98be36fab7b65349dda867a58aabfcf974a46098f5123830ac5cb
418,17,UNKNOWN,10,bounded_layer_scan,8fba55cea0f98be36fab7b65349dda867a58aabfcf974a46098f5123830ac5cb
418,18,UNKNOWN,10,bounded_layer_scan,8fba55cea0f98be36fab7b65349dda867a58aabfcf974a46098f5123830ac5cb
419,17,UNKNOWN,10,bounded_layer_scan,8fba55cea0f98be36fab7b65349dda867a58aabfcf974a46098f5123830ac5cb
419,18,UNKNOWN,10,bounded_layer_scan,8fba55cea0f98be36fab7b65349dda867a58aabfcf974a46098f5123830ac5cb
420,17,UNKNOWN,10,bounded_layer_scan,8fba55cea0f98be36fab7b65349dda867a58aabfcf974a46098f5123830ac5cb
420,18,UNKNOWN,10,bounded_layer_scan,8fba55cea0f98be36fab7b65349dda867a58aabfcf974a46098f5123830ac5cb
421,17,UNKNOWN,10,bounded_layer_scan,8fba55cea0f98be36fab7b65349dda867a58aabfcf974a46098f5123830ac5cb
421,18,UNKNOWN,10,bounded_layer_scan,8fba55cea0f98be36fab7b65349dda867a58aabfcf974a46098f5123830ac5cb
422,17,UNKNOWN,10,bounded_layer_scan,8fba55cea0f98be36fab7b65349dda867a58aabfcf974a46098f5123830ac5cb
422,18,UNKNOWN,10,bounded_layer_scan,8fba55cea0f98be36fab7b65349dda867a58aabfcf974a46098f5123830ac5cb
423,17,UNKNOWN,10,bounded_layer_scan,8fba55cea0f98be36fab7b65349dda867a58aabfcf974a46098f5123830ac5cb
423,18,UNKNOWN,10,bounded_layer_scan,8fba55cea0f98be36fab7b65349dda867a58aabfcf974a46098f5123830ac5cb
424,17,UNKNOWN,10,bounded_layer_scan,8fba55cea0f98be36fab7b65349dda867a58aabfcf974a46098f5123830ac5cb
424,18,UNKNOWN,10,bounded_layer_scan,8fba55cea0f98be36fab7b65349dda867a58aabfcf974a46098f5123830ac5cb
425,17,UNKNOWN,10,bounded_layer_scan,8fba55cea0f98be36fab7b65349dda867a58aabfcf974a46098f5123830ac5cb
425,18,UNKNOWN,10,bounded_layer_scan,8fba55cea0f98be36fab7b65349dda867a58aabfcf974a46098f5123830ac5cb
426,17,UNKNOWN,10,bounded_layer_scan,8fba55cea0f98be36fab7b65349dda867a58aabfcf974a46098f5123830ac5cb
426,18,UNKNOWN,10,bounded_layer_scan,8fba55cea0f98be36fab7b65349dda867a58aabfcf974a46098f5123830ac5cb
427,17,UNKNOWN,10,bounded_layer_scan,8fba55cea0f98be36fab7b65349dda867a58aabfcf974a46098f5123830ac5cb
427,18,UNKNOWN,10,bounded_layer_scan,8fba55cea0f98be36fab7b65349dda867a58aabfcf974a46098f5123830ac5cb
428,17,UNKNOWN,10,bounded_layer_scan,8fba55cea0f98be36fab7b65349dda867a58aabfcf974a46098f5123830ac5cb
428,18,UNKNOWN,10,bounded_layer_scan,8fba55cea0f98be36fab7b65349dda867a58aabfcf974a46098f5123830ac5cb
429,17,UNKNOWN,10,bounded_layer_scan,8fba55cea0f98be36fab7b65349dda867a58aabfcf974a46098f5123830ac5cb
429,18,UNKNOWN,10,bounded_layer_scan,8fba55cea0f98be36fab7b65349dda867a58aabfcf974a46098f5123830ac5cb
430,17,UNKNOWN,10,bounded_layer_scan,8fba55cea0f98be36fab7b65349dda867a58aabfcf974a46098f5123830ac5cb
430,18,UNKNOWN,10,bounded_layer_scan,8fba55cea0f98be36fab7b65349dda867a58aabfcf974a46098f5123830ac5cb
431,17,UNKNOWN,10,bounded_layer_scan,8fba55cea0f98be36fab7b65349dda867a58aabfcf974a46098f5123830ac5cb
431,18,SAT,10,bounded_layer_scan,4e597f967e684fdb742a2a6a7fbf0e618ea69821c2643b4275d74000b8bd21d8
432,17,UNKNOWN,10,bounded_layer_scan,8fba55cea0f98be36fab7b65349dda867a58aabfcf974a46098f5123830ac5cb
432,18,UNKNOWN,10,bounded_layer_scan,8fba55cea0f98be36fab7b65349dda867a58aabfcf974a46098f5123830ac5cb
433,17,UNKNOWN,10,bounded_layer_scan,8fba55cea0f98be36fab7b65349dda867a58aabfcf974a46098f5123830ac5cb
433,18,UNKNOWN,10,bounded_layer_scan,8fba55cea0f98be36fab7b65349dda867a58aabfcf974a46098f5123830ac5cb
434,17,UNKNOWN,10,bounded_layer_scan,8fba55cea0f98be36fab7b65349dda867a58aabfcf974a46098f5123830ac5cb
434,18,UNKNOWN,10,bounded_layer_scan,8fba55cea0f98be36fab7b65349dda867a58aabfcf974a46098f5123830ac5cb
435,17,UNKNOWN,10,bounded_layer_scan,8fba55cea0f98be36fab7b65349dda867a58aabfcf974a46098f5123830ac5cb
435,18,UNKNOWN,10,bounded_layer_scan,8fba55cea0f98be36fab7b65349dda867a58aabfcf974a46098f5123830ac5cb
436,17,UNKNOWN,10,bounded_layer_scan,8fba55cea0f98be36fab7b65349dda867a58aabfcf974a46098f5123830ac5cb
436,18,UNKNOWN,10,bounded_layer_scan,8fba55cea0f98be36fab7b65349dda867a58aabfcf974a46098f5123830ac5cb
437,17,UNKNOWN,10,bounded_layer_scan,8fba55cea0f98be36fab7b65349dda867a58aabfcf974a46098f5123830ac5cb
437,18,UNKNOWN,10,bounded_layer_scan,8fba55cea0f98be36fab7b65349dda867a58aabfcf974a46098f5123830ac5cb
438,17,UNKNOWN,10,bounded_layer_scan,8fba55cea0f98be36fab7b65349dda867a58aabfcf974a46098f5123830ac5cb
438,18,SAT,10,bounded_layer_scan,87fb70635b4970c7a0ea48f24c9f5b71a2ac5bf65e5322b196d8683ea979ee8f
439,17,UNKNOWN,10,bounded_layer_scan,8fba55cea0f98be36fab7b65349dda867a58aabfcf974a46098f5123830ac5cb
439,18,UNKNOWN,10,bounded_layer_scan,8fba55cea0f98be36fab7b65349dda867a58aabfcf974a46098f5123830ac5cb
440,17,UNKNOWN,10,bounded_layer_scan,8fba55cea0f98be36fab7b65349dda867a58aabfcf974a46098f5123830ac5cb
440,18,SAT,10,bounded_layer_scan,412025605833a00bd54166451a2cb741cff46ef9018660568e3950f543faffe7
441,17,UNKNOWN,10,bounded_layer_scan,8fba55cea0f98be36fab7b65349dda867a58aabfcf974a46098f5123830ac5cb
441,18,UNKNOWN,10,bounded_layer_scan,8fba55cea0f98be36fab7b65349dda867a58aabfcf974a46098f5123830ac5cb
442,17,UNKNOWN,10,bounded_layer_scan,8fba55cea0f98be36fab7b65349dda867a58aabfcf974a46098f5123830ac5cb
442,18,UNKNOWN,10,bounded_layer_scan,8fba55cea0f98be36fab7b65349dda867a58aabfcf974a46098f5123830ac5cb
443,17,UNKNOWN,10,bounded_layer_scan,8fba55cea0f98be36fab7b65349dda867a58aabfcf974a46098f5123830ac5cb
443,18,UNKNOWN,10,bounded_layer_scan,8fba55cea0f98be36fab7b65349dda867a58aabfcf974a46098f5123830ac5cb
444,17,UNKNOWN,10,bounded_layer_scan,8fba55cea0f98be36fab7b65349dda867a58aabfcf974a46098f5123830ac5cb
444,18,UNKNOWN,10,bounded_layer_scan,8fba55cea0f98be36fab7b65349dda867a58aabfcf974a46098f5123830ac5cb
445,17,UNKNOWN,10,bounded_layer_scan,8fba55cea0f98be36fab7b65349dda867a58aabfcf974a46098f5123830ac5cb
445,18,UNKNOWN,10,bounded_layer_scan,8fba55cea0f98be36fab7b65349dda867a58aabfcf974a46098f5123830ac5cb
446,17,UNKNOWN,10,bounded_layer_scan,8fba55cea0f98be36fab7b65349dda867a58aabfcf974a46098f5123830ac5cb
446,18,UNKNOWN,10,bounded_layer_scan,8fba55cea0f98be36fab7b65349dda867a58aabfcf974a46098f5123830ac5cb
447,17,UNKNOWN,10,bounded_layer_scan,8fba55cea0f98be36fab7b65349dda867a58aabfcf974a46098f5123830ac5cb
447,18,UNKNOWN,10,bounded_layer_scan,8fba55cea0f98be36fab7b65349dda867a58aabfcf974a46098f5123830ac5cb
448,17,UNKNOWN,10,bounded_layer_scan,8fba55cea0f98be36fab7b65349dda867a58aabfcf974a46098f5123830ac5cb
448,18,UNKNOWN,10,bounded_layer_scan,8fba55cea0f98be36fab7b65349dda867a58aabfcf974a46098f5123830ac5cb
449,17,SAT,10,bounded_layer_scan,98c5124549a61cc222b133cf305dea0ded592e1a6e1c1d834242c14b264582de
449,18,UNKNOWN,10,bounded_layer_scan,8fba55cea0f98be36fab7b65349dda867a58aabfcf974a46098f5123830ac5cb
450,17,SAT,10,bounded_layer_scan,f00fa43ef9f181a3a0db53ee83a3bf2eaf9829fc783ab4762a20e989e2b5636e
450,18,UNKNOWN,10,bounded_layer_scan,8fba55cea0f98be36fab7b65349dda867a58aabfcf974a46098f5123830ac5cb
451,17,UNKNOWN,10,bounded_layer_scan,8fba55cea0f98be36fab7b65349dda867a58aabfcf974a46098f5123830ac5cb
451,18,UNKNOWN,10,bounded_layer_scan,8fba55cea0f98be36fab7b65349dda867a58aabfcf974a46098f5123830ac5cb
452,17,UNKNOWN,10,bounded_layer_scan,8fba55cea0f98be36fab7b65349dda867a58aabfcf974a46098f5123830ac5cb
452,18,UNKNOWN,10,bounded_layer_scan,8fba55cea0f98be36fab7b65349dda867a58aabfcf974a46098f5123830ac5cb
453,17,UNKNOWN,10,bounded_layer_scan,8fba55cea0f98be36fab7b65349dda867a58aabfcf974a46098f5123830ac5cb
453,18,UNKNOWN,10,bounded_layer_scan,8fba55cea0f98be36fab7b65349dda867a58aabfcf974a46098f5123830ac5cb
454,17,UNKNOWN,10,bounded_layer_scan,8fba55cea0f98be36fab7b65349dda867a58aabfcf974a46098f5123830ac5cb
454,18,UNKNOWN,10,bounded_layer_scan,8fba55cea0f98be36fab7b65349dda867a58aabfcf974a46098f5123830ac5cb
455,17,UNKNOWN,10,bounded_layer_scan,8fba55cea0f98be36fab7b65349dda867a58aabfcf974a46098f5123830ac5cb
455,18,UNKNOWN,10,bounded_layer_scan,8fba55cea0f98be36fab7b65349dda867a58aabfcf974a46098f5123830ac5cb
456,17,UNKNOWN,10,bounded_layer_scan,8fba55cea0f98be36fab7b65349dda867a58aabfcf974a46098f5123830ac5cb
456,18,UNKNOWN,10,bounded_layer_scan,8fba55cea0f98be36fab7b65349dda867a58aabfcf974a46098f5123830ac5cb
457,17,UNKNOWN,10,bounded_layer_scan,8fba55cea0f98be36fab7b65349dda867a58aabfcf974a46098f5123830ac5cb
457,18,UNKNOWN,10,bounded_layer_scan,8fba55cea0f98be36fab7b65349dda867a58aabfcf974a46098f5123830ac5cb
458,17,UNKNOWN,10,bounded_layer_scan,8fba55cea0f98be36fab7b65349dda867a58aabfcf974a46098f5123830ac5cb
458,18,UNKNOWN,10,bounded_layer_scan,8fba55cea0f98be36fab7b65349dda867a58aabfcf974a46098f5123830ac5cb
459,17,UNKNOWN,10,bounded_layer_scan,8fba55cea0f98be36fab7b65349dda867a58aabfcf974a46098f5123830ac5cb
459,18,UNKNOWN,10,bounded_layer_scan,8fba55cea0f98be36fab7b65349dda867a58aabfcf974a46098f5123830ac5cb
460,17,UNKNOWN,10,bounded_layer_scan,8fba55cea0f98be36fab7b65349dda867a58aabfcf974a46098f5123830ac5cb
460,18,UNKNOWN,10,bounded_layer_scan,8fba55cea0f98be36fab7b65349dda867a58aabfcf974a46098f5123830ac5cb
461,17,UNKNOWN,10,bounded_layer_scan,8fba55cea0f98be36fab7b65349dda867a58aabfcf974a46098f5123830ac5cb
461,18,UNKNOWN,10,bounded_layer_scan,8fba55cea0f98be36fab7b65349dda867a58aabfcf974a46098f5123830ac5cb
462,17,UNKNOWN,10,bounded_layer_scan,8fba55cea0f98be36fab7b65349dda867a58aabfcf974a46098f5123830ac5cb
462,18,UNKNOWN,10,bounded_layer_scan,8fba55cea0f98be36fab7b65349dda867a58aabfcf974a46098f5123830ac5cb
463,17,UNKNOWN,10,bounded_layer_scan,8fba55cea0f98be36fab7b65349dda867a58aabfcf974a46098f5123830ac5cb
463,18,UNKNOWN,10,bounded_layer_scan,8fba55cea0f98be36fab7b65349dda867a58aabfcf974a46098f5123830ac5cb
464,17,UNKNOWN,10,bounded_layer_scan,8fba55cea0f98be36fab7b65349dda867a58aabfcf974a46098f5123830ac5cb
464,18,UNKNOWN,10,bounded_layer_scan,8fba55cea0f98be36fab7b65349dda867a58aabfcf974a46098f5123830ac5cb
465,17,UNKNOWN,10,bounded_layer_scan,8fba55cea0f98be36fab7b65349dda867a58aabfcf974a46098f5123830ac5cb
465,18,UNKNOWN,10,bounded_layer_scan,8fba55cea0f98be36fab7b65349dda867a58aabfcf974a46098f5123830ac5cb
466,17,UNKNOWN,10,bounded_layer_scan,8fba55cea0f98be36fab7b65349dda867a58aabfcf974a46098f5123830ac5cb
466,18,UNKNOWN,10,bounded_layer_scan,8fba55cea0f98be36fab7b65349dda867a58aabfcf974a46098f5123830ac5cb
467,17,UNKNOWN,10,bounded_layer_scan,8fba55cea0f98be36fab7b65349dda867a58aabfcf974a46098f5123830ac5cb
467,18,UNKNOWN,10,bounded_layer_scan,8fba55cea0f98be36fab7b65349dda867a58aabfcf974a46098f5123830ac5cb
468,17,UNKNOWN,10,bounded_layer_scan,8fba55cea0f98be36fab7b65349dda867a58aabfcf974a46098f5123830ac5cb
468,18,UNKNOWN,10,bounded_layer_scan,8fba55cea0f98be36fab7b65349dda867a58aabfcf974a46098f5123830ac5cb
469,17,UNKNOWN,10,bounded_layer_scan,8fba55cea0f98be36fab7b65349dda867a58aabfcf974a46098f5123830ac5cb
469,18,UNKNOWN,10,bounded_layer_scan,8fba55cea0f98be36fab7b65349dda867a58aabfcf974a46098f5123830ac5cb
470,17,UNKNOWN,10,bounded_layer_scan,8fba55cea0f98be36fab7b65349dda867a58aabfcf974a46098f5123830ac5cb
470,18,UNKNOWN,10,bounded_layer_scan,8fba55cea0f98be36fab7b65349dda867a58aabfcf974a46098f5123830ac5cb
471,17,UNKNOWN,10,bounded_layer_scan,8fba55cea0f98be36fab7b65349dda867a58aabfcf974a46098f5123830ac5cb
471,18,UNKNOWN,10,bounded_layer_scan,8fba55cea0f98be36fab7b65349dda867a58aabfcf974a46098f5123830ac5cb
472,17,UNKNOWN,10,bounded_layer_scan,8fba55cea0f98be36fab7b65349dda867a58aabfcf974a46098f5123830ac5cb
472,18,UNKNOWN,10,bounded_layer_scan,8fba55cea0f98be36fab7b65349dda867a58aabfcf974a46098f5123830ac5cb
473,17,UNKNOWN,10,bounded_layer_scan,8fba55cea0f98be36fab7b65349dda867a58aabfcf974a46098f5123830ac5cb
473,18,UNKNOWN,10,bounded_layer_scan,8fba55cea0f98be36fab7b65349dda867a58aabfcf974a46098f5123830ac5cb
474,17,UNKNOWN,10,bounded_layer_scan,8fba55cea0f98be36fab7b65349dda867a58aabfcf974a46098f5123830ac5cb
474,18,UNKNOWN,10,bounded_layer_scan,8fba55cea0f98be36fab7b65349dda867a58aabfcf974a46098f5123830ac5cb
475,17,UNKNOWN,10,bounded_layer_scan,8fba55cea0f98be36fab7b65349dda867a58aabfcf974a46098f5123830ac5cb
475,18,UNKNOWN,10,bounded_layer_scan,8fba55cea0f98be36fab7b65349dda867a58aabfcf974a46098f5123830ac5cb
476,17,UNKNOWN,10,bounded_layer_scan,8fba55cea0f98be36fab7b65349dda867a58aabfcf974a46098f5123830ac5cb
476,18,UNKNOWN,10,bounded_layer_scan,8fba55cea0f98be36fab7b65349dda867a58aabfcf974a46098f5123830ac5cb
477,17,UNKNOWN,10,bounded_layer_scan,8fba55cea0f98be36fab7b65349dda867a58aabfcf974a46098f5123830ac5cb
477,18,UNKNOWN,10,bounded_layer_scan,8fba55cea0f98be36fab7b65349dda867a58aabfcf974a46098f5123830ac5cb
478,17,UNKNOWN,10,bounded_layer_scan,8fba55cea0f98be36fab7b65349dda867a58aabfcf974a46098f5123830ac5cb
478,18,UNKNOWN,10,bounded_layer_scan,8fba55cea0f98be36fab7b65349dda867a58aabfcf974a46098f5123830ac5cb
479,17,UNKNOWN,10,bounded_layer_scan,8fba55cea0f98be36fab7b65349dda867a58aabfcf974a46098f5123830ac5cb
479,18,UNKNOWN,10,bounded_layer_scan,8fba55cea0f98be36fab7b65349dda867a58aabfcf974a46098f5123830ac5cb
480,17,UNKNOWN,10,bounded_layer_scan,8fba55cea0f98be36fab7b65349dda867a58aabfcf974a46098f5123830ac5cb
480,18,UNKNOWN,10,bounded_layer_scan,8fba55cea0f98be36fab7b65349dda867a58aabfcf974a46098f5123830ac5cb
481,17,UNKNOWN,10,bounded_layer_scan,8fba55cea0f98be36fab7b65349dda867a58aabfcf974a46098f5123830ac5cb
481,18,UNKNOWN,10,bounded_layer_scan,8fba55cea0f98be36fab7b65349dda867a58aabfcf974a46098f5123830ac5cb
482,17,UNKNOWN,10,bounded_layer_scan,8fba55cea0f98be36fab7b65349dda867a58aabfcf974a46098f5123830ac5cb
482,18,UNKNOWN,10,bounded_layer_scan,8fba55cea0f98be36fab7b65349dda867a58aabfcf974a46098f5123830ac5cb
483,17,UNKNOWN,10,bounded_layer_scan,8fba55cea0f98be36fab7b65349dda867a58aabfcf974a46098f5123830ac5cb
483,18,UNKNOWN,10,bounded_layer_scan,8fba55cea0f98be36fab7b65349dda867a58aabfcf974a46098f5123830ac5cb
484,17,UNKNOWN,10,bounded_layer_scan,8fba55cea0f98be36fab7b65349dda867a58aabfcf974a46098f5123830ac5cb
484,18,UNKNOWN,10,bounded_layer_scan,8fba55cea0f98be36fab7b65349dda867a58aabfcf974a46098f5123830ac5cb
485,17,UNKNOWN,10,bounded_layer_scan,8fba55cea0f98be36fab7b65349dda867a58aabfcf974a46098f5123830ac5cb
485,18,UNKNOWN,10,bounded_layer_scan,8fba55cea0f98be36fab7b65349dda867a58aabfcf974a46098f5123830ac5cb
486,17,UNKNOWN,10,bounded_layer_scan,8fba55cea0f98be36fab7b65349dda867a58aabfcf974a46098f5123830ac5cb
486,18,UNKNOWN,10,bounded_layer_scan,8fba55cea0f98be36fab7b65349dda867a58aabfcf974a46098f5123830ac5cb
487,17,UNKNOWN,10,bounded_layer_scan,8fba55cea0f98be36fab7b65349dda867a58aabfcf974a46098f5123830ac5cb
487,18,SAT,10,bounded_layer_scan,3095cbc34c9f05d2c3136bda51bf1423683af3ce3a1e2daa979844c444b96904
488,17,UNKNOWN,10,bounded_layer_scan,8fba55cea0f98be36fab7b65349dda867a58aabfcf974a46098f5123830ac5cb
488,18,UNKNOWN,10,bounded_layer_scan,8fba55cea0f98be36fab7b65349dda867a58aabfcf974a46098f5123830ac5cb
489,17,UNKNOWN,10,bounded_layer_scan,8fba55cea0f98be36fab7b65349dda867a58aabfcf974a46098f5123830ac5cb
489,18,UNKNOWN,10,bounded_layer_scan,8fba55cea0f98be36fab7b65349dda867a58aabfcf974a46098f5123830ac5cb
490,17,UNKNOWN,10,bounded_layer_scan,8fba55cea0f98be36fab7b65349dda867a58aabfcf974a46098f5123830ac5cb
490,18,UNKNOWN,10,bounded_layer_scan,8fba55cea0f98be36fab7b65349dda867a58aabfcf974a46098f5123830ac5cb
491,17,UNKNOWN,10,bounded_layer_scan,8fba55cea0f98be36fab7b65349dda867a58aabfcf974a46098f5123830ac5cb
491,18,UNKNOWN,10,bounded_layer_scan,8fba55cea0f98be36fab7b65349dda867a58aabfcf974a46098f5123830ac5cb
492,17,SAT,10,bounded_layer_scan,201c359486d694b598302ee02e0317945d9bf192ee88f521d0f653a4c78f3363
492,18,UNKNOWN,10,bounded_layer_scan,8fba55cea0f98be36fab7b65349dda867a58aabfcf974a46098f5123830ac5cb
493,17,UNKNOWN,10,bounded_layer_scan,8fba55cea0f98be36fab7b65349dda867a58aabfcf974a46098f5123830ac5cb
493,18,UNKNOWN,10,bounded_layer_scan,8fba55cea0f98be36fab7b65349dda867a58aabfcf974a46098f5123830ac5cb
494,17,UNKNOWN,10,bounded_layer_scan,8fba55cea0f98be36fab7b65349dda867a58aabfcf974a46098f5123830ac5cb
494,18,UNKNOWN,10,bounded_layer_scan,8fba55cea0f98be36fab7b65349dda867a58aabfcf974a46098f5123830ac5cb
495,17,UNKNOWN,10,bounded_layer_scan,8fba55cea0f98be36fab7b65349dda867a58aabfcf974a46098f5123830ac5cb
495,18,SAT,10,bounded_layer_scan,6cd62752f3d253b8ebf703a13215250eebadb2850ce701f53be4eed420ecf5f8
496,17,UNKNOWN,10,bounded_layer_scan,8fba55cea0f98be36fab7b65349dda867a58aabfcf974a46098f5123830ac5cb
496,18,UNKNOWN,10,bounded_layer_scan,8fba55cea0f98be36fab7b65349dda867a58aabfcf974a46098f5123830ac5cb
497,17,UNKNOWN,10,bounded_layer_scan,8fba55cea0f98be36fab7b65349dda867a58aabfcf974a46098f5123830ac5cb
497,18,UNKNOWN,10,bounded_layer_scan,8fba55cea0f98be36fab7b65349dda867a58aabfcf974a46098f5123830ac5cb
498,17,UNKNOWN,10,bounded_layer_scan,8fba55cea0f98be36fab7b65349dda867a58aabfcf974a46098f5123830ac5cb
498,18,UNKNOWN,10,bounded_layer_scan,8fba55cea0f98be36fab7b65349dda867a58aabfcf974a46098f5123830ac5cb
499,17,UNKNOWN,10,bounded_layer_scan,8fba55cea0f98be36fab7b65349dda867a58aabfcf974a46098f5123830ac5cb
499,18,UNKNOWN,10,bounded_layer_scan,8fba55cea0f98be36fab7b65349dda867a58aabfcf974a46098f5123830ac5cb
500,17,UNKNOWN,10,bounded_layer_scan,8fba55cea0f98be36fab7b65349dda867a58aabfcf974a46098f5123830ac5cb
500,18,UNKNOWN,10,bounded_layer_scan,8fba55cea0f98be36fab7b65349dda867a58aabfcf974a46098f5123830ac5cb
501,17,UNKNOWN,10,bounded_layer_scan,8fba55cea0f98be36fab7b65349dda867a58aabfcf974a46098f5123830ac5cb
501,18,UNKNOWN,10,bounded_layer_scan,8fba55cea0f98be36fab7b65349dda867a58aabfcf974a46098f5123830ac5cb
502,17,UNKNOWN,10,bounded_layer_scan,8fba55cea0f98be36fab7b65349dda867a58aabfcf974a46098f5123830ac5cb
502,18,UNKNOWN,10,bounded_layer_scan,8fba55cea0f98be36fab7b65349dda867a58aabfcf974a46098f5123830ac5cb
503,17,UNKNOWN,10,bounded_layer_scan,8fba55cea0f98be36fab7b65349dda867a58aabfcf974a46098f5123830ac5cb
503,18,UNKNOWN,10,bounded_layer_scan,8fba55cea0f98be36fab7b65349dda867a58aabfcf974a46098f5123830ac5cb
504,17,UNKNOWN,10,bounded_layer_scan,8fba55cea0f98be36fab7b65349dda867a58aabfcf974a46098f5123830ac5cb
504,18,UNKNOWN,10,bounded_layer_scan,8fba55cea0f98be36fab7b65349dda867a58aabfcf974a46098f5123830ac5cb
505,17,UNKNOWN,10,bounded_layer_scan,8fba55cea0f98be36fab7b65349dda867a58aabfcf974a46098f5123830ac5cb
505,18,UNKNOWN,10,bounded_layer_scan,8fba55cea0f98be36fab7b65349dda867a58aabfcf974a46098f5123830ac5cb
506,17,UNKNOWN,10,bounded_layer_scan,8fba55cea0f98be36fab7b65349dda867a58aabfcf974a46098f5123830ac5cb
506,18,UNKNOWN,10,bounded_layer_scan,8fba55cea0f98be36fab7b65349dda867a58aabfcf974a46098f5123830ac5cb
507,17,UNKNOWN,10,bounded_layer_scan,8fba55cea0f98be36fab7b65349dda867a58aabfcf974a46098f5123830ac5cb
507,18,UNKNOWN,10,bounded_layer_scan,8fba55cea0f98be36fab7b65349dda867a58aabfcf974a46098f5123830ac5cb
508,17,UNKNOWN,10,bounded_layer_scan,8fba55cea0f98be36fab7b65349dda867a58aabfcf974a46098f5123830ac5cb
508,18,UNKNOWN,10,bounded_layer_scan,8fba55cea0f98be36fab7b65349dda867a58aabfcf974a46098f5123830ac5cb
509,17,UNKNOWN,10,bounded_layer_scan,8fba55cea0f98be36fab7b65349dda867a58aabfcf974a46098f5123830ac5cb
509,18,UNKNOWN,10,bounded_layer_scan,8fba55cea0f98be36fab7b65349dda867a58aabfcf974a46098f5123830ac5cb
510,17,SAT,10,bounded_layer_scan,cab6fe12fb5d34f0bf2bd26361aedc8486633b16046e3d1f82e068851576e9bc
510,18,UNKNOWN,10,bounded_layer_scan,8fba55cea0f98be36fab7b65349dda867a58aabfcf974a46098f5123830ac5cb
511,17,UNKNOWN,10,bounded_layer_scan,8fba55cea0f98be36fab7b65349dda867a58aabfcf974a46098f5123830ac5cb
511,18,UNKNOWN,10,bounded_layer_scan,8fba55cea0f98be36fab7b65349dda867a58aabfcf974a46098f5123830ac5cb
512,17,UNKNOWN,10,bounded_layer_scan,8fba55cea0f98be36fab7b65349dda867a58aabfcf974a46098f5123830ac5cb
512,18,UNKNOWN,10,bounded_layer_scan,8fba55cea0f98be36fab7b65349dda867a58aabfcf974a46098f5123830ac5cb
513,17,UNKNOWN,10,bounded_layer_scan,8fba55cea0f98be36fab7b65349dda867a58aabfcf974a46098f5123830ac5cb
513,18,UNKNOWN,10,bounded_layer_scan,8fba55cea0f98be36fab7b65349dda867a58aabfcf974a46098f5123830ac5cb
514,17,UNKNOWN,10,bounded_layer_scan,8fba55cea0f98be36fab7b65349dda867a58aabfcf974a46098f5123830ac5cb
514,18,UNKNOWN,10,bounded_layer_scan,8fba55cea0f98be36fab7b65349dda867a58aabfcf974a46098f5123830ac5cb
515,17,UNKNOWN,10,bounded_layer_scan,8fba55cea0f98be36fab7b65349dda867a58aabfcf974a46098f5123830ac5cb
515,18,UNKNOWN,10,bounded_layer_scan,8fba55cea0f98be36fab7b65349dda867a58aabfcf974a46098f5123830ac5cb
516,17,UNKNOWN,10,bounded_layer_scan,8fba55cea0f98be36fab7b65349dda867a58aabfcf974a46098f5123830ac5cb
516,18,UNKNOWN,10,bounded_layer_scan,8fba55cea0f98be36fab7b65349dda867a58aabfcf974a46098f5123830ac5cb
517,17,UNKNOWN,10,bounded_layer_scan,8fba55cea0f98be36fab7b65349dda867a58aabfcf974a46098f5123830ac5cb
517,18,UNKNOWN,10,bounded_layer_scan,8fba55cea0f98be36fab7b65349dda867a58aabfcf974a46098f5123830ac5cb
518,17,UNKNOWN,10,bounded_layer_scan,8fba55cea0f98be36fab7b65349dda867a58aabfcf974a46098f5123830ac5cb
518,18,UNKNOWN,10,bounded_layer_scan,8fba55cea0f98be36fab7b65349dda867a58aabfcf974a46098f5123830ac5cb
519,17,UNKNOWN,10,bounded_layer_scan,8fba55cea0f98be36fab7b65349dda867a58aabfcf974a46098f5123830ac5cb
519,18,UNKNOWN,10,bounded_layer_scan,8fba55cea0f98be36fab7b65349dda867a58aabfcf974a46098f5123830ac5cb
520,17,UNKNOWN,10,bounded_layer_scan,8fba55cea0f98be36fab7b65349dda867a58aabfcf974a46098f5123830ac5cb
520,18,UNKNOWN,10,bounded_layer_scan,8fba55cea0f98be36fab7b65349dda867a58aabfcf974a46098f5123830ac5cb
521,17,UNKNOWN,10,bounded_layer_scan,8fba55cea0f98be36fab7b65349dda867a58aabfcf974a46098f5123830ac5cb
521,18,UNKNOWN,10,bounded_layer_scan,8fba55cea0f98be36fab7b65349dda867a58aabfcf974a46098f5123830ac5cb
522,17,UNKNOWN,10,bounded_layer_scan,8fba55cea0f98be36fab7b65349dda867a58aabfcf974a46098f5123830ac5cb
522,18,UNKNOWN,10,bounded_layer_scan,8fba55cea0f98be36fab7b65349dda867a58aabfcf974a46098f5123830ac5cb
523,17,UNKNOWN,10,bounded_layer_scan,8fba55cea0f98be36fab7b65349dda867a58aabfcf974a46098f5123830ac5cb
523,18,UNKNOWN,10,bounded_layer_scan,8fba55cea0f98be36fab7b65349dda867a58aabfcf974a46098f5123830ac5cb
524,17,UNKNOWN,10,bounded_layer_scan,8fba55cea0f98be36fab7b65349dda867a58aabfcf974a46098f5123830ac5cb
524,18,UNKNOWN,10,bounded_layer_scan,8fba55cea0f98be36fab7b65349dda867a58aabfcf974a46098f5123830ac5cb
525,17,UNKNOWN,10,bounded_layer_scan,8fba55cea0f98be36fab7b65349dda867a58aabfcf974a46098f5123830ac5cb
525,18,UNKNOWN,10,bounded_layer_scan,8fba55cea0f98be36fab7b65349dda867a58aabfcf974a46098f5123830ac5cb
526,17,UNKNOWN,10,bounded_layer_scan,8fba55cea0f98be36fab7b65349dda867a58aabfcf974a46098f5123830ac5cb
526,18,UNKNOWN,10,bounded_layer_scan,8fba55cea0f98be36fab7b65349dda867a58aabfcf974a46098f5123830ac5cb
527,17,UNKNOWN,10,bounded_layer_scan,8fba55cea0f98be36fab7b65349dda867a58aabfcf974a46098f5123830ac5cb
527,18,UNKNOWN,10,bounded_layer_scan,8fba55cea0f98be36fab7b65349dda867a58aabfcf974a46098f5123830ac5cb
528,17,UNKNOWN,10,bounded_layer_scan,8fba55cea0f98be36fab7b65349dda867a58aabfcf974a46098f5123830ac5cb
528,18,UNKNOWN,10,bounded_layer_scan,8fba55cea0f98be36fab7b65349dda867a58aabfcf974a46098f5123830ac5cb
529,17,UNKNOWN,10,bounded_layer_scan,8fba55cea0f98be36fab7b65349dda867a58aabfcf974a46098f5123830ac5cb
529,18,UNKNOWN,10,bounded_layer_scan,8fba55cea0f98be36fab7b65349dda867a58aabfcf974a46098f5123830ac5cb
530,17,UNKNOWN,10,bounded_layer_scan,8fba55cea0f98be36fab7b65349dda867a58aabfcf974a46098f5123830ac5cb
530,18,UNKNOWN,10,bounded_layer_scan,8fba55cea0f98be36fab7b65349dda867a58aabfcf974a46098f5123830ac5cb
531,17,UNKNOWN,10,bounded_layer_scan,8fba55cea0f98be36fab7b65349dda867a58aabfcf974a46098f5123830ac5cb
531,18,SAT,10,bounded_layer_scan,e968576727dd1276234e4e4786141055260eb9bff9a3a7c1c3803f1bcc604ea1
532,17,UNKNOWN,10,bounded_layer_scan,8fba55cea0f98be36fab7b65349dda867a58aabfcf974a46098f5123830ac5cb
532,18,UNKNOWN,10,bounded_layer_scan,8fba55cea0f98be36fab7b65349dda867a58aabfcf974a46098f5123830ac5cb
533,17,UNKNOWN,10,bounded_layer_scan,8fba55cea0f98be36fab7b65349dda867a58aabfcf974a46098f5123830ac5cb
533,18,UNKNOWN,10,bounded_layer_scan,8fba55cea0f98be36fab7b65349dda867a58aabfcf974a46098f5123830ac5cb
534,17,UNKNOWN,10,bounded_layer_scan,8fba55cea0f98be36fab7b65349dda867a58aabfcf974a46098f5123830ac5cb
534,18,UNKNOWN,10,bounded_layer_scan,8fba55cea0f98be36fab7b65349dda867a58aabfcf974a46098f5123830ac5cb
535,17,UNKNOWN,10,bounded_layer_scan,8fba55cea0f98be36fab7b65349dda867a58aabfcf974a46098f5123830ac5cb
535,18,UNKNOWN,10,bounded_layer_scan,8fba55cea0f98be36fab7b65349dda867a58aabfcf974a46098f5123830ac5cb
536,17,UNKNOWN,10,bounded_layer_scan,8fba55cea0f98be36fab7b65349dda867a58aabfcf974a46098f5123830ac5cb
536,18,UNKNOWN,10,bounded_layer_scan,8fba55cea0f98be36fab7b65349dda867a58aabfcf974a46098f5123830ac5cb
537,17,UNKNOWN,10,bounded_layer_scan,8fba55cea0f98be36fab7b65349dda867a58aabfcf974a46098f5123830ac5cb
537,18,UNKNOWN,10,bounded_layer_scan,8fba55cea0f98be36fab7b65349dda867a58aabfcf974a46098f5123830ac5cb
538,17,UNKNOWN,10,bounded_layer_scan,8fba55cea0f98be36fab7b65349dda867a58aabfcf974a46098f5123830ac5cb
538,18,UNKNOWN,10,bounded_layer_scan,8fba55cea0f98be36fab7b65349dda867a58aabfcf974a46098f5123830ac5cb
539,17,UNKNOWN,10,bounded_layer_scan,8fba55cea0f98be36fab7b65349dda867a58aabfcf974a46098f5123830ac5cb
539,18,UNKNOWN,10,bounded_layer_scan,8fba55cea0f98be36fab7b65349dda867a58aabfcf974a46098f5123830ac5cb
540,17,UNKNOWN,10,bounded_layer_scan,8fba55cea0f98be36fab7b65349dda867a58aabfcf974a46098f5123830ac5cb
540,18,UNKNOWN,10,bounded_layer_scan,8fba55cea0f98be36fab7b65349dda867a58aabfcf974a46098f5123830ac5cb
541,17,UNKNOWN,10,bounded_layer_scan,8fba55cea0f98be36fab7b65349dda867a58aabfcf974a46098f5123830ac5cb
541,18,UNKNOWN,10,bounded_layer_scan,8fba55cea0f98be36fab7b65349dda867a58aabfcf974a46098f5123830ac5cb
542,17,UNKNOWN,10,bounded_layer_scan,8fba55cea0f98be36fab7b65349dda867a58aabfcf974a46098f5123830ac5cb
542,18,UNKNOWN,10,bounded_layer_scan,8fba55cea0f98be36fab7b65349dda867a58aabfcf974a46098f5123830ac5cb
543,17,UNKNOWN,10,bounded_layer_scan,8fba55cea0f98be36fab7b65349dda867a58aabfcf974a46098f5123830ac5cb
543,18,UNKNOWN,10,bounded_layer_scan,8fba55cea0f98be36fab7b65349dda867a58aabfcf974a46098f5123830ac5cb
544,17,UNKNOWN,10,bounded_layer_scan,8fba55cea0f98be36fab7b65349dda867a58aabfcf974a46098f5123830ac5cb
544,18,UNKNOWN,10,bounded_layer_scan,8fba55cea0f98be36fab7b65349dda867a58aabfcf974a46098f5123830ac5cb
545,17,UNKNOWN,10,bounded_layer_scan,8fba55cea0f98be36fab7b65349dda867a58aabfcf974a46098f5123830ac5cb
545,18,UNKNOWN,10,bounded_layer_scan,8fba55cea0f98be36fab7b65349dda867a58aabfcf974a46098f5123830ac5cb
546,17,UNKNOWN,10,bounded_layer_scan,8fba55cea0f98be36fab7b65349dda867a58aabfcf974a46098f5123830ac5cb
546,18,UNKNOWN,10,bounded_layer_scan,8fba55cea0f98be36fab7b65349dda867a58aabfcf974a46098f5123830ac5cb
547,17,UNKNOWN,10,bounded_layer_scan,8fba55cea0f98be36fab7b65349dda867a58aabfcf974a46098f5123830ac5cb
547,18,UNKNOWN,10,bounded_layer_scan,8fba55cea0f98be36fab7b65349dda867a58aabfcf974a46098f5123830ac5cb
548,17,UNKNOWN,10,bounded_layer_scan,8fba55cea0f98be36fab7b65349dda867a58aabfcf974a46098f5123830ac5cb
548,18,UNKNOWN,10,bounded_layer_scan,8fba55cea0f98be36fab7b65349dda867a58aabfcf974a46098f5123830ac5cb
549,17,UNKNOWN,10,bounded_layer_scan,8fba55cea0f98be36fab7b65349dda867a58aabfcf974a46098f5123830ac5cb
549,18,UNKNOWN,10,bounded_layer_scan,8fba55cea0f98be36fab7b65349dda867a58aabfcf974a46098f5123830ac5cb
550,17,UNKNOWN,10,bounded_layer_scan,8fba55cea0f98be36fab7b65349dda867a58aabfcf974a46098f5123830ac5cb
550,18,SAT,10,bounded_layer_scan,f5b7b559f9819f86df1294f28044b964b7ed43d2e1856662e582815913a3c0c3
551,17,UNKNOWN,10,bounded_layer_scan,8fba55cea0f98be36fab7b65349dda867a58aabfcf974a46098f5123830ac5cb
551,18,UNKNOWN,10,bounded_layer_scan,8fba55cea0f98be36fab7b65349dda867a58aabfcf974a46098f5123830ac5cb
552,17,UNKNOWN,10,bounded_layer_scan,8fba55cea0f98be36fab7b65349dda867a58aabfcf974a46098f5123830ac5cb
552,18,UNKNOWN,10,bounded_layer_scan,8fba55cea0f98be36fab7b65349dda867a58aabfcf974a46098f5123830ac5cb
553,17,UNKNOWN,10,bounded_layer_scan,8fba55cea0f98be36fab7b65349dda867a58aabfcf974a46098f5123830ac5cb
553,18,UNKNOWN,10,bounded_layer_scan,8fba55cea0f98be36fab7b65349dda867a58aabfcf974a46098f5123830ac5cb
554,17,UNKNOWN,10,bounded_layer_scan,8fba55cea0f98be36fab7b65349dda867a58aabfcf974a46098f5123830ac5cb
554,18,UNKNOWN,10,bounded_layer_scan,8fba55cea0f98be36fab7b65349dda867a58aabfcf974a46098f5123830ac5cb
555,17,UNKNOWN,10,bounded_layer_scan,8fba55cea0f98be36fab7b65349dda867a58aabfcf974a46098f5123830ac5cb
555,18,UNKNOWN,10,bounded_layer_scan,8fba55cea0f98be36fab7b65349dda867a58aabfcf974a46098f5123830ac5cb
556,17,UNKNOWN,10,bounded_layer_scan,8fba55cea0f98be36fab7b65349dda867a58aabfcf974a46098f5123830ac5cb
556,18,UNKNOWN,10,bounded_layer_scan,8fba55cea0f98be36fab7b65349dda867a58aabfcf974a46098f5123830ac5cb
557,17,UNKNOWN,10,bounded_layer_scan,8fba55cea0f98be36fab7b65349dda867a58aabfcf974a46098f5123830ac5cb
557,18,UNKNOWN,10,bounded_layer_scan,8fba55cea0f98be36fab7b65349dda867a58aabfcf974a46098f5123830ac5cb
558,17,UNKNOWN,10,bounded_layer_scan,8fba55cea0f98be36fab7b65349dda867a58aabfcf974a46098f5123830ac5cb
558,18,UNKNOWN,10,bounded_layer_scan,8fba55cea0f98be36fab7b65349dda867a58aabfcf974a46098f5123830ac5cb
559,17,UNKNOWN,10,bounded_layer_scan,8fba55cea0f98be36fab7b65349dda867a58aabfcf974a46098f5123830ac5cb
559,18,SAT,10,bounded_layer_scan,6ea214f650d8c0259db04f50af048cf14e1ad125165ad5104011541ca995b74d
560,17,UNKNOWN,10,bounded_layer_scan,8fba55cea0f98be36fab7b65349dda867a58aabfcf974a46098f5123830ac5cb
560,18,UNKNOWN,10,bounded_layer_scan,8fba55cea0f98be36fab7b65349dda867a58aabfcf974a46098f5123830ac5cb
561,17,UNKNOWN,10,bounded_layer_scan,8fba55cea0f98be36fab7b65349dda867a58aabfcf974a46098f5123830ac5cb
561,18,UNKNOWN,10,bounded_layer_scan,8fba55cea0f98be36fab7b65349dda867a58aabfcf974a46098f5123830ac5cb
562,17,UNKNOWN,10,bounded_layer_scan,8fba55cea0f98be36fab7b65349dda867a58aabfcf974a46098f5123830ac5cb
562,18,UNKNOWN,10,bounded_layer_scan,8fba55cea0f98be36fab7b65349dda867a58aabfcf974a46098f5123830ac5cb
563,17,SAT,10,bounded_layer_scan,e1c88819708e34c5fb8cca36ee61a93f8273f4525b1f30659e76adeb97ac4ce7
563,18,SAT,10,bounded_layer_scan,75ec18bebe6a78c9f502dadc951b05ca4f80ff4693198631b5a45df34ddfa8ae
564,17,UNKNOWN,10,bounded_layer_scan,8fba55cea0f98be36fab7b65349dda867a58aabfcf974a46098f5123830ac5cb
564,18,UNKNOWN,10,bounded_layer_scan,8fba55cea0f98be36fab7b65349dda867a58aabfcf974a46098f5123830ac5cb
565,17,UNKNOWN,10,bounded_layer_scan,8fba55cea0f98be36fab7b65349dda867a58aabfcf974a46098f5123830ac5cb
565,18,UNKNOWN,10,bounded_layer_scan,8fba55cea0f98be36fab7b65349dda867a58aabfcf974a46098f5123830ac5cb
566,17,UNKNOWN,10,bounded_layer_scan,8fba55cea0f98be36fab7b65349dda867a58aabfcf974a46098f5123830ac5cb
566,18,UNKNOWN,10,bounded_layer_scan,8fba55cea0f98be36fab7b65349dda867a58aabfcf974a46098f5123830ac5cb
567,17,UNKNOWN,10,bounded_layer_scan,8fba55cea0f98be36fab7b65349dda867a58aabfcf974a46098f5123830ac5cb
567,18,UNKNOWN,10,bounded_layer_scan,8fba55cea0f98be36fab7b65349dda867a58aabfcf974a46098f5123830ac5cb
568,17,UNKNOWN,10,bounded_layer_scan,8fba55cea0f98be36fab7b65349dda867a58aabfcf974a46098f5123830ac5cb
568,18,UNKNOWN,10,bounded_layer_scan,8fba55cea0f98be36fab7b65349dda867a58aabfcf974a46098f5123830ac5cb
569,17,UNKNOWN,10,bounded_layer_scan,8fba55cea0f98be36fab7b65349dda867a58aabfcf974a46098f5123830ac5cb
569,18,UNKNOWN,10,bounded_layer_scan,8fba55cea0f98be36fab7b65349dda867a58aabfcf974a46098f5123830ac5cb
570,17,UNKNOWN,10,bounded_layer_scan,8fba55cea0f98be36fab7b65349dda867a58aabfcf974a46098f5123830ac5cb
570,18,UNKNOWN,10,bounded_layer_scan,8fba55cea0f98be36fab7b65349dda867a58aabfcf974a46098f5123830ac5cb
571,17,UNKNOWN,10,bounded_layer_scan,8fba55cea0f98be36fab7b65349dda867a58aabfcf974a46098f5123830ac5cb
571,18,UNKNOWN,10,bounded_layer_scan,8fba55cea0f98be36fab7b65349dda867a58aabfcf974a46098f5123830ac5cb
572,17,UNKNOWN,10,bounded_layer_scan,8fba55cea0f98be36fab7b65349dda867a58aabfcf974a46098f5123830ac5cb
572,18,UNKNOWN,10,bounded_layer_scan,8fba55cea0f98be36fab7b65349dda867a58aabfcf974a46098f5123830ac5cb
573,17,UNKNOWN,10,bounded_layer_scan,8fba55cea0f98be36fab7b65349dda867a58aabfcf974a46098f5123830ac5cb
573,18,UNKNOWN,10,bounded_layer_scan,8fba55cea0f98be36fab7b65349dda867a58aabfcf974a46098f5123830ac5cb
574,17,UNKNOWN,10,bounded_layer_scan,8fba55cea0f98be36fab7b65349dda867a58aabfcf974a46098f5123830ac5cb
574,18,UNKNOWN,10,bounded_layer_scan,8fba55cea0f98be36fab7b65349dda867a58aabfcf974a46098f5123830ac5cb
575,17,UNKNOWN,10,bounded_layer_scan,8fba55cea0f98be36fab7b65349dda867a58aabfcf974a46098f5123830ac5cb
575,18,UNKNOWN,10,bounded_layer_scan,8fba55cea0f98be36fab7b65349dda867a58aabfcf974a46098f5123830ac5cb
576,17,UNKNOWN,10,bounded_layer_scan,8fba55cea0f98be36fab7b65349dda867a58aabfcf974a46098f5123830ac5cb
576,18,UNKNOWN,10,bounded_layer_scan,8fba55cea0f98be36fab7b65349dda867a58aabfcf974a46098f5123830ac5cb
577,17,UNKNOWN,10,bounded_layer_scan,8fba55cea0f98be36fab7b65349dda867a58aabfcf974a46098f5123830ac5cb
577,18,UNKNOWN,10,bounded_layer_scan,8fba55cea0f98be36fab7b65349dda867a58aabfcf974a46098f5123830ac5cb
578,17,UNKNOWN,10,bounded_layer_scan,8fba55cea0f98be36fab7b65349dda867a58aabfcf974a46098f5123830ac5cb
578,18,UNKNOWN,10,bounded_layer_scan,8fba55cea0f98be36fab7b65349dda867a58aabfcf974a46098f5123830ac5cb
579,17,UNKNOWN,10,bounded_layer_scan,8fba55cea0f98be36fab7b65349dda867a58aabfcf974a46098f5123830ac5cb
579,18,UNKNOWN,10,bounded_layer_scan,8fba55cea0f98be36fab7b65349dda867a58aabfcf974a46098f5123830ac5cb
580,17,UNKNOWN,10,bounded_layer_scan,8fba55cea0f98be36fab7b65349dda867a58aabfcf974a46098f5123830ac5cb
580,18,UNKNOWN,10,bounded_layer_scan,8fba55cea0f98be36fab7b65349dda867a58aabfcf974a46098f5123830ac5cb
581,17,UNKNOWN,10,bounded_layer_scan,8fba55cea0f98be36fab7b65349dda867a58aabfcf974a46098f5123830ac5cb
581,18,UNKNOWN,10,bounded_layer_scan,8fba55cea0f98be36fab7b65349dda867a58aabfcf974a46098f5123830ac5cb
582,17,UNKNOWN,10,bounded_layer_scan,8fba55cea0f98be36fab7b65349dda867a58aabfcf974a46098f5123830ac5cb
582,18,UNKNOWN,10,bounded_layer_scan,8fba55cea0f98be36fab7b65349dda867a58aabfcf974a46098f5123830ac5cb
583,17,UNKNOWN,10,bounded_layer_scan,8fba55cea0f98be36fab7b65349dda867a58aabfcf974a46098f5123830ac5cb
583,18,SAT,10,bounded_layer_scan,9e3c7979612653ab858f7fbe79c16ab148f3c5996eb434ce2bfddb866ce73b4a
584,17,UNKNOWN,10,bounded_layer_scan,8fba55cea0f98be36fab7b65349dda867a58aabfcf974a46098f5123830ac5cb
584,18,UNKNOWN,10,bounded_layer_scan,8fba55cea0f98be36fab7b65349dda867a58aabfcf974a46098f5123830ac5cb
585,17,UNKNOWN,10,bounded_layer_scan,8fba55cea0f98be36fab7b65349dda867a58aabfcf974a46098f5123830ac5cb
585,18,UNKNOWN,10,bounded_layer_scan,8fba55cea0f98be36fab7b65349dda867a58aabfcf974a46098f5123830ac5cb
586,17,UNKNOWN,10,bounded_layer_scan,8fba55cea0f98be36fab7b65349dda867a58aabfcf974a46098f5123830ac5cb
586,18,UNKNOWN,10,bounded_layer_scan,8fba55cea0f98be36fab7b65349dda867a58aabfcf974a46098f5123830ac5cb
587,17,UNKNOWN,10,bounded_layer_scan,8fba55cea0f98be36fab7b65349dda867a58aabfcf974a46098f5123830ac5cb
587,18,UNKNOWN,10,bounded_layer_scan,8fba55cea0f98be36fab7b65349dda867a58aabfcf974a46098f5123830ac5cb
588,17,UNKNOWN,10,bounded_layer_scan,8fba55cea0f98be36fab7b65349dda867a58aabfcf974a46098f5123830ac5cb
588,18,UNKNOWN,10,bounded_layer_scan,8fba55cea0f98be36fab7b65349dda867a58aabfcf974a46098f5123830ac5cb
589,17,UNKNOWN,10,bounded_layer_scan,8fba55cea0f98be36fab7b65349dda867a58aabfcf974a46098f5123830ac5cb
589,18,UNKNOWN,10,bounded_layer_scan,8fba55cea0f98be36fab7b65349dda867a58aabfcf974a46098f5123830ac5cb
590,17,UNKNOWN,10,bounded_layer_scan,8fba55cea0f98be36fab7b65349dda867a58aabfcf974a46098f5123830ac5cb
590,18,UNKNOWN,10,bounded_layer_scan,8fba55cea0f98be36fab7b65349dda867a58aabfcf974a46098f5123830ac5cb
591,17,UNKNOWN,10,bounded_layer_scan,8fba55cea0f98be36fab7b65349dda867a58aabfcf974a46098f5123830ac5cb
591,18,UNKNOWN,10,bounded_layer_scan,8fba55cea0f98be36fab7b65349dda867a58aabfcf974a46098f5123830ac5cb
592,17,UNKNOWN,10,bounded_layer_scan,8fba55cea0f98be36fab7b65349dda867a58aabfcf974a46098f5123830ac5cb
592,18,UNKNOWN,10,bounded_layer_scan,8fba55cea0f98be36fab7b65349dda867a58aabfcf974a46098f5123830ac5cb
593,17,UNKNOWN,10,bounded_layer_scan,8fba55cea0f98be36fab7b65349dda867a58aabfcf974a46098f5123830ac5cb
593,18,UNKNOWN,10,bounded_layer_scan,8fba55cea0f98be36fab7b65349dda867a58aabfcf974a46098f5123830ac5cb
594,17,UNKNOWN,10,bounded_layer_scan,8fba55cea0f98be36fab7b65349dda867a58aabfcf974a46098f5123830ac5cb
594,18,UNKNOWN,10,bounded_layer_scan,8fba55cea0f98be36fab7b65349dda867a58aabfcf974a46098f5123830ac5cb
595,17,UNKNOWN,10,bounded_layer_scan,8fba55cea0f98be36fab7b65349dda867a58aabfcf974a46098f5123830ac5cb
595,18,UNKNOWN,10,bounded_layer_scan,8fba55cea0f98be36fab7b65349dda867a58aabfcf974a46098f5123830ac5cb
596,17,UNKNOWN,10,bounded_layer_scan,8fba55cea0f98be36fab7b65349dda867a58aabfcf974a46098f5123830ac5cb
596,18,UNKNOWN,10,bounded_layer_scan,8fba55cea0f98be36fab7b65349dda867a58aabfcf974a46098f5123830ac5cb
597,17,UNKNOWN,10,bounded_layer_scan,8fba55cea0f98be36fab7b65349dda867a58aabfcf974a46098f5123830ac5cb
597,18,UNKNOWN,10,bounded_layer_scan,8fba55cea0f98be36fab7b65349dda867a58aabfcf974a46098f5123830ac5cb
598,17,UNKNOWN,10,bounded_layer_scan,8fba55cea0f98be36fab7b65349dda867a58aabfcf974a46098f5123830ac5cb
598,18,UNKNOWN,10,bounded_layer_scan,8fba55cea0f98be36fab7b65349dda867a58aabfcf974a46098f5123830ac5cb
599,17,SAT,10,bounded_layer_scan,b6aea605fc8a88c480a886202637a4e28600f7bfb997a4120667d5b7e91e21ba
599,18,UNKNOWN,10,bounded_layer_scan,8fba55cea0f98be36fab7b65349dda867a58aabfcf974a46098f5123830ac5cb
600,17,UNKNOWN,10,bounded_layer_scan,8fba55cea0f98be36fab7b65349dda867a58aabfcf974a46098f5123830ac5cb
600,18,UNKNOWN,10,bounded_layer_scan,8fba55cea0f98be36fab7b65349dda867a58aabfcf974a46098f5123830ac5cb
601,17,UNKNOWN,10,bounded_layer_scan,8fba55cea0f98be36fab7b65349dda867a58aabfcf974a46098f5123830ac5cb
601,18,UNKNOWN,10,bounded_layer_scan,8fba55cea0f98be36fab7b65349dda867a58aabfcf974a46098f5123830ac5cb
602,17,UNKNOWN,10,bounded_layer_scan,8fba55cea0f98be36fab7b65349dda867a58aabfcf974a46098f5123830ac5cb
602,18,UNKNOWN,10,bounded_layer_scan,8fba55cea0f98be36fab7b65349dda867a58aabfcf974a46098f5123830ac5cb
603,17,UNKNOWN,10,bounded_layer_scan,8fba55cea0f98be36fab7b65349dda867a58aabfcf974a46098f5123830ac5cb
603,18,UNKNOWN,10,bounded_layer_scan,8fba55cea0f98be36fab7b65349dda867a58aabfcf974a46098f5123830ac5cb
604,17,UNKNOWN,10,bounded_layer_scan,8fba55cea0f98be36fab7b65349dda867a58aabfcf974a46098f5123830ac5cb
604,18,SAT,10,bounded_layer_scan,e9c1cc804b1b251cdb4e626c74ad770c516e14701e2d23db0181f09b56644db3
605,17,UNKNOWN,10,bounded_layer_scan,8fba55cea0f98be36fab7b65349dda867a58aabfcf974a46098f5123830ac5cb
605,18,UNKNOWN,10,bounded_layer_scan,8fba55cea0f98be36fab7b65349dda867a58aabfcf974a46098f5123830ac5cb
606,17,UNKNOWN,10,bounded_layer_scan,8fba55cea0f98be36fab7b65349dda867a58aabfcf974a46098f5123830ac5cb
606,18,UNKNOWN,10,bounded_layer_scan,8fba55cea0f98be36fab7b65349dda867a58aabfcf974a46098f5123830ac5cb
607,17,SAT,10,bounded_layer_scan,5915ba7aefb841be233d7b2266554e1ad171e1d0e7e9dd3ebf7c6264f2daec66
607,18,UNKNOWN,10,bounded_layer_scan,8fba55cea0f98be36fab7b65349dda867a58aabfcf974a46098f5123830ac5cb
608,17,UNKNOWN,10,bounded_layer_scan,8fba55cea0f98be36fab7b65349dda867a58aabfcf974a46098f5123830ac5cb
608,18,UNKNOWN,10,bounded_layer_scan,8fba55cea0f98be36fab7b65349dda867a58aabfcf974a46098f5123830ac5cb
609,17,UNKNOWN,10,bounded_layer_scan,8fba55cea0f98be36fab7b65349dda867a58aabfcf974a46098f5123830ac5cb
609,18,UNKNOWN,10,bounded_layer_scan,8fba55cea0f98be36fab7b65349dda867a58aabfcf974a46098f5123830ac5cb
610,17,UNKNOWN,10,bounded_layer_scan,8fba55cea0f98be36fab7b65349dda867a58aabfcf974a46098f5123830ac5cb
610,18,UNKNOWN,10,bounded_layer_scan,8fba55cea0f98be36fab7b65349dda867a58aabfcf974a46098f5123830ac5cb
611,17,UNKNOWN,10,bounded_layer_scan,8fba55cea0f98be36fab7b65349dda867a58aabfcf974a46098f5123830ac5cb
611,18,UNKNOWN,10,bounded_layer_scan,8fba55cea0f98be36fab7b65349dda867a58aabfcf974a46098f5123830ac5cb
612,17,UNKNOWN,10,bounded_layer_scan,8fba55cea0f98be36fab7b65349dda867a58aabfcf974a46098f5123830ac5cb
612,18,UNKNOWN,10,bounded_layer_scan,8fba55cea0f98be36fab7b65349dda867a58aabfcf974a46098f5123830ac5cb
613,17,UNKNOWN,10,bounded_layer_scan,8fba55cea0f98be36fab7b65349dda867a58aabfcf974a46098f5123830ac5cb
613,18,UNKNOWN,10,bounded_layer_scan,8fba55cea0f98be36fab7b65349dda867a58aabfcf974a46098f5123830ac5cb
614,17,UNKNOWN,10,bounded_layer_scan,8fba55cea0f98be36fab7b65349dda867a58aabfcf974a46098f5123830ac5cb
614,18,SAT,10,bounded_layer_scan,0da046e40bc8009f74e3d1dcb2b3a2575272ef624931c420216759f60708e6aa
615,17,UNKNOWN,10,bounded_layer_scan,8fba55cea0f98be36fab7b65349dda867a58aabfcf974a46098f5123830ac5cb
615,18,UNKNOWN,10,bounded_layer_scan,8fba55cea0f98be36fab7b65349dda867a58aabfcf974a46098f5123830ac5cb
616,17,UNKNOWN,10,bounded_layer_scan,8fba55cea0f98be36fab7b65349dda867a58aabfcf974a46098f5123830ac5cb
616,18,UNKNOWN,10,bounded_layer_scan,8fba55cea0f98be36fab7b65349dda867a58aabfcf974a46098f5123830ac5cb
617,17,UNKNOWN,10,bounded_layer_scan,8fba55cea0f98be36fab7b65349dda867a58aabfcf974a46098f5123830ac5cb
617,18,UNKNOWN,10,bounded_layer_scan,8fba55cea0f98be36fab7b65349dda867a58aabfcf974a46098f5123830ac5cb
618,17,UNKNOWN,10,bounded_layer_scan,8fba55cea0f98be36fab7b65349dda867a58aabfcf974a46098f5123830ac5cb
618,18,SAT,10,bounded_layer_scan,a351e5b06050ed5390667ba412a396f67626ce891b7dcd148c7d30d54bfcf2c2
619,17,UNKNOWN,10,bounded_layer_scan,8fba55cea0f98be36fab7b65349dda867a58aabfcf974a46098f5123830ac5cb
619,18,UNKNOWN,10,bounded_layer_scan,8fba55cea0f98be36fab7b65349dda867a58aabfcf974a46098f5123830ac5cb
620,17,UNKNOWN,10,bounded_layer_scan,8fba55cea0f98be36fab7b65349dda867a58aabfcf974a46098f5123830ac5cb
620,18,UNKNOWN,10,bounded_layer_scan,8fba55cea0f98be36fab7b65349dda867a58aabfcf974a46098f5123830ac5cb
621,17,UNKNOWN,10,bounded_layer_scan,8fba55cea0f98be36fab7b65349dda867a58aabfcf974a46098f5123830ac5cb
621,18,UNKNOWN,10,bounded_layer_scan,8fba55cea0f98be36fab7b65349dda867a58aabfcf974a46098f5123830ac5cb
622,17,UNKNOWN,10,bounded_layer_scan,8fba55cea0f98be36fab7b65349dda867a58aabfcf974a46098f5123830ac5cb
622,18,UNKNOWN,10,bounded_layer_scan,8fba55cea0f98be36fab7b65349dda867a58aabfcf974a46098f5123830ac5cb
623,17,UNKNOWN,10,bounded_layer_scan,8fba55cea0f98be36fab7b65349dda867a58aabfcf974a46098f5123830ac5cb
623,18,UNKNOWN,10,bounded_layer_scan,8fba55cea0f98be36fab7b65349dda867a58aabfcf974a46098f5123830ac5cb
624,17,SAT,10,bounded_layer_scan,52611ee1534fd47b747f1b4408d6feae06d315d1bb303ea663f26f92be02a870
624,18,UNKNOWN,10,bounded_layer_scan,8fba55cea0f98be36fab7b65349dda867a58aabfcf974a46098f5123830ac5cb
625,17,UNKNOWN,10,bounded_layer_scan,8fba55cea0f98be36fab7b65349dda867a58aabfcf974a46098f5123830ac5cb
625,18,UNKNOWN,10,bounded_layer_scan,8fba55cea0f98be36fab7b65349dda867a58aabfcf974a46098f5123830ac5cb
626,17,UNKNOWN,10,bounded_layer_scan,8fba55cea0f98be36fab7b65349dda867a58aabfcf974a46098f5123830ac5cb
626,18,UNKNOWN,10,bounded_layer_scan,8fba55cea0f98be36fab7b65349dda867a58aabfcf974a46098f5123830ac5cb
627,17,UNKNOWN,10,bounded_layer_scan,8fba55cea0f98be36fab7b65349dda867a58aabfcf974a46098f5123830ac5cb
627,18,UNKNOWN,10,bounded_layer_scan,8fba55cea0f98be36fab7b65349dda867a58aabfcf974a46098f5123830ac5cb
628,17,UNKNOWN,10,bounded_layer_scan,8fba55cea0f98be36fab7b65349dda867a58aabfcf974a46098f5123830ac5cb
628,18,UNKNOWN,10,bounded_layer_scan,8fba55cea0f98be36fab7b65349dda867a58aabfcf974a46098f5123830ac5cb
629,17,UNKNOWN,10,bounded_layer_scan,8fba55cea0f98be36fab7b65349dda867a58aabfcf974a46098f5123830ac5cb
629,18,UNKNOWN,10,bounded_layer_scan,8fba55cea0f98be36fab7b65349dda867a58aabfcf974a46098f5123830ac5cb
630,17,UNKNOWN,10,bounded_layer_scan,8fba55cea0f98be36fab7b65349dda867a58aabfcf974a46098f5123830ac5cb
630,18,UNKNOWN,10,bounded_layer_scan,8fba55cea0f98be36fab7b65349dda867a58aabfcf974a46098f5123830ac5cb
631,17,UNKNOWN,10,bounded_layer_scan,8fba55cea0f98be36fab7b65349dda867a58aabfcf974a46098f5123830ac5cb
631,18,UNKNOWN,10,bounded_layer_scan,8fba55cea0f98be36fab7b65349dda867a58aabfcf974a46098f5123830ac5cb
632,17,UNKNOWN,10,bounded_layer_scan,8fba55cea0f98be36fab7b65349dda867a58aabfcf974a46098f5123830ac5cb
632,18,UNKNOWN,10,bounded_layer_scan,8fba55cea0f98be36fab7b65349dda867a58aabfcf974a46098f5123830ac5cb
633,17,UNKNOWN,10,bounded_layer_scan,8fba55cea0f98be36fab7b65349dda867a58aabfcf974a46098f5123830ac5cb
633,18,UNKNOWN,10,bounded_layer_scan,8fba55cea0f98be36fab7b65349dda867a58aabfcf974a46098f5123830ac5cb
634,17,UNKNOWN,10,bounded_layer_scan,8fba55cea0f98be36fab7b65349dda867a58aabfcf974a46098f5123830ac5cb
634,18,UNKNOWN,10,bounded_layer_scan,8fba55cea0f98be36fab7b65349dda867a58aabfcf974a46098f5123830ac5cb
635,17,UNKNOWN,10,bounded_layer_scan,8fba55cea0f98be36fab7b65349dda867a58aabfcf974a46098f5123830ac5cb
635,18,UNKNOWN,10,bounded_layer_scan,8fba55cea0f98be36fab7b65349dda867a58aabfcf974a46098f5123830ac5cb
636,17,UNKNOWN,10,bounded_layer_scan,8fba55cea0f98be36fab7b65349dda867a58aabfcf974a46098f5123830ac5cb
636,18,UNKNOWN,10,bounded_layer_scan,8fba55cea0f98be36fab7b65349dda867a58aabfcf974a46098f5123830ac5cb
637,17,UNKNOWN,10,bounded_layer_scan,8fba55cea0f98be36fab7b65349dda867a58aabfcf974a46098f5123830ac5cb
637,18,UNKNOWN,10,bounded_layer_scan,8fba55cea0f98be36fab7b65349dda867a58aabfcf974a46098f5123830ac5cb
638,17,UNKNOWN,10,bounded_layer_scan,8fba55cea0f98be36fab7b65349dda867a58aabfcf974a46098f5123830ac5cb
638,18,UNKNOWN,10,bounded_layer_scan,8fba55cea0f98be36fab7b65349dda867a58aabfcf974a46098f5123830ac5cb
639,17,UNKNOWN,10,bounded_layer_scan,8fba55cea0f98be36fab7b65349dda867a58aabfcf974a46098f5123830ac5cb
639,18,UNKNOWN,10,bounded_layer_scan,8fba55cea0f98be36fab7b65349dda867a58aabfcf974a46098f5123830ac5cb
640,17,UNKNOWN,10,bounded_layer_scan,8fba55cea0f98be36fab7b65349dda867a58aabfcf974a46098f5123830ac5cb
640,18,UNKNOWN,10,bounded_layer_scan,8fba55cea0f98be36fab7b65349dda867a58aabfcf974a46098f5123830ac5cb
641,17,UNKNOWN,10,bounded_layer_scan,8fba55cea0f98be36fab7b65349dda867a58aabfcf974a46098f5123830ac5cb
641,18,UNKNOWN,10,bounded_layer_scan,8fba55cea0f98be36fab7b65349dda867a58aabfcf974a46098f5123830ac5cb
642,17,UNKNOWN,10,bounded_layer_scan,8fba55cea0f98be36fab7b65349dda867a58aabfcf974a46098f5123830ac5cb
642,18,UNKNOWN,10,bounded_layer_scan,8fba55cea0f98be36fab7b65349dda867a58aabfcf974a46098f5123830ac5cb
643,17,UNKNOWN,10,bounded_layer_scan,8fba55cea0f98be36fab7b65349dda867a58aabfcf974a46098f5123830ac5cb
643,18,UNKNOWN,10,bounded_layer_scan,8fba55cea0f98be36fab7b65349dda867a58aabfcf974a46098f5123830ac5cb
644,17,UNKNOWN,10,bounded_layer_scan,8fba55cea0f98be36fab7b65349dda867a58aabfcf974a46098f5123830ac5cb
644,18,UNKNOWN,10,bounded_layer_scan,8fba55cea0f98be36fab7b65349dda867a58aabfcf974a46098f5123830ac5cb
645,17,UNKNOWN,10,bounded_layer_scan,8fba55cea0f98be36fab7b65349dda867a58aabfcf974a46098f5123830ac5cb
645,18,UNKNOWN,10,bounded_layer_scan,8fba55cea0f98be36fab7b65349dda867a58aabfcf974a46098f5123830ac5cb
646,17,UNKNOWN,10,bounded_layer_scan,8fba55cea0f98be36fab7b65349dda867a58aabfcf974a46098f5123830ac5cb
646,18,UNKNOWN,10,bounded_layer_scan,8fba55cea0f98be36fab7b65349dda867a58aabfcf974a46098f5123830ac5cb
647,17,UNKNOWN,10,bounded_layer_scan,8fba55cea0f98be36fab7b65349dda867a58aabfcf974a46098f5123830ac5cb
647,18,UNKNOWN,10,bounded_layer_scan,8fba55cea0f98be36fab7b65349dda867a58aabfcf974a46098f5123830ac5cb
648,17,UNKNOWN,10,bounded_layer_scan,8fba55cea0f98be36fab7b65349dda867a58aabfcf974a46098f5123830ac5cb
648,18,UNKNOWN,10,bounded_layer_scan,8fba55cea0f98be36fab7b65349dda867a58aabfcf974a46098f5123830ac5cb
649,17,UNKNOWN,10,bounded_layer_scan,8fba55cea0f98be36fab7b65349dda867a58aabfcf974a46098f5123830ac5cb
649,18,UNKNOWN,10,bounded_layer_scan,8fba55cea0f98be36fab7b65349dda867a58aabfcf974a46098f5123830ac5cb
650,17,UNKNOWN,10,bounded_layer_scan,8fba55cea0f98be36fab7b65349dda867a58aabfcf974a46098f5123830ac5cb
650,18,UNKNOWN,10,bounded_layer_scan,8fba55cea0f98be36fab7b65349dda867a58aabfcf974a46098f5123830ac5cb
651,17,UNKNOWN,10,bounded_layer_scan,8fba55cea0f98be36fab7b65349dda867a58aabfcf974a46098f5123830ac5cb
651,18,UNKNOWN,10,bounded_layer_scan,8fba55cea0f98be36fab7b65349dda867a58aabfcf974a46098f5123830ac5cb
652,17,UNKNOWN,10,bounded_layer_scan,8fba55cea0f98be36fab7b65349dda867a58aabfcf974a46098f5123830ac5cb
652,18,UNKNOWN,10,bounded_layer_scan,8fba55cea0f98be36fab7b65349dda867a58aabfcf974a46098f5123830ac5cb
653,17,UNKNOWN,10,bounded_layer_scan,8fba55cea0f98be36fab7b65349dda867a58aabfcf974a46098f5123830ac5cb
653,18,UNKNOWN,10,bounded_layer_scan,8fba55cea0f98be36fab7b65349dda867a58aabfcf974a46098f5123830ac5cb
654,17,UNKNOWN,10,bounded_layer_scan,8fba55cea0f98be36fab7b65349dda867a58aabfcf974a46098f5123830ac5cb
654,18,UNKNOWN,10,bounded_layer_scan,8fba55cea0f98be36fab7b65349dda867a58aabfcf974a46098f5123830ac5cb
655,17,UNKNOWN,10,bounded_layer_scan,8fba55cea0f98be36fab7b65349dda867a58aabfcf974a46098f5123830ac5cb
655,18,UNKNOWN,10,bounded_layer_scan,8fba55cea0f98be36fab7b65349dda867a58aabfcf974a46098f5123830ac5cb
656,17,UNKNOWN,10,bounded_layer_scan,8fba55cea0f98be36fab7b65349dda867a58aabfcf974a46098f5123830ac5cb
656,18,UNKNOWN,10,bounded_layer_scan,8fba55cea0f98be36fab7b65349dda867a58aabfcf974a46098f5123830ac5cb
657,17,UNKNOWN,10,bounded_layer_scan,8fba55cea0f98be36fab7b65349dda867a58aabfcf974a46098f5123830ac5cb
657,18,UNKNOWN,10,bounded_layer_scan,8fba55cea0f98be36fab7b65349dda867a58aabfcf974a46098f5123830ac5cb
658,17,UNKNOWN,10,bounded_layer_scan,8fba55cea0f98be36fab7b65349dda867a58aabfcf974a46098f5123830ac5cb
658,18,UNKNOWN,10,bounded_layer_scan,8fba55cea0f98be36fab7b65349dda867a58aabfcf974a46098f5123830ac5cb
659,17,UNKNOWN,10,bounded_layer_scan,8fba55cea0f98be36fab7b65349dda867a58aabfcf974a46098f5123830ac5cb
659,18,UNKNOWN,10,bounded_layer_scan,8fba55cea0f98be36fab7b65349dda867a58aabfcf974a46098f5123830ac5cb
660,17,UNKNOWN,10,bounded_layer_scan,8fba55cea0f98be36fab7b65349dda867a58aabfcf974a46098f5123830ac5cb
660,18,UNKNOWN,10,bounded_layer_scan,8fba55cea0f98be36fab7b65349dda867a58aabfcf974a46098f5123830ac5cb
661,17,UNKNOWN,10,bounded_layer_scan,8fba55cea0f98be36fab7b65349dda867a58aabfcf974a46098f5123830ac5cb
661,18,UNKNOWN,10,bounded_layer_scan,8fba55cea0f98be36fab7b65349dda867a58aabfcf974a46098f5123830ac5cb
662,17,UNKNOWN,10,bounded_layer_scan,8fba55cea0f98be36fab7b65349dda867a58aabfcf974a46098f5123830ac5cb
662,18,UNKNOWN,10,bounded_layer_scan,8fba55cea0f98be36fab7b65349dda867a58aabfcf974a46098f5123830ac5cb
663,17,UNKNOWN,10,bounded_layer_scan,8fba55cea0f98be36fab7b65349dda867a58aabfcf974a46098f5123830ac5cb
663,18,UNKNOWN,10,bounded_layer_scan,8fba55cea0f98be36fab7b65349dda867a58aabfcf974a46098f5123830ac5cb
664,17,SAT,10,bounded_layer_scan,4537d9e9d487e3615cdd18898bba188373577144a101f7bb068093fd1ebd5ba7
664,18,UNKNOWN,10,bounded_layer_scan,8fba55cea0f98be36fab7b65349dda867a58aabfcf974a46098f5123830ac5cb
665,17,SAT,10,bounded_layer_scan,4dae0d1afe668472dbf97b627b2b56997605c035979963204fb64e47f785a230
665,18,UNKNOWN,10,bounded_layer_scan,8fba55cea0f98be36fab7b65349dda867a58aabfcf974a46098f5123830ac5cb
666,17,UNKNOWN,10,bounded_layer_scan,8fba55cea0f98be36fab7b65349dda867a58aabfcf974a46098f5123830ac5cb
666,18,UNKNOWN,10,bounded_layer_scan,8fba55cea0f98be36fab7b65349dda867a58aabfcf974a46098f5123830ac5cb
667,17,UNKNOWN,10,bounded_layer_scan,8fba55cea0f98be36fab7b65349dda867a58aabfcf974a46098f5123830ac5cb
667,18,UNKNOWN,10,bounded_layer_scan,8fba55cea0f98be36fab7b65349dda867a58aabfcf974a46098f5123830ac5cb
668,17,UNKNOWN,10,bounded_layer_scan,8fba55cea0f98be36fab7b65349dda867a58aabfcf974a46098f5123830ac5cb
668,18,UNKNOWN,10,bounded_layer_scan,8fba55cea0f98be36fab7b65349dda867a58aabfcf974a46098f5123830ac5cb
669,17,UNKNOWN,10,bounded_layer_scan,8fba55cea0f98be36fab7b65349dda867a58aabfcf974a46098f5123830ac5cb
669,18,UNKNOWN,10,bounded_layer_scan,8fba55cea0f98be36fab7b65349dda867a58aabfcf974a46098f5123830ac5cb
670,17,UNKNOWN,10,bounded_layer_scan,8fba55cea0f98be36fab7b65349dda867a58aabfcf974a46098f5123830ac5cb
670,18,UNKNOWN,10,bounded_layer_scan,8fba55cea0f98be36fab7b65349dda867a58aabfcf974a46098f5123830ac5cb
671,17,UNKNOWN,10,bounded_layer_scan,8fba55cea0f98be36fab7b65349dda867a58aabfcf974a46098f5123830ac5cb
671,18,UNKNOWN,10,bounded_layer_scan,8fba55cea0f98be36fab7b65349dda867a58aabfcf974a46098f5123830ac5cb
672,17,SAT,10,bounded_layer_scan,e94b0cce167760e308297d7c24f3e98f505942b03a5fdfdaa04db4706586ded7
672,18,UNKNOWN,10,bounded_layer_scan,8fba55cea0f98be36fab7b65349dda867a58aabfcf974a46098f5123830ac5cb
673,17,UNKNOWN,10,bounded_layer_scan,8fba55cea0f98be36fab7b65349dda867a58aabfcf974a46098f5123830ac5cb
673,18,UNKNOWN,10,bounded_layer_scan,8fba55cea0f98be36fab7b65349dda867a58aabfcf974a46098f5123830ac5cb
674,17,UNKNOWN,10,bounded_layer_scan,8fba55cea0f98be36fab7b65349dda867a58aabfcf974a46098f5123830ac5cb
674,18,UNKNOWN,10,bounded_layer_scan,8fba55cea0f98be36fab7b65349dda867a58aabfcf974a46098f5123830ac5cb
675,17,UNKNOWN,10,bounded_layer_scan,8fba55cea0f98be36fab7b65349dda867a58aabfcf974a46098f5123830ac5cb
675,18,UNKNOWN,10,bounded_layer_scan,8fba55cea0f98be36fab7b65349dda867a58aabfcf974a46098f5123830ac5cb
676,17,UNKNOWN,10,bounded_layer_scan,8fba55cea0f98be36fab7b65349dda867a58aabfcf974a46098f5123830ac5cb
676,18,UNKNOWN,10,bounded_layer_scan,8fba55cea0f98be36fab7b65349dda867a58aabfcf974a46098f5123830ac5cb
677,17,UNKNOWN,10,bounded_layer_scan,8fba55cea0f98be36fab7b65349dda867a58aabfcf974a46098f5123830ac5cb
677,18,UNKNOWN,10,bounded_layer_scan,8fba55cea0f98be36fab7b65349dda867a58aabfcf974a46098f5123830ac5cb
678,17,UNKNOWN,10,bounded_layer_scan,8fba55cea0f98be36fab7b65349dda867a58aabfcf974a46098f5123830ac5cb
678,18,UNKNOWN,10,bounded_layer_scan,8fba55cea0f98be36fab7b65349dda867a58aabfcf974a46098f5123830ac5cb
679,17,UNKNOWN,10,bounded_layer_scan,8fba55cea0f98be36fab7b65349dda867a58aabfcf974a46098f5123830ac5cb
679,18,UNKNOWN,10,bounded_layer_scan,8fba55cea0f98be36fab7b65349dda867a58aabfcf974a46098f5123830ac5cb
680,17,UNKNOWN,10,bounded_layer_scan,8fba55cea0f98be36fab7b65349dda867a58aabfcf974a46098f5123830ac5cb
680,18,UNKNOWN,10,bounded_layer_scan,8fba55cea0f98be36fab7b65349dda867a58aabfcf974a46098f5123830ac5cb
681,17,UNKNOWN,10,bounded_layer_scan,8fba55cea0f98be36fab7b65349dda867a58aabfcf974a46098f5123830ac5cb
681,18,UNKNOWN,10,bounded_layer_scan,8fba55cea0f98be36fab7b65349dda867a58aabfcf974a46098f5123830ac5cb
682,17,UNKNOWN,10,bounded_layer_scan,8fba55cea0f98be36fab7b65349dda867a58aabfcf974a46098f5123830ac5cb
682,18,UNKNOWN,10,bounded_layer_scan,8fba55cea0f98be36fab7b65349dda867a58aabfcf974a46098f5123830ac5cb
683,17,UNKNOWN,10,bounded_layer_scan,8fba55cea0f98be36fab7b65349dda867a58aabfcf974a46098f5123830ac5cb
683,18,UNKNOWN,10,bounded_layer_scan,8fba55cea0f98be36fab7b65349dda867a58aabfcf974a46098f5123830ac5cb
684,17,UNKNOWN,10,bounded_layer_scan,8fba55cea0f98be36fab7b65349dda867a58aabfcf974a46098f5123830ac5cb
684,18,SAT,10,bounded_layer_scan,987bd08e55ebe76eb86bddf73d607f3d8ba53d0ec59852a7a3078fb4ce7574f4
685,17,UNKNOWN,10,bounded_layer_scan,8fba55cea0f98be36fab7b65349dda867a58aabfcf974a46098f5123830ac5cb
685,18,UNKNOWN,10,bounded_layer_scan,8fba55cea0f98be36fab7b65349dda867a58aabfcf974a46098f5123830ac5cb
686,17,UNKNOWN,10,bounded_layer_scan,8fba55cea0f98be36fab7b65349dda867a58aabfcf974a46098f5123830ac5cb
686,18,UNKNOWN,10,bounded_layer_scan,8fba55cea0f98be36fab7b65349dda867a58aabfcf974a46098f5123830ac5cb
687,17,UNKNOWN,10,bounded_layer_scan,8fba55cea0f98be36fab7b65349dda867a58aabfcf974a46098f5123830ac5cb
687,18,UNKNOWN,10,bounded_layer_scan,8fba55cea0f98be36fab7b65349dda867a58aabfcf974a46098f5123830ac5cb
688,17,UNKNOWN,10,bounded_layer_scan,8fba55cea0f98be36fab7b65349dda867a58aabfcf974a46098f5123830ac5cb
688,18,UNKNOWN,10,bounded_layer_scan,8fba55cea0f98be36fab7b65349dda867a58aabfcf974a46098f5123830ac5cb
689,17,UNKNOWN,10,bounded_layer_scan,8fba55cea0f98be36fab7b65349dda867a58aabfcf974a46098f5123830ac5cb
689,18,UNKNOWN,10,bounded_layer_scan,8fba55cea0f98be36fab7b65349dda867a58aabfcf974a46098f5123830ac5cb
690,17,UNKNOWN,10,bounded_layer_scan,8fba55cea0f98be36fab7b65349dda867a58aabfcf974a46098f5123830ac5cb
690,18,UNKNOWN,10,bounded_layer_scan,8fba55cea0f98be36fab7b65349dda867a58aabfcf974a46098f5123830ac5cb
691,17,UNKNOWN,10,bounded_layer_scan,8fba55cea0f98be36fab7b65349dda867a58aabfcf974a46098f5123830ac5cb
691,18,UNKNOWN,10,bounded_layer_scan,8fba55cea0f98be36fab7b65349dda867a58aabfcf974a46098f5123830ac5cb
692,17,UNKNOWN,10,bounded_layer_scan,8fba55cea0f98be36fab7b65349dda867a58aabfcf974a46098f5123830ac5cb
692,18,UNKNOWN,10,bounded_layer_scan,8fba55cea0f98be36fab7b65349dda867a58aabfcf974a46098f5123830ac5cb
693,17,UNKNOWN,10,bounded_layer_scan,8fba55cea0f98be36fab7b65349dda867a58aabfcf974a46098f5123830ac5cb
693,18,UNKNOWN,10,bounded_layer_scan,8fba55cea0f98be36fab7b65349dda867a58aabfcf974a46098f5123830ac5cb
694,17,UNKNOWN,10,bounded_layer_scan,8fba55cea0f98be36fab7b65349dda867a58aabfcf974a46098f5123830ac5cb
694,18,SAT,10,bounded_layer_scan,08bbc7ce2dc07ca34d1272f155f3a12cb097bf46f740e226c7c186c995888647
695,17,UNKNOWN,10,bounded_layer_scan,8fba55cea0f98be36fab7b65349dda867a58aabfcf974a46098f5123830ac5cb
695,18,UNKNOWN,10,bounded_layer_scan,8fba55cea0f98be36fab7b65349dda867a58aabfcf974a46098f5123830ac5cb
696,17,UNKNOWN,10,bounded_layer_scan,8fba55cea0f98be36fab7b65349dda867a58aabfcf974a46098f5123830ac5cb
696,18,UNKNOWN,10,bounded_layer_scan,8fba55cea0f98be36fab7b65349dda867a58aabfcf974a46098f5123830ac5cb
697,17,UNKNOWN,10,bounded_layer_scan,8fba55cea0f98be36fab7b65349dda867a58aabfcf974a46098f5123830ac5cb
697,18,UNKNOWN,10,bounded_layer_scan,8fba55cea0f98be36fab7b65349dda867a58aabfcf974a46098f5123830ac5cb
698,17,UNKNOWN,10,bounded_layer_scan,8fba55cea0f98be36fab7b65349dda867a58aabfcf974a46098f5123830ac5cb
698,18,UNKNOWN,10,bounded_layer_scan,8fba55cea0f98be36fab7b65349dda867a58aabfcf974a46098f5123830ac5cb
699,17,UNKNOWN,10,bounded_layer_scan,8fba55cea0f98be36fab7b65349dda867a58aabfcf974a46098f5123830ac5cb
699,18,UNKNOWN,10,bounded_layer_scan,8fba55cea0f98be36fab7b65349dda867a58aabfcf974a46098f5123830ac5cb
700,17,UNKNOWN,10,bounded_layer_scan,8fba55cea0f98be36fab7b65349dda867a58aabfcf974a46098f5123830ac5cb
700,18,UNKNOWN,10,bounded_layer_scan,8fba55cea0f98be36fab7b65349dda867a58aabfcf974a46098f5123830ac5cb
701,17,UNKNOWN,10,bounded_layer_scan,8fba55cea0f98be36fab7b65349dda867a58aabfcf974a46098f5123830ac5cb
701,18,UNKNOWN,10,bounded_layer_scan,8fba55cea0f98be36fab7b65349dda867a58aabfcf974a46098f5123830ac5cb
702,17,UNKNOWN,10,bounded_layer_scan,8fba55cea0f98be36fab7b65349dda867a58aabfcf974a46098f5123830ac5cb
702,18,UNKNOWN,10,bounded_layer_scan,8fba55cea0f98be36fab7b65349dda867a58aabfcf974a46098f5123830ac5cb
703,17,UNKNOWN,10,bounded_layer_scan,8fba55cea0f98be36fab7b65349dda867a58aabfcf974a46098f5123830ac5cb
703,18,UNKNOWN,10,bounded_layer_scan,8fba55cea0f98be36fab7b65349dda867a58aabfcf974a46098f5123830ac5cb
704,17,UNKNOWN,10,bounded_layer_scan,8fba55cea0f98be36fab7b65349dda867a58aabfcf974a46098f5123830ac5cb
704,18,UNKNOWN,10,bounded_layer_scan,8fba55cea0f98be36fab7b65349dda867a58aabfcf974a46098f5123830ac5cb
705,17,UNKNOWN,10,bounded_layer_scan,8fba55cea0f98be36fab7b65349dda867a58aabfcf974a46098f5123830ac5cb
705,18,UNKNOWN,10,bounded_layer_scan,8fba55cea0f98be36fab7b65349dda867a58aabfcf974a46098f5123830ac5cb
706,17,UNKNOWN,10,bounded_layer_scan,8fba55cea0f98be36fab7b65349dda867a58aabfcf974a46098f5123830ac5cb
706,18,UNKNOWN,10,bounded_layer_scan,8fba55cea0f98be36fab7b65349dda867a58aabfcf974a46098f5123830ac5cb
707,17,UNKNOWN,10,bounded_layer_scan,8fba55cea0f98be36fab7b65349dda867a58aabfcf974a46098f5123830ac5cb
707,18,UNKNOWN,10,bounded_layer_scan,8fba55cea0f98be36fab7b65349dda867a58aabfcf974a46098f5123830ac5cb
708,17,UNKNOWN,10,bounded_layer_scan,8fba55cea0f98be36fab7b65349dda867a58aabfcf974a46098f5123830ac5cb
708,18,UNKNOWN,10,bounded_layer_scan,8fba55cea0f98be36fab7b65349dda867a58aabfcf974a46098f5123830ac5cb
709,17,UNKNOWN,10,bounded_layer_scan,8fba55cea0f98be36fab7b65349dda867a58aabfcf974a46098f5123830ac5cb
709,18,UNKNOWN,10,bounded_layer_scan,8fba55cea0f98be36fab7b65349dda867a58aabfcf974a46098f5123830ac5cb
710,17,UNKNOWN,10,bounded_layer_scan,8fba55cea0f98be36fab7b65349dda867a58aabfcf974a46098f5123830ac5cb
710,18,UNKNOWN,10,bounded_layer_scan,8fba55cea0f98be36fab7b65349dda867a58aabfcf974a46098f5123830ac5cb
711,17,UNKNOWN,10,bounded_layer_scan,8fba55cea0f98be36fab7b65349dda867a58aabfcf974a46098f5123830ac5cb
711,18,UNKNOWN,10,bounded_layer_scan,8fba55cea0f98be36fab7b65349dda867a58aabfcf974a46098f5123830ac5cb
712,17,UNKNOWN,10,bounded_layer_scan,8fba55cea0f98be36fab7b65349dda867a58aabfcf974a46098f5123830ac5cb
712,18,UNKNOWN,10,bounded_layer_scan,8fba55cea0f98be36fab7b65349dda867a58aabfcf974a46098f5123830ac5cb
713,17,UNKNOWN,10,bounded_layer_scan,8fba55cea0f98be36fab7b65349dda867a58aabfcf974a46098f5123830ac5cb
713,18,UNKNOWN,10,bounded_layer_scan,8fba55cea0f98be36fab7b65349dda867a58aabfcf974a46098f5123830ac5cb
714,17,UNKNOWN,10,bounded_layer_scan,8fba55cea0f98be36fab7b65349dda867a58aabfcf974a46098f5123830ac5cb
714,18,UNKNOWN,10,bounded_layer_scan,8fba55cea0f98be36fab7b65349dda867a58aabfcf974a46098f5123830ac5cb
715,17,UNKNOWN,10,bounded_layer_scan,8fba55cea0f98be36fab7b65349dda867a58aabfcf974a46098f5123830ac5cb
715,18,UNKNOWN,10,bounded_layer_scan,8fba55cea0f98be36fab7b65349dda867a58aabfcf974a46098f5123830ac5cb
716,17,UNKNOWN,10,bounded_layer_scan,8fba55cea0f98be36fab7b65349dda867a58aabfcf974a46098f5123830ac5cb
716,18,UNKNOWN,10,bounded_layer_scan,8fba55cea0f98be36fab7b65349dda867a58aabfcf974a46098f5123830ac5cb
717,17,UNKNOWN,10,bounded_layer_scan,8fba55cea0f98be36fab7b65349dda867a58aabfcf974a46098f5123830ac5cb
717,18,UNKNOWN,10,bounded_layer_scan,8fba55cea0f98be36fab7b65349dda867a58aabfcf974a46098f5123830ac5cb
718,17,UNKNOWN,10,bounded_layer_scan,8fba55cea0f98be36fab7b65349dda867a58aabfcf974a46098f5123830ac5cb
718,18,UNKNOWN,10,bounded_layer_scan,8fba55cea0f98be36fab7b65349dda867a58aabfcf974a46098f5123830ac5cb
719,17,UNKNOWN,10,bounded_layer_scan,8fba55cea0f98be36fab7b65349dda867a58aabfcf974a46098f5123830ac5cb
719,18,UNKNOWN,10,bounded_layer_scan,8fba55cea0f98be36fab7b65349dda867a58aabfcf974a46098f5123830ac5cb
720,17,UNKNOWN,10,bounded_layer_scan,8fba55cea0f98be36fab7b65349dda867a58aabfcf974a46098f5123830ac5cb
720,18,UNKNOWN,10,bounded_layer_scan,8fba55cea0f98be36fab7b65349dda867a58aabfcf974a46098f5123830ac5cb
721,17,UNKNOWN,10,bounded_layer_scan,8fba55cea0f98be36fab7b65349dda867a58aabfcf974a46098f5123830ac5cb
721,18,UNKNOWN,10,bounded_layer_scan,8fba55cea0f98be36fab7b65349dda867a58aabfcf974a46098f5123830ac5cb
722,17,UNKNOWN,10,bounded_layer_scan,8fba55cea0f98be36fab7b65349dda867a58aabfcf974a46098f5123830ac5cb
722,18,UNKNOWN,10,bounded_layer_scan,8fba55cea0f98be36fab7b65349dda867a58aabfcf974a46098f5123830ac5cb
723,17,UNKNOWN,10,bounded_layer_scan,8fba55cea0f98be36fab7b65349dda867a58aabfcf974a46098f5123830ac5cb
723,18,UNKNOWN,10,bounded_layer_scan,8fba55cea0f98be36fab7b65349dda867a58aabfcf974a46098f5123830ac5cb
724,17,UNKNOWN,10,bounded_layer_scan,8fba55cea0f98be36fab7b65349dda867a58aabfcf974a46098f5123830ac5cb
724,18,UNKNOWN,10,bounded_layer_scan,8fba55cea0f98be36fab7b65349dda867a58aabfcf974a46098f5123830ac5cb
725,17,UNKNOWN,10,bounded_layer_scan,8fba55cea0f98be36fab7b65349dda867a58aabfcf974a46098f5123830ac5cb
725,18,UNKNOWN,10,bounded_layer_scan,8fba55cea0f98be36fab7b65349dda867a58aabfcf974a46098f5123830ac5cb
726,17,UNKNOWN,10,bounded_layer_scan,8fba55cea0f98be36fab7b65349dda867a58aabfcf974a46098f5123830ac5cb
726,18,UNKNOWN,10,bounded_layer_scan,8fba55cea0f98be36fab7b65349dda867a58aabfcf974a46098f5123830ac5cb
727,17,UNKNOWN,10,bounded_layer_scan,8fba55cea0f98be36fab7b65349dda867a58aabfcf974a46098f5123830ac5cb
727,18,UNKNOWN,10,bounded_layer_scan,8fba55cea0f98be36fab7b65349dda867a58aabfcf974a46098f5123830ac5cb
728,17,UNKNOWN,10,bounded_layer_scan,8fba55cea0f98be36fab7b65349dda867a58aabfcf974a46098f5123830ac5cb
728,18,UNKNOWN,10,bounded_layer_scan,8fba55cea0f98be36fab7b65349dda867a58aabfcf974a46098f5123830ac5cb
729,17,UNKNOWN,10,bounded_layer_scan,8fba55cea0f98be36fab7b65349dda867a58aabfcf974a46098f5123830ac5cb
729,18,UNKNOWN,10,bounded_layer_scan,8fba55cea0f98be36fab7b65349dda867a58aabfcf974a46098f5123830ac5cb
730,17,UNKNOWN,10,bounded_layer_scan,8fba55cea0f98be36fab7b65349dda867a58aabfcf974a46098f5123830ac5cb
730,18,UNKNOWN,10,bounded_layer_scan,8fba55cea0f98be36fab7b65349dda867a58aabfcf974a46098f5123830ac5cb
731,17,UNKNOWN,10,bounded_layer_scan,8fba55cea0f98be36fab7b65349dda867a58aabfcf974a46098f5123830ac5cb
731,18,UNKNOWN,10,bounded_layer_scan,8fba55cea0f98be36fab7b65349dda867a58aabfcf974a46098f5123830ac5cb
732,17,UNKNOWN,10,bounded_layer_scan,8fba55cea0f98be36fab7b65349dda867a58aabfcf974a46098f5123830ac5cb
732,18,UNKNOWN,10,bounded_layer_scan,8fba55cea0f98be36fab7b65349dda867a58aabfcf974a46098f5123830ac5cb
733,17,SAT,10,bounded_layer_scan,df9455c81b0e615eceacd3ae80700c8852a616ed873d9589f22cb7b0b2ef3b37
733,18,UNKNOWN,10,bounded_layer_scan,8fba55cea0f98be36fab7b65349dda867a58aabfcf974a46098f5123830ac5cb
734,17,UNKNOWN,10,bounded_layer_scan,8fba55cea0f98be36fab7b65349dda867a58aabfcf974a46098f5123830ac5cb
734,18,UNKNOWN,10,bounded_layer_scan,8fba55cea0f98be36fab7b65349dda867a58aabfcf974a46098f5123830ac5cb
735,17,UNKNOWN,10,bounded_layer_scan,8fba55cea0f98be36fab7b65349dda867a58aabfcf974a46098f5123830ac5cb
735,18,UNKNOWN,10,bounded_layer_scan,8fba55cea0f98be36fab7b65349dda867a58aabfcf974a46098f5123830ac5cb
736,17,UNKNOWN,10,bounded_layer_scan,8fba55cea0f98be36fab7b65349dda867a58aabfcf974a46098f5123830ac5cb
736,18,UNKNOWN,10,bounded_layer_scan,8fba55cea0f98be36fab7b65349dda867a58aabfcf974a46098f5123830ac5cb
737,17,UNKNOWN,10,bounded_layer_scan,8fba55cea0f98be36fab7b65349dda867a58aabfcf974a46098f5123830ac5cb
737,18,UNKNOWN,10,bounded_layer_scan,8fba55cea0f98be36fab7b65349dda867a58aabfcf974a46098f5123830ac5cb
738,17,UNKNOWN,10,bounded_layer_scan,8fba55cea0f98be36fab7b65349dda867a58aabfcf974a46098f5123830ac5cb
738,18,UNKNOWN,10,bounded_layer_scan,8fba55cea0f98be36fab7b65349dda867a58aabfcf974a46098f5123830ac5cb
739,17,UNKNOWN,10,bounded_layer_scan,8fba55cea0f98be36fab7b65349dda867a58aabfcf974a46098f5123830ac5cb
739,18,UNKNOWN,10,bounded_layer_scan,8fba55cea0f98be36fab7b65349dda867a58aabfcf974a46098f5123830ac5cb
740,17,UNKNOWN,10,bounded_layer_scan,8fba55cea0f98be36fab7b65349dda867a58aabfcf974a46098f5123830ac5cb
740,18,UNKNOWN,10,bounded_layer_scan,8fba55cea0f98be36fab7b65349dda867a58aabfcf974a46098f5123830ac5cb
741,17,UNKNOWN,10,bounded_layer_scan,8fba55cea0f98be36fab7b65349dda867a58aabfcf974a46098f5123830ac5cb
741,18,UNKNOWN,10,bounded_layer_scan,8fba55cea0f98be36fab7b65349dda867a58aabfcf974a46098f5123830ac5cb
742,17,UNKNOWN,10,bounded_layer_scan,8fba55cea0f98be36fab7b65349dda867a58aabfcf974a46098f5123830ac5cb
742,18,SAT,10,bounded_layer_scan,a5de11c43a7c662d01f0071ee492b3f7bec7b97c354168b357daa92e8eea0730
743,17,UNKNOWN,10,bounded_layer_scan,8fba55cea0f98be36fab7b65349dda867a58aabfcf974a46098f5123830ac5cb
743,18,UNKNOWN,10,bounded_layer_scan,8fba55cea0f98be36fab7b65349dda867a58aabfcf974a46098f5123830ac5cb
744,17,UNKNOWN,10,bounded_layer_scan,8fba55cea0f98be36fab7b65349dda867a58aabfcf974a46098f5123830ac5cb
744,18,UNKNOWN,10,bounded_layer_scan,8fba55cea0f98be36fab7b65349dda867a58aabfcf974a46098f5123830ac5cb
745,17,UNKNOWN,10,bounded_layer_scan,8fba55cea0f98be36fab7b65349dda867a58aabfcf974a46098f5123830ac5cb
745,18,UNKNOWN,10,bounded_layer_scan,8fba55cea0f98be36fab7b65349dda867a58aabfcf974a46098f5123830ac5cb
746,17,UNKNOWN,10,bounded_layer_scan,8fba55cea0f98be36fab7b65349dda867a58aabfcf974a46098f5123830ac5cb
746,18,UNKNOWN,10,bounded_layer_scan,8fba55cea0f98be36fab7b65349dda867a58aabfcf974a46098f5123830ac5cb
747,17,UNKNOWN,10,bounded_layer_scan,8fba55cea0f98be36fab7b65349dda867a58aabfcf974a46098f5123830ac5cb
747,18,UNKNOWN,10,bounded_layer_scan,8fba55cea0f98be36fab7b65349dda867a58aabfcf974a46098f5123830ac5cb
748,17,UNKNOWN,10,bounded_layer_scan,8fba55cea0f98be36fab7b65349dda867a58aabfcf974a46098f5123830ac5cb
748,18,UNKNOWN,10,bounded_layer_scan,8fba55cea0f98be36fab7b65349dda867a58aabfcf974a46098f5123830ac5cb
749,17,UNKNOWN,10,bounded_layer_scan,8fba55cea0f98be36fab7b65349dda867a58aabfcf974a46098f5123830ac5cb
749,18,UNKNOWN,10,bounded_layer_scan,8fba55cea0f98be36fab7b65349dda867a58aabfcf974a46098f5123830ac5cb
750,17,UNKNOWN,10,bounded_layer_scan,8fba55cea0f98be36fab7b65349dda867a58aabfcf974a46098f5123830ac5cb
750,18,UNKNOWN,10,bounded_layer_scan,8fba55cea0f98be36fab7b65349dda867a58aabfcf974a46098f5123830ac5cb
751,17,UNKNOWN,10,bounded_layer_scan,8fba55cea0f98be36fab7b65349dda867a58aabfcf974a46098f5123830ac5cb
751,18,UNKNOWN,10,bounded_layer_scan,8fba55cea0f98be36fab7b65349dda867a58aabfcf974a46098f5123830ac5cb
752,17,UNKNOWN,10,bounded_layer_scan,8fba55cea0f98be36fab7b65349dda867a58aabfcf974a46098f5123830ac5cb
752,18,UNKNOWN,10,bounded_layer_scan,8fba55cea0f98be36fab7b65349dda867a58aabfcf974a46098f5123830ac5cb
753,17,UNKNOWN,10,bounded_layer_scan,8fba55cea0f98be36fab7b65349dda867a58aabfcf974a46098f5123830ac5cb
753,18,UNKNOWN,10,bounded_layer_scan,8fba55cea0f98be36fab7b65349dda867a58aabfcf974a46098f5123830ac5cb
754,17,UNKNOWN,10,bounded_layer_scan,8fba55cea0f98be36fab7b65349dda867a58aabfcf974a46098f5123830ac5cb
754,18,UNKNOWN,10,bounded_layer_scan,8fba55cea0f98be36fab7b65349dda867a58aabfcf974a46098f5123830ac5cb
755,17,UNKNOWN,10,bounded_layer_scan,8fba55cea0f98be36fab7b65349dda867a58aabfcf974a46098f5123830ac5cb
755,18,UNKNOWN,10,bounded_layer_scan,8fba55cea0f98be36fab7b65349dda867a58aabfcf974a46098f5123830ac5cb
756,17,UNKNOWN,10,bounded_layer_scan,8fba55cea0f98be36fab7b65349dda867a58aabfcf974a46098f5123830ac5cb
756,18,UNKNOWN,10,bounded_layer_scan,8fba55cea0f98be36fab7b65349dda867a58aabfcf974a46098f5123830ac5cb
757,17,UNKNOWN,10,bounded_layer_scan,8fba55cea0f98be36fab7b65349dda867a58aabfcf974a46098f5123830ac5cb
757,18,UNKNOWN,10,bounded_layer_scan,8fba55cea0f98be36fab7b65349dda867a58aabfcf974a46098f5123830ac5cb
758,17,UNKNOWN,10,bounded_layer_scan,8fba55cea0f98be36fab7b65349dda867a58aabfcf974a46098f5123830ac5cb
758,18,UNKNOWN,10,bounded_layer_scan,8fba55cea0f98be36fab7b65349dda867a58aabfcf974a46098f5123830ac5cb
759,17,UNKNOWN,10,bounded_layer_scan,8fba55cea0f98be36fab7b65349dda867a58aabfcf974a46098f5123830ac5cb
759,18,UNKNOWN,10,bounded_layer_scan,8fba55cea0f98be36fab7b65349dda867a58aabfcf974a46098f5123830ac5cb
760,17,UNKNOWN,10,bounded_layer_scan,8fba55cea0f98be36fab7b65349dda867a58aabfcf974a46098f5123830ac5cb
760,18,UNKNOWN,10,bounded_layer_scan,8fba55cea0f98be36fab7b65349dda867a58aabfcf974a46098f5123830ac5cb
761,17,UNKNOWN,10,bounded_layer_scan,8fba55cea0f98be36fab7b65349dda867a58aabfcf974a46098f5123830ac5cb
761,18,UNKNOWN,10,bounded_layer_scan,8fba55cea0f98be36fab7b65349dda867a58aabfcf974a46098f5123830ac5cb
762,17,UNKNOWN,10,bounded_layer_scan,8fba55cea0f98be36fab7b65349dda867a58aabfcf974a46098f5123830ac5cb
762,18,UNKNOWN,10,bounded_layer_scan,8fba55cea0f98be36fab7b65349dda867a58aabfcf974a46098f5123830ac5cb
763,17,UNKNOWN,10,bounded_layer_scan,8fba55cea0f98be36fab7b65349dda867a58aabfcf974a46098f5123830ac5cb
763,18,UNKNOWN,10,bounded_layer_scan,8fba55cea0f98be36fab7b65349dda867a58aabfcf974a46098f5123830ac5cb
764,17,UNKNOWN,10,bounded_layer_scan,8fba55cea0f98be36fab7b65349dda867a58aabfcf974a46098f5123830ac5cb
764,18,UNKNOWN,10,bounded_layer_scan,8fba55cea0f98be36fab7b65349dda867a58aabfcf974a46098f5123830ac5cb
765,17,SAT,10,bounded_layer_scan,f1a65ce099d543d9d4c5ec3eedb00292e49c19ab9a8583b02863034d590d0569
765,18,SAT,10,bounded_layer_scan,e6e8e2275e501138af93b3413cb4c700f6c8182f2fc53d72d7298f448bd8cc61
766,17,UNKNOWN,10,bounded_layer_scan,8fba55cea0f98be36fab7b65349dda867a58aabfcf974a46098f5123830ac5cb
766,18,UNKNOWN,10,bounded_layer_scan,8fba55cea0f98be36fab7b65349dda867a58aabfcf974a46098f5123830ac5cb
767,17,UNKNOWN,10,bounded_layer_scan,8fba55cea0f98be36fab7b65349dda867a58aabfcf974a46098f5123830ac5cb
767,18,UNKNOWN,10,bounded_layer_scan,8fba55cea0f98be36fab7b65349dda867a58aabfcf974a46098f5123830ac5cb
768,17,UNKNOWN,10,bounded_layer_scan,8fba55cea0f98be36fab7b65349dda867a58aabfcf974a46098f5123830ac5cb
768,18,UNKNOWN,10,bounded_layer_scan,8fba55cea0f98be36fab7b65349dda867a58aabfcf974a46098f5123830ac5cb
769,17,UNKNOWN,10,bounded_layer_scan,8fba55cea0f98be36fab7b65349dda867a58aabfcf974a46098f5123830ac5cb
769,18,SAT,10,bounded_layer_scan,cea462f5aabd8e8bf8ebc6d4deea7c08b46fe54cc2954ad9d8222c0daf3dedbd
770,17,UNKNOWN,10,bounded_layer_scan,8fba55cea0f98be36fab7b65349dda867a58aabfcf974a46098f5123830ac5cb
770,18,UNKNOWN,10,bounded_layer_scan,8fba55cea0f98be36fab7b65349dda867a58aabfcf974a46098f5123830ac5cb
771,17,UNKNOWN,10,bounded_layer_scan,8fba55cea0f98be36fab7b65349dda867a58aabfcf974a46098f5123830ac5cb
771,18,UNKNOWN,10,bounded_layer_scan,8fba55cea0f98be36fab7b65349dda867a58aabfcf974a46098f5123830ac5cb
772,17,UNKNOWN,10,bounded_layer_scan,8fba55cea0f98be36fab7b65349dda867a58aabfcf974a46098f5123830ac5cb
772,18,UNKNOWN,10,bounded_layer_scan,8fba55cea0f98be36fab7b65349dda867a58aabfcf974a46098f5123830ac5cb
773,17,UNKNOWN,10,bounded_layer_scan,8fba55cea0f98be36fab7b65349dda867a58aabfcf974a46098f5123830ac5cb
773,18,UNKNOWN,10,bounded_layer_scan,8fba55cea0f98be36fab7b65349dda867a58aabfcf974a46098f5123830ac5cb
774,17,UNKNOWN,10,bounded_layer_scan,8fba55cea0f98be36fab7b65349dda867a58aabfcf974a46098f5123830ac5cb
774,18,UNKNOWN,10,bounded_layer_scan,8fba55cea0f98be36fab7b65349dda867a58aabfcf974a46098f5123830ac5cb
775,17,UNKNOWN,10,bounded_layer_scan,8fba55cea0f98be36fab7b65349dda867a58aabfcf974a46098f5123830ac5cb
775,18,UNKNOWN,10,bounded_layer_scan,8fba55cea0f98be36fab7b65349dda867a58aabfcf974a46098f5123830ac5cb
776,17,UNKNOWN,10,bounded_layer_scan,8fba55cea0f98be36fab7b65349dda867a58aabfcf974a46098f5123830ac5cb
776,18,UNKNOWN,10,bounded_layer_scan,8fba55cea0f98be36fab7b65349dda867a58aabfcf974a46098f5123830ac5cb
777,17,UNKNOWN,10,bounded_layer_scan,8fba55cea0f98be36fab7b65349dda867a58aabfcf974a46098f5123830ac5cb
777,18,UNKNOWN,10,bounded_layer_scan,8fba55cea0f98be36fab7b65349dda867a58aabfcf974a46098f5123830ac5cb
778,17,UNKNOWN,10,bounded_layer_scan,8fba55cea0f98be36fab7b65349dda867a58aabfcf974a46098f5123830ac5cb
778,18,UNKNOWN,10,bounded_layer_scan,8fba55cea0f98be36fab7b65349dda867a58aabfcf974a46098f5123830ac5cb
779,17,UNKNOWN,10,bounded_layer_scan,8fba55cea0f98be36fab7b65349dda867a58aabfcf974a46098f5123830ac5cb
779,18,UNKNOWN,10,bounded_layer_scan,8fba55cea0f98be36fab7b65349dda867a58aabfcf974a46098f5123830ac5cb
780,17,UNKNOWN,10,bounded_layer_scan,8fba55cea0f98be36fab7b65349dda867a58aabfcf974a46098f5123830ac5cb
780,18,UNKNOWN,10,bounded_layer_scan,8fba55cea0f98be36fab7b65349dda867a58aabfcf974a46098f5123830ac5cb
781,17,UNKNOWN,10,bounded_layer_scan,8fba55cea0f98be36fab7b65349dda867a58aabfcf974a46098f5123830ac5cb
781,18,UNKNOWN,10,bounded_layer_scan,8fba55cea0f98be36fab7b65349dda867a58aabfcf974a46098f5123830ac5cb
782,17,UNKNOWN,10,bounded_layer_scan,8fba55cea0f98be36fab7b65349dda867a58aabfcf974a46098f5123830ac5cb
782,18,UNKNOWN,10,bounded_layer_scan,8fba55cea0f98be36fab7b65349dda867a58aabfcf974a46098f5123830ac5cb
783,17,UNKNOWN,10,bounded_layer_scan,8fba55cea0f98be36fab7b65349dda867a58aabfcf974a46098f5123830ac5cb
783,18,UNKNOWN,10,bounded_layer_scan,8fba55cea0f98be36fab7b65349dda867a58aabfcf974a46098f5123830ac5cb
784,17,UNKNOWN,10,bounded_layer_scan,8fba55cea0f98be36fab7b65349dda867a58aabfcf974a46098f5123830ac5cb
784,18,UNKNOWN,10,bounded_layer_scan,8fba55cea0f98be36fab7b65349dda867a58aabfcf974a46098f5123830ac5cb
785,17,UNKNOWN,10,bounded_layer_scan,8fba55cea0f98be36fab7b65349dda867a58aabfcf974a46098f5123830ac5cb
785,18,UNKNOWN,10,bounded_layer_scan,8fba55cea0f98be36fab7b65349dda867a58aabfcf974a46098f5123830ac5cb
786,17,UNKNOWN,10,bounded_layer_scan,8fba55cea0f98be36fab7b65349dda867a58aabfcf974a46098f5123830ac5cb
786,18,UNKNOWN,10,bounded_layer_scan,8fba55cea0f98be36fab7b65349dda867a58aabfcf974a46098f5123830ac5cb
787,17,UNKNOWN,10,bounded_layer_scan,8fba55cea0f98be36fab7b65349dda867a58aabfcf974a46098f5123830ac5cb
787,18,UNKNOWN,10,bounded_layer_scan,8fba55cea0f98be36fab7b65349dda867a58aabfcf974a46098f5123830ac5cb
788,17,SAT,10,bounded_layer_scan,2b986b1d8941be97a4a25a471d35d0bd2dbc351961dc37f4f2dbc395e479c17c
788,18,UNKNOWN,10,bounded_layer_scan,8fba55cea0f98be36fab7b65349dda867a58aabfcf974a46098f5123830ac5cb
789,17,UNKNOWN,10,bounded_layer_scan,8fba55cea0f98be36fab7b65349dda867a58aabfcf974a46098f5123830ac5cb
789,18,UNKNOWN,10,bounded_layer_scan,8fba55cea0f98be36fab7b65349dda867a58aabfcf974a46098f5123830ac5cb
790,17,UNKNOWN,10,bounded_layer_scan,8fba55cea0f98be36fab7b65349dda867a58aabfcf974a46098f5123830ac5cb
790,18,UNKNOWN,10,bounded_layer_scan,8fba55cea0f98be36fab7b65349dda867a58aabfcf974a46098f5123830ac5cb
791,17,UNKNOWN,10,bounded_layer_scan,8fba55cea0f98be36fab7b65349dda867a58aabfcf974a46098f5123830ac5cb
791,18,SAT,10,bounded_layer_scan,3d12fef09f2a29e0e6d5467f87c89a56a0c410f4e1cc069780a205cd99192471
792,17,UNKNOWN,10,bounded_layer_scan,8fba55cea0f98be36fab7b65349dda867a58aabfcf974a46098f5123830ac5cb
792,18,SAT,10,bounded_layer_scan,d6416e994f4b1783ca9d091761562806d5cf37017d17522beb105089c6bb8d17
793,17,UNKNOWN,10,bounded_layer_scan,8fba55cea0f98be36fab7b65349dda867a58aabfcf974a46098f5123830ac5cb
793,18,UNKNOWN,10,bounded_layer_scan,8fba55cea0f98be36fab7b65349dda867a58aabfcf974a46098f5123830ac5cb
794,17,UNKNOWN,10,bounded_layer_scan,8fba55cea0f98be36fab7b65349dda867a58aabfcf974a46098f5123830ac5cb
794,18,UNKNOWN,10,bounded_layer_scan,8fba55cea0f98be36fab7b65349dda867a58aabfcf974a46098f5123830ac5cb
795,17,UNKNOWN,10,bounded_layer_scan,8fba55cea0f98be36fab7b65349dda867a58aabfcf974a46098f5123830ac5cb
795,18,UNKNOWN,10,bounded_layer_scan,8fba55cea0f98be36fab7b65349dda867a58aabfcf974a46098f5123830ac5cb
796,17,UNKNOWN,10,bounded_layer_scan,8fba55cea0f98be36fab7b65349dda867a58aabfcf974a46098f5123830ac5cb
796,18,UNKNOWN,10,bounded_layer_scan,8fba55cea0f98be36fab7b65349dda867a58aabfcf974a46098f5123830ac5cb
797,17,UNKNOWN,10,bounded_layer_scan,8fba55cea0f98be36fab7b65349dda867a58aabfcf974a46098f5123830ac5cb
797,18,UNKNOWN,10,bounded_layer_scan,8fba55cea0f98be36fab7b65349dda867a58aabfcf974a46098f5123830ac5cb
798,17,UNKNOWN,10,bounded_layer_scan,8fba55cea0f98be36fab7b65349dda867a58aabfcf974a46098f5123830ac5cb
798,18,UNKNOWN,10,bounded_layer_scan,8fba55cea0f98be36fab7b65349dda867a58aabfcf974a46098f5123830ac5cb
799,17,UNKNOWN,10,bounded_layer_scan,8fba55cea0f98be36fab7b65349dda867a58aabfcf974a46098f5123830ac5cb
799,18,UNKNOWN,10,bounded_layer_scan,8fba55cea0f98be36fab7b65349dda867a58aabfcf974a46098f5123830ac5cb
800,17,UNKNOWN,10,bounded_layer_scan,8fba55cea0f98be36fab7b65349dda867a58aabfcf974a46098f5123830ac5cb
800,18,UNKNOWN,10,bounded_layer_scan,8fba55cea0f98be36fab7b65349dda867a58aabfcf974a46098f5123830ac5cb
801,17,UNKNOWN,10,bounded_layer_scan,8fba55cea0f98be36fab7b65349dda867a58aabfcf974a46098f5123830ac5cb
801,18,UNKNOWN,10,bounded_layer_scan,8fba55cea0f98be36fab7b65349dda867a58aabfcf974a46098f5123830ac5cb
802,17,UNKNOWN,10,bounded_layer_scan,8fba55cea0f98be36fab7b65349dda867a58aabfcf974a46098f5123830ac5cb
802,18,UNKNOWN,10,bounded_layer_scan,8fba55cea0f98be36fab7b65349dda867a58aabfcf974a46098f5123830ac5cb
803,17,UNKNOWN,10,bounded_layer_scan,8fba55cea0f98be36fab7b65349dda867a58aabfcf974a46098f5123830ac5cb
803,18,UNKNOWN,10,bounded_layer_scan,8fba55cea0f98be36fab7b65349dda867a58aabfcf974a46098f5123830ac5cb
804,17,UNKNOWN,10,bounded_layer_scan,8fba55cea0f98be36fab7b65349dda867a58aabfcf974a46098f5123830ac5cb
804,18,UNKNOWN,10,bounded_layer_scan,8fba55cea0f98be36fab7b65349dda867a58aabfcf974a46098f5123830ac5cb
805,17,UNKNOWN,10,bounded_layer_scan,8fba55cea0f98be36fab7b65349dda867a58aabfcf974a46098f5123830ac5cb
805,18,UNKNOWN,10,bounded_layer_scan,8fba55cea0f98be36fab7b65349dda867a58aabfcf974a46098f5123830ac5cb
806,17,UNKNOWN,10,bounded_layer_scan,8fba55cea0f98be36fab7b65349dda867a58aabfcf974a46098f5123830ac5cb
806,18,UNKNOWN,10,bounded_layer_scan,8fba55cea0f98be36fab7b65349dda867a58aabfcf974a46098f5123830ac5cb
807,17,UNKNOWN,10,bounded_layer_scan,8fba55cea0f98be36fab7b65349dda867a58aabfcf974a46098f5123830ac5cb
807,18,UNKNOWN,10,bounded_layer_scan,8fba55cea0f98be36fab7b65349dda867a58aabfcf974a46098f5123830ac5cb
808,17,UNKNOWN,10,bounded_layer_scan,8fba55cea0f98be36fab7b65349dda867a58aabfcf974a46098f5123830ac5cb
808,18,UNKNOWN,10,bounded_layer_scan,8fba55cea0f98be36fab7b65349dda867a58aabfcf974a46098f5123830ac5cb
809,17,UNKNOWN,10,bounded_layer_scan,8fba55cea0f98be36fab7b65349dda867a58aabfcf974a46098f5123830ac5cb
809,18,UNKNOWN,10,bounded_layer_scan,8fba55cea0f98be36fab7b65349dda867a58aabfcf974a46098f5123830ac5cb
810,17,UNKNOWN,10,bounded_layer_scan,8fba55cea0f98be36fab7b65349dda867a58aabfcf974a46098f5123830ac5cb
810,18,UNKNOWN,10,bounded_layer_scan,8fba55cea0f98be36fab7b65349dda867a58aabfcf974a46098f5123830ac5cb
811,17,UNKNOWN,10,bounded_layer_scan,8fba55cea0f98be36fab7b65349dda867a58aabfcf974a46098f5123830ac5cb
811,18,UNKNOWN,10,bounded_layer_scan,8fba55cea0f98be36fab7b65349dda867a58aabfcf974a46098f5123830ac5cb
812,17,SAT,10,bounded_layer_scan,31bc978642ba1eb9738051351f021404e2ae1c84e8f37c3ba09f1a5575d840da
812,18,UNKNOWN,10,bounded_layer_scan,8fba55cea0f98be36fab7b65349dda867a58aabfcf974a46098f5123830ac5cb
813,17,UNKNOWN,10,bounded_layer_scan,8fba55cea0f98be36fab7b65349dda867a58aabfcf974a46098f5123830ac5cb
813,18,UNKNOWN,10,bounded_layer_scan,8fba55cea0f98be36fab7b65349dda867a58aabfcf974a46098f5123830ac5cb
814,17,UNKNOWN,10,bounded_layer_scan,8fba55cea0f98be36fab7b65349dda867a58aabfcf974a46098f5123830ac5cb
814,18,UNKNOWN,10,bounded_layer_scan,8fba55cea0f98be36fab7b65349dda867a58aabfcf974a46098f5123830ac5cb
815,17,UNKNOWN,10,bounded_layer_scan,8fba55cea0f98be36fab7b65349dda867a58aabfcf974a46098f5123830ac5cb
815,18,UNKNOWN,10,bounded_layer_scan,8fba55cea0f98be36fab7b65349dda867a58aabfcf974a46098f5123830ac5cb
816,17,UNKNOWN,10,bounded_layer_scan,8fba55cea0f98be36fab7b65349dda867a58aabfcf974a46098f5123830ac5cb
816,18,UNKNOWN,10,bounded_layer_scan,8fba55cea0f98be36fab7b65349dda867a58aabfcf974a46098f5123830ac5cb
817,17,UNKNOWN,10,bounded_layer_scan,8fba55cea0f98be36fab7b65349dda867a58aabfcf974a46098f5123830ac5cb
817,18,UNKNOWN,10,bounded_layer_scan,8fba55cea0f98be36fab7b65349dda867a58aabfcf974a46098f5123830ac5cb
818,17,UNKNOWN,10,bounded_layer_scan,8fba55cea0f98be36fab7b65349dda867a58aabfcf974a46098f5123830ac5cb
818,18,UNKNOWN,10,bounded_layer_scan,8fba55cea0f98be36fab7b65349dda867a58aabfcf974a46098f5123830ac5cb
819,17,UNKNOWN,10,bounded_layer_scan,8fba55cea0f98be36fab7b65349dda867a58aabfcf974a46098f5123830ac5cb
819,18,UNKNOWN,10,bounded_layer_scan,8fba55cea0f98be36fab7b65349dda867a58aabfcf974a46098f5123830ac5cb
820,17,UNKNOWN,10,bounded_layer_scan,8fba55cea0f98be36fab7b65349dda867a58aabfcf974a46098f5123830ac5cb
820,18,UNKNOWN,10,bounded_layer_scan,8fba55cea0f98be36fab7b65349dda867a58aabfcf974a46098f5123830ac5cb
821,17,UNKNOWN,10,bounded_layer_scan,8fba55cea0f98be36fab7b65349dda867a58aabfcf974a46098f5123830ac5cb
821,18,UNKNOWN,10,bounded_layer_scan,8fba55cea0f98be36fab7b65349dda867a58aabfcf974a46098f5123830ac5cb
822,17,UNKNOWN,10,bounded_layer_scan,8fba55cea0f98be36fab7b65349dda867a58aabfcf974a46098f5123830ac5cb
822,18,UNKNOWN,10,bounded_layer_scan,8fba55cea0f98be36fab7b65349dda867a58aabfcf974a46098f5123830ac5cb
823,17,UNKNOWN,10,bounded_layer_scan,8fba55cea0f98be36fab7b65349dda867a58aabfcf974a46098f5123830ac5cb
823,18,UNKNOWN,10,bounded_layer_scan,8fba55cea0f98be36fab7b65349dda867a58aabfcf974a46098f5123830ac5cb
824,17,UNKNOWN,10,bounded_layer_scan,8fba55cea0f98be36fab7b65349dda867a58aabfcf974a46098f5123830ac5cb
824,18,SAT,10,bounded_layer_scan,a18b65389f25b5764f6ed8e04cd2574555d6bfeff652ab60c56d2afecc2e630e
825,17,SAT,10,bounded_layer_scan,3a2a5fee1c88ec0944cc88a59b9b63113e46c0114221d1fb05e0d8d953f60717
825,18,UNKNOWN,10,bounded_layer_scan,8fba55cea0f98be36fab7b65349dda867a58aabfcf974a46098f5123830ac5cb
826,17,UNKNOWN,10,bounded_layer_scan,8fba55cea0f98be36fab7b65349dda867a58aabfcf974a46098f5123830ac5cb
826,18,UNKNOWN,10,bounded_layer_scan,8fba55cea0f98be36fab7b65349dda867a58aabfcf974a46098f5123830ac5cb
827,17,UNKNOWN,10,bounded_layer_scan,8fba55cea0f98be36fab7b65349dda867a58aabfcf974a46098f5123830ac5cb
827,18,UNKNOWN,10,bounded_layer_scan,8fba55cea0f98be36fab7b65349dda867a58aabfcf974a46098f5123830ac5cb
828,17,UNKNOWN,10,bounded_layer_scan,8fba55cea0f98be36fab7b65349dda867a58aabfcf974a46098f5123830ac5cb
828,18,UNKNOWN,10,bounded_layer_scan,8fba55cea0f98be36fab7b65349dda867a58aabfcf974a46098f5123830ac5cb
829,17,UNKNOWN,10,bounded_layer_scan,8fba55cea0f98be36fab7b65349dda867a58aabfcf974a46098f5123830ac5cb
829,18,UNKNOWN,10,bounded_layer_scan,8fba55cea0f98be36fab7b65349dda867a58aabfcf974a46098f5123830ac5cb
830,17,UNKNOWN,10,bounded_layer_scan,8fba55cea0f98be36fab7b65349dda867a58aabfcf974a46098f5123830ac5cb
830,18,UNKNOWN,10,bounded_layer_scan,8fba55cea0f98be36fab7b65349dda867a58aabfcf974a46098f5123830ac5cb
831,17,UNKNOWN,10,bounded_layer_scan,8fba55cea0f98be36fab7b65349dda867a58aabfcf974a46098f5123830ac5cb
831,18,UNKNOWN,10,bounded_layer_scan,8fba55cea0f98be36fab7b65349dda867a58aabfcf974a46098f5123830ac5cb
832,17,SAT,10,bounded_layer_scan,0abde1cc14f80e9f606fc4fc926a20f67646efde0f4345e50deb40fa6a491492
832,18,UNKNOWN,10,bounded_layer_scan,8fba55cea0f98be36fab7b65349dda867a58aabfcf974a46098f5123830ac5cb
833,17,SAT,10,bounded_layer_scan,c39474804e496c2663aadb46372e6bfc36e3080eb1e31359a5df1b6f1041f71a
833,18,UNKNOWN,10,bounded_layer_scan,8fba55cea0f98be36fab7b65349dda867a58aabfcf974a46098f5123830ac5cb
834,17,UNKNOWN,10,bounded_layer_scan,8fba55cea0f98be36fab7b65349dda867a58aabfcf974a46098f5123830ac5cb
834,18,UNKNOWN,10,bounded_layer_scan,8fba55cea0f98be36fab7b65349dda867a58aabfcf974a46098f5123830ac5cb
835,17,UNKNOWN,10,bounded_layer_scan,8fba55cea0f98be36fab7b65349dda867a58aabfcf974a46098f5123830ac5cb
835,18,UNKNOWN,10,bounded_layer_scan,8fba55cea0f98be36fab7b65349dda867a58aabfcf974a46098f5123830ac5cb
836,17,UNKNOWN,10,bounded_layer_scan,8fba55cea0f98be36fab7b65349dda867a58aabfcf974a46098f5123830ac5cb
836,18,UNKNOWN,10,bounded_layer_scan,8fba55cea0f98be36fab7b65349dda867a58aabfcf974a46098f5123830ac5cb
837,17,UNKNOWN,10,bounded_layer_scan,8fba55cea0f98be36fab7b65349dda867a58aabfcf974a46098f5123830ac5cb
837,18,UNKNOWN,10,bounded_layer_scan,8fba55cea0f98be36fab7b65349dda867a58aabfcf974a46098f5123830ac5cb
838,17,UNKNOWN,10,bounded_layer_scan,8fba55cea0f98be36fab7b65349dda867a58aabfcf974a46098f5123830ac5cb
838,18,UNKNOWN,10,bounded_layer_scan,8fba55cea0f98be36fab7b65349dda867a58aabfcf974a46098f5123830ac5cb
839,17,UNKNOWN,10,bounded_layer_scan,8fba55cea0f98be36fab7b65349dda867a58aabfcf974a46098f5123830ac5cb
839,18,UNKNOWN,10,bounded_layer_scan,8fba55cea0f98be36fab7b65349dda867a58aabfcf974a46098f5123830ac5cb
840,17,UNKNOWN,10,bounded_layer_scan,8fba55cea0f98be36fab7b65349dda867a58aabfcf974a46098f5123830ac5cb
840,18,UNKNOWN,10,bounded_layer_scan,8fba55cea0f98be36fab7b65349dda867a58aabfcf974a46098f5123830ac5cb
841,17,UNKNOWN,10,bounded_layer_scan,8fba55cea0f98be36fab7b65349dda867a58aabfcf974a46098f5123830ac5cb
841,18,UNKNOWN,10,bounded_layer_scan,8fba55cea0f98be36fab7b65349dda867a58aabfcf974a46098f5123830ac5cb
842,17,UNKNOWN,10,bounded_layer_scan,8fba55cea0f98be36fab7b65349dda867a58aabfcf974a46098f5123830ac5cb
842,18,UNKNOWN,10,bounded_layer_scan,8fba55cea0f98be36fab7b65349dda867a58aabfcf974a46098f5123830ac5cb
843,17,SAT,10,bounded_layer_scan,74406f2fb042754a2840bd2fad5d7e599757c0ac2cb56857cce590771f488ef2
843,18,UNKNOWN,10,bounded_layer_scan,8fba55cea0f98be36fab7b65349dda867a58aabfcf974a46098f5123830ac5cb
844,17,UNKNOWN,10,bounded_layer_scan,8fba55cea0f98be36fab7b65349dda867a58aabfcf974a46098f5123830ac5cb
844,18,UNKNOWN,10,bounded_layer_scan,8fba55cea0f98be36fab7b65349dda867a58aabfcf974a46098f5123830ac5cb
845,17,UNKNOWN,10,bounded_layer_scan,8fba55cea0f98be36fab7b65349dda867a58aabfcf974a46098f5123830ac5cb
845,18,UNKNOWN,10,bounded_layer_scan,8fba55cea0f98be36fab7b65349dda867a58aabfcf974a46098f5123830ac5cb
846,17,UNKNOWN,10,bounded_layer_scan,8fba55cea0f98be36fab7b65349dda867a58aabfcf974a46098f5123830ac5cb
846,18,UNKNOWN,10,bounded_layer_scan,8fba55cea0f98be36fab7b65349dda867a58aabfcf974a46098f5123830ac5cb
847,17,UNKNOWN,10,bounded_layer_scan,8fba55cea0f98be36fab7b65349dda867a58aabfcf974a46098f5123830ac5cb
847,18,UNKNOWN,10,bounded_layer_scan,8fba55cea0f98be36fab7b65349dda867a58aabfcf974a46098f5123830ac5cb
848,17,UNKNOWN,10,bounded_layer_scan,8fba55cea0f98be36fab7b65349dda867a58aabfcf974a46098f5123830ac5cb
848,18,UNKNOWN,10,bounded_layer_scan,8fba55cea0f98be36fab7b65349dda867a58aabfcf974a46098f5123830ac5cb
849,17,UNKNOWN,10,bounded_layer_scan,8fba55cea0f98be36fab7b65349dda867a58aabfcf974a46098f5123830ac5cb
849,18,UNKNOWN,10,bounded_layer_scan,8fba55cea0f98be36fab7b65349dda867a58aabfcf974a46098f5123830ac5cb
850,17,UNKNOWN,10,bounded_layer_scan,8fba55cea0f98be36fab7b65349dda867a58aabfcf974a46098f5123830ac5cb
850,18,UNKNOWN,10,bounded_layer_scan,8fba55cea0f98be36fab7b65349dda867a58aabfcf974a46098f5123830ac5cb
851,17,UNKNOWN,10,bounded_layer_scan,8fba55cea0f98be36fab7b65349dda867a58aabfcf974a46098f5123830ac5cb
851,18,UNKNOWN,10,bounded_layer_scan,8fba55cea0f98be36fab7b65349dda867a58aabfcf974a46098f5123830ac5cb
852,17,UNKNOWN,10,bounded_layer_scan,8fba55cea0f98be36fab7b65349dda867a58aabfcf974a46098f5123830ac5cb
852,18,UNKNOWN,10,bounded_layer_scan,8fba55cea0f98be36fab7b65349dda867a58aabfcf974a46098f5123830ac5cb
853,17,SAT,10,bounded_layer_scan,1deb0c28a416f1370bb7c71994a2da7d826589d7fae5c473f39ded15cb15cd0d
853,18,SAT,10,bounded_layer_scan,617e9d1224b7fc64be5612d505491be366553e2ec192a87bea40a32f66035d3b
854,17,UNKNOWN,10,bounded_layer_scan,8fba55cea0f98be36fab7b65349dda867a58aabfcf974a46098f5123830ac5cb
854,18,UNKNOWN,10,bounded_layer_scan,8fba55cea0f98be36fab7b65349dda867a58aabfcf974a46098f5123830ac5cb
855,17,UNKNOWN,10,bounded_layer_scan,8fba55cea0f98be36fab7b65349dda867a58aabfcf974a46098f5123830ac5cb
855,18,UNKNOWN,10,bounded_layer_scan,8fba55cea0f98be36fab7b65349dda867a58aabfcf974a46098f5123830ac5cb
856,17,SAT,10,bounded_layer_scan,82303f801e8b03579887ada6bf80f0ba58735d6d5f9a8337185a3a5f70e29424
856,18,UNKNOWN,10,bounded_layer_scan,8fba55cea0f98be36fab7b65349dda867a58aabfcf974a46098f5123830ac5cb
857,17,UNKNOWN,10,bounded_layer_scan,8fba55cea0f98be36fab7b65349dda867a58aabfcf974a46098f5123830ac5cb
857,18,UNKNOWN,10,bounded_layer_scan,8fba55cea0f98be36fab7b65349dda867a58aabfcf974a46098f5123830ac5cb
858,17,UNKNOWN,10,bounded_layer_scan,8fba55cea0f98be36fab7b65349dda867a58aabfcf974a46098f5123830ac5cb
858,18,UNKNOWN,10,bounded_layer_scan,8fba55cea0f98be36fab7b65349dda867a58aabfcf974a46098f5123830ac5cb
859,17,UNKNOWN,10,bounded_layer_scan,8fba55cea0f98be36fab7b65349dda867a58aabfcf974a46098f5123830ac5cb
859,18,UNKNOWN,10,bounded_layer_scan,8fba55cea0f98be36fab7b65349dda867a58aabfcf974a46098f5123830ac5cb
860,17,SAT,10,bounded_layer_scan,d0f8042aeef7076eb5469b16d8d01dad0f1fc7e522eb9ffbac2d84f549ecd499
860,18,UNKNOWN,10,bounded_layer_scan,8fba55cea0f98be36fab7b65349dda867a58aabfcf974a46098f5123830ac5cb
861,17,UNKNOWN,10,bounded_layer_scan,8fba55cea0f98be36fab7b65349dda867a58aabfcf974a46098f5123830ac5cb
861,18,UNKNOWN,10,bounded_layer_scan,8fba55cea0f98be36fab7b65349dda867a58aabfcf974a46098f5123830ac5cb
862,17,UNKNOWN,10,bounded_layer_scan,8fba55cea0f98be36fab7b65349dda867a58aabfcf974a46098f5123830ac5cb
862,18,UNKNOWN,10,bounded_layer_scan,8fba55cea0f98be36fab7b65349dda867a58aabfcf974a46098f5123830ac5cb
863,17,UNKNOWN,10,bounded_layer_scan,8fba55cea0f98be36fab7b65349dda867a58aabfcf974a46098f5123830ac5cb
863,18,UNKNOWN,10,bounded_layer_scan,8fba55cea0f98be36fab7b65349dda867a58aabfcf974a46098f5123830ac5cb
864,17,UNKNOWN,10,bounded_layer_scan,8fba55cea0f98be36fab7b65349dda867a58aabfcf974a46098f5123830ac5cb
864,18,UNKNOWN,10,bounded_layer_scan,8fba55cea0f98be36fab7b65349dda867a58aabfcf974a46098f5123830ac5cb
865,17,UNKNOWN,10,bounded_layer_scan,8fba55cea0f98be36fab7b65349dda867a58aabfcf974a46098f5123830ac5cb
865,18,UNKNOWN,10,bounded_layer_scan,8fba55cea0f98be36fab7b65349dda867a58aabfcf974a46098f5123830ac5cb
866,17,UNKNOWN,10,bounded_layer_scan,8fba55cea0f98be36fab7b65349dda867a58aabfcf974a46098f5123830ac5cb
866,18,UNKNOWN,10,bounded_layer_scan,8fba55cea0f98be36fab7b65349dda867a58aabfcf974a46098f5123830ac5cb
867,17,UNKNOWN,10,bounded_layer_scan,8fba55cea0f98be36fab7b65349dda867a58aabfcf974a46098f5123830ac5cb
867,18,UNKNOWN,10,bounded_layer_scan,8fba55cea0f98be36fab7b65349dda867a58aabfcf974a46098f5123830ac5cb
868,17,UNKNOWN,10,bounded_layer_scan,8fba55cea0f98be36fab7b65349dda867a58aabfcf974a46098f5123830ac5cb
868,18,UNKNOWN,10,bounded_layer_scan,8fba55cea0f98be36fab7b65349dda867a58aabfcf974a46098f5123830ac5cb
869,17,SAT,10,bounded_layer_scan,6c0c395b802ad7861c9afe2223a6b3d3ed35f5611d6b041b941b4d67a3fdc61e
869,18,UNKNOWN,10,bounded_layer_scan,8fba55cea0f98be36fab7b65349dda867a58aabfcf974a46098f5123830ac5cb
870,17,UNKNOWN,10,bounded_layer_scan,8fba55cea0f98be36fab7b65349dda867a58aabfcf974a46098f5123830ac5cb
870,18,UNKNOWN,10,bounded_layer_scan,8fba55cea0f98be36fab7b65349dda867a58aabfcf974a46098f5123830ac5cb
871,17,UNKNOWN,10,bounded_layer_scan,8fba55cea0f98be36fab7b65349dda867a58aabfcf974a46098f5123830ac5cb
871,18,UNKNOWN,10,bounded_layer_scan,8fba55cea0f98be36fab7b65349dda867a58aabfcf974a46098f5123830ac5cb
872,17,UNKNOWN,10,bounded_layer_scan,8fba55cea0f98be36fab7b65349dda867a58aabfcf974a46098f5123830ac5cb
872,18,UNKNOWN,10,bounded_layer_scan,8fba55cea0f98be36fab7b65349dda867a58aabfcf974a46098f5123830ac5cb
873,17,UNKNOWN,10,bounded_layer_scan,8fba55cea0f98be36fab7b65349dda867a58aabfcf974a46098f5123830ac5cb
873,18,UNKNOWN,10,bounded_layer_scan,8fba55cea0f98be36fab7b65349dda867a58aabfcf974a46098f5123830ac5cb
874,17,UNKNOWN,10,bounded_layer_scan,8fba55cea0f98be36fab7b65349dda867a58aabfcf974a46098f5123830ac5cb
874,18,UNKNOWN,10,bounded_layer_scan,8fba55cea0f98be36fab7b65349dda867a58aabfcf974a46098f5123830ac5cb
875,17,UNKNOWN,10,bounded_layer_scan,8fba55cea0f98be36fab7b65349dda867a58aabfcf974a46098f5123830ac5cb
875,18,UNKNOWN,10,bounded_layer_scan,8fba55cea0f98be36fab7b65349dda867a58aabfcf974a46098f5123830ac5cb
876,17,SAT,10,bounded_layer_scan,d6f921500b1ccc4414b40d5e71bfbe4300a676f6cecb0a963f8b25c5d461b0cb
876,18,UNKNOWN,10,bounded_layer_scan,8fba55cea0f98be36fab7b65349dda867a58aabfcf974a46098f5123830ac5cb
877,17,UNKNOWN,10,bounded_layer_scan,8fba55cea0f98be36fab7b65349dda867a58aabfcf974a46098f5123830ac5cb
877,18,UNKNOWN,10,bounded_layer_scan,8fba55cea0f98be36fab7b65349dda867a58aabfcf974a46098f5123830ac5cb
878,17,UNKNOWN,10,bounded_layer_scan,8fba55cea0f98be36fab7b65349dda867a58aabfcf974a46098f5123830ac5cb
878,18,UNKNOWN,10,bounded_layer_scan,8fba55cea0f98be36fab7b65349dda867a58aabfcf974a46098f5123830ac5cb
879,17,UNKNOWN,10,bounded_layer_scan,8fba55cea0f98be36fab7b65349dda867a58aabfcf974a46098f5123830ac5cb
879,18,UNKNOWN,10,bounded_layer_scan,8fba55cea0f98be36fab7b65349dda867a58aabfcf974a46098f5123830ac5cb
880,17,UNKNOWN,10,bounded_layer_scan,8fba55cea0f98be36fab7b65349dda867a58aabfcf974a46098f5123830ac5cb
880,18,UNKNOWN,10,bounded_layer_scan,8fba55cea0f98be36fab7b65349dda867a58aabfcf974a46098f5123830ac5cb
881,17,UNKNOWN,10,bounded_layer_scan,8fba55cea0f98be36fab7b65349dda867a58aabfcf974a46098f5123830ac5cb
881,18,UNKNOWN,10,bounded_layer_scan,8fba55cea0f98be36fab7b65349dda867a58aabfcf974a46098f5123830ac5cb
882,17,UNKNOWN,10,bounded_layer_scan,8fba55cea0f98be36fab7b65349dda867a58aabfcf974a46098f5123830ac5cb
882,18,UNKNOWN,10,bounded_layer_scan,8fba55cea0f98be36fab7b65349dda867a58aabfcf974a46098f5123830ac5cb
883,17,SAT,10,bounded_layer_scan,d5f40a72600b5054ea9aceeb2efe6f25d1092247a20d8d47d9443540f9a9bb5a
883,18,UNKNOWN,10,bounded_layer_scan,8fba55cea0f98be36fab7b65349dda867a58aabfcf974a46098f5123830ac5cb
884,17,UNKNOWN,10,bounded_layer_scan,8fba55cea0f98be36fab7b65349dda867a58aabfcf974a46098f5123830ac5cb
884,18,UNKNOWN,10,bounded_layer_scan,8fba55cea0f98be36fab7b65349dda867a58aabfcf974a46098f5123830ac5cb
885,17,UNKNOWN,10,bounded_layer_scan,8fba55cea0f98be36fab7b65349dda867a58aabfcf974a46098f5123830ac5cb
885,18,UNKNOWN,10,bounded_layer_scan,8fba55cea0f98be36fab7b65349dda867a58aabfcf974a46098f5123830ac5cb
886,17,UNKNOWN,10,bounded_layer_scan,8fba55cea0f98be36fab7b65349dda867a58aabfcf974a46098f5123830ac5cb
886,18,UNKNOWN,10,bounded_layer_scan,8fba55cea0f98be36fab7b65349dda867a58aabfcf974a46098f5123830ac5cb
887,17,UNKNOWN,10,bounded_layer_scan,8fba55cea0f98be36fab7b65349dda867a58aabfcf974a46098f5123830ac5cb
887,18,UNKNOWN,10,bounded_layer_scan,8fba55cea0f98be36fab7b65349dda867a58aabfcf974a46098f5123830ac5cb
888,17,UNKNOWN,10,bounded_layer_scan,8fba55cea0f98be36fab7b65349dda867a58aabfcf974a46098f5123830ac5cb
888,18,UNKNOWN,10,bounded_layer_scan,8fba55cea0f98be36fab7b65349dda867a58aabfcf974a46098f5123830ac5cb
889,17,UNKNOWN,10,bounded_layer_scan,8fba55cea0f98be36fab7b65349dda867a58aabfcf974a46098f5123830ac5cb
889,18,SAT,10,bounded_layer_scan,996d7e0f301234baa6d006229f7576e8dfa44c4ff321c1ecbe308532b039f7db
890,17,UNKNOWN,10,bounded_layer_scan,8fba55cea0f98be36fab7b65349dda867a58aabfcf974a46098f5123830ac5cb
890,18,UNKNOWN,10,bounded_layer_scan,8fba55cea0f98be36fab7b65349dda867a58aabfcf974a46098f5123830ac5cb
891,17,SAT,10,bounded_layer_scan,53157deae8f7dc241dfb489ec9f94a2ddcc33342ec8f85727e420543e6f62cef
891,18,UNKNOWN,10,bounded_layer_scan,8fba55cea0f98be36fab7b65349dda867a58aabfcf974a46098f5123830ac5cb
892,17,SAT,10,bounded_layer_scan,7fdbe049172a0458dafef3b33386163ea89da3e786a21e74f0085285c5713f3b
892,18,UNKNOWN,10,bounded_layer_scan,8fba55cea0f98be36fab7b65349dda867a58aabfcf974a46098f5123830ac5cb
893,17,UNKNOWN,10,bounded_layer_scan,8fba55cea0f98be36fab7b65349dda867a58aabfcf974a46098f5123830ac5cb
893,18,UNKNOWN,10,bounded_layer_scan,8fba55cea0f98be36fab7b65349dda867a58aabfcf974a46098f5123830ac5cb
894,17,UNKNOWN,10,bounded_layer_scan,8fba55cea0f98be36fab7b65349dda867a58aabfcf974a46098f5123830ac5cb
894,18,UNKNOWN,10,bounded_layer_scan,8fba55cea0f98be36fab7b65349dda867a58aabfcf974a46098f5123830ac5cb
895,17,UNKNOWN,10,bounded_layer_scan,8fba55cea0f98be36fab7b65349dda867a58aabfcf974a46098f5123830ac5cb
895,18,UNKNOWN,10,bounded_layer_scan,8fba55cea0f98be36fab7b65349dda867a58aabfcf974a46098f5123830ac5cb
896,17,UNKNOWN,10,bounded_layer_scan,8fba55cea0f98be36fab7b65349dda867a58aabfcf974a46098f5123830ac5cb
896,18,UNKNOWN,10,bounded_layer_scan,8fba55cea0f98be36fab7b65349dda867a58aabfcf974a46098f5123830ac5cb
897,17,UNKNOWN,10,bounded_layer_scan,8fba55cea0f98be36fab7b65349dda867a58aabfcf974a46098f5123830ac5cb
897,18,UNKNOWN,10,bounded_layer_scan,8fba55cea0f98be36fab7b65349dda867a58aabfcf974a46098f5123830ac5cb
898,17,UNKNOWN,10,bounded_layer_scan,8fba55cea0f98be36fab7b65349dda867a58aabfcf974a46098f5123830ac5cb
898,18,UNKNOWN,10,bounded_layer_scan,8fba55cea0f98be36fab7b65349dda867a58aabfcf974a46098f5123830ac5cb
899,17,UNKNOWN,10,bounded_layer_scan,8fba55cea0f98be36fab7b65349dda867a58aabfcf974a46098f5123830ac5cb
899,18,UNKNOWN,10,bounded_layer_scan,8fba55cea0f98be36fab7b65349dda867a58aabfcf974a46098f5123830ac5cb
900,17,UNKNOWN,10,bounded_layer_scan,8fba55cea0f98be36fab7b65349dda867a58aabfcf974a46098f5123830ac5cb
900,18,UNKNOWN,10,bounded_layer_scan,8fba55cea0f98be36fab7b65349dda867a58aabfcf974a46098f5123830ac5cb
901,17,UNKNOWN,10,bounded_layer_scan,8fba55cea0f98be36fab7b65349dda867a58aabfcf974a46098f5123830ac5cb
901,18,UNKNOWN,10,bounded_layer_scan,8fba55cea0f98be36fab7b65349dda867a58aabfcf974a46098f5123830ac5cb
902,17,UNKNOWN,10,bounded_layer_scan,8fba55cea0f98be36fab7b65349dda867a58aabfcf974a46098f5123830ac5cb
902,18,UNKNOWN,10,bounded_layer_scan,8fba55cea0f98be36fab7b65349dda867a58aabfcf974a46098f5123830ac5cb
903,17,UNKNOWN,10,bounded_layer_scan,8fba55cea0f98be36fab7b65349dda867a58aabfcf974a46098f5123830ac5cb
903,18,UNKNOWN,10,bounded_layer_scan,8fba55cea0f98be36fab7b65349dda867a58aabfcf974a46098f5123830ac5cb
904,17,UNKNOWN,10,bounded_layer_scan,8fba55cea0f98be36fab7b65349dda867a58aabfcf974a46098f5123830ac5cb
904,18,UNKNOWN,10,bounded_layer_scan,8fba55cea0f98be36fab7b65349dda867a58aabfcf974a46098f5123830ac5cb
905,17,UNKNOWN,10,bounded_layer_scan,8fba55cea0f98be36fab7b65349dda867a58aabfcf974a46098f5123830ac5cb
905,18,UNKNOWN,10,bounded_layer_scan,8fba55cea0f98be36fab7b65349dda867a58aabfcf974a46098f5123830ac5cb
906,17,UNKNOWN,10,bounded_layer_scan,8fba55cea0f98be36fab7b65349dda867a58aabfcf974a46098f5123830ac5cb
906,18,UNKNOWN,10,bounded_layer_scan,8fba55cea0f98be36fab7b65349dda867a58aabfcf974a46098f5123830ac5cb
907,17,UNKNOWN,10,bounded_layer_scan,8fba55cea0f98be36fab7b65349dda867a58aabfcf974a46098f5123830ac5cb
907,18,UNKNOWN,10,bounded_layer_scan,8fba55cea0f98be36fab7b65349dda867a58aabfcf974a46098f5123830ac5cb
908,17,UNKNOWN,10,bounded_layer_scan,8fba55cea0f98be36fab7b65349dda867a58aabfcf974a46098f5123830ac5cb
908,18,UNKNOWN,10,bounded_layer_scan,8fba55cea0f98be36fab7b65349dda867a58aabfcf974a46098f5123830ac5cb
909,17,UNKNOWN,10,bounded_layer_scan,8fba55cea0f98be36fab7b65349dda867a58aabfcf974a46098f5123830ac5cb
909,18,UNKNOWN,10,bounded_layer_scan,8fba55cea0f98be36fab7b65349dda867a58aabfcf974a46098f5123830ac5cb
910,17,UNKNOWN,10,bounded_layer_scan,8fba55cea0f98be36fab7b65349dda867a58aabfcf974a46098f5123830ac5cb
910,18,UNKNOWN,10,bounded_layer_scan,8fba55cea0f98be36fab7b65349dda867a58aabfcf974a46098f5123830ac5cb
911,17,SAT,10,bounded_layer_scan,49f20773987794b98dc9fad312b60ae7bec07c7e2c3fd07c79e86fc40d0069ee
911,18,UNKNOWN,10,bounded_layer_scan,8fba55cea0f98be36fab7b65349dda867a58aabfcf974a46098f5123830ac5cb
912,17,UNKNOWN,10,bounded_layer_scan,8fba55cea0f98be36fab7b65349dda867a58aabfcf974a46098f5123830ac5cb
912,18,UNKNOWN,10,bounded_layer_scan,8fba55cea0f98be36fab7b65349dda867a58aabfcf974a46098f5123830ac5cb
913,17,UNKNOWN,10,bounded_layer_scan,8fba55cea0f98be36fab7b65349dda867a58aabfcf974a46098f5123830ac5cb
913,18,UNKNOWN,10,bounded_layer_scan,8fba55cea0f98be36fab7b65349dda867a58aabfcf974a46098f5123830ac5cb
914,17,UNKNOWN,10,bounded_layer_scan,8fba55cea0f98be36fab7b65349dda867a58aabfcf974a46098f5123830ac5cb
914,18,UNKNOWN,10,bounded_layer_scan,8fba55cea0f98be36fab7b65349dda867a58aabfcf974a46098f5123830ac5cb
915,17,UNKNOWN,10,bounded_layer_scan,8fba55cea0f98be36fab7b65349dda867a58aabfcf974a46098f5123830ac5cb
915,18,UNKNOWN,10,bounded_layer_scan,8fba55cea0f98be36fab7b65349dda867a58aabfcf974a46098f5123830ac5cb
916,17,UNKNOWN,10,bounded_layer_scan,8fba55cea0f98be36fab7b65349dda867a58aabfcf974a46098f5123830ac5cb
916,18,UNKNOWN,10,bounded_layer_scan,8fba55cea0f98be36fab7b65349dda867a58aabfcf974a46098f5123830ac5cb
917,17,UNKNOWN,10,bounded_layer_scan,8fba55cea0f98be36fab7b65349dda867a58aabfcf974a46098f5123830ac5cb
917,18,UNKNOWN,10,bounded_layer_scan,8fba55cea0f98be36fab7b65349dda867a58aabfcf974a46098f5123830ac5cb
918,17,UNKNOWN,10,bounded_layer_scan,8fba55cea0f98be36fab7b65349dda867a58aabfcf974a46098f5123830ac5cb
918,18,UNKNOWN,10,bounded_layer_scan,8fba55cea0f98be36fab7b65349dda867a58aabfcf974a46098f5123830ac5cb
919,17,UNKNOWN,10,bounded_layer_scan,8fba55cea0f98be36fab7b65349dda867a58aabfcf974a46098f5123830ac5cb
919,18,UNKNOWN,10,bounded_layer_scan,8fba55cea0f98be36fab7b65349dda867a58aabfcf974a46098f5123830ac5cb
920,17,UNKNOWN,10,bounded_layer_scan,8fba55cea0f98be36fab7b65349dda867a58aabfcf974a46098f5123830ac5cb
920,18,UNKNOWN,10,bounded_layer_scan,8fba55cea0f98be36fab7b65349dda867a58aabfcf974a46098f5123830ac5cb
921,17,UNKNOWN,10,bounded_layer_scan,8fba55cea0f98be36fab7b65349dda867a58aabfcf974a46098f5123830ac5cb
921,18,UNKNOWN,10,bounded_layer_scan,8fba55cea0f98be36fab7b65349dda867a58aabfcf974a46098f5123830ac5cb
922,17,SAT,10,bounded_layer_scan,cd31e97bc9051fab92a6df27a5cd6211a22f9055ba1571677fe5f547237fd57f
922,18,UNKNOWN,10,bounded_layer_scan,8fba55cea0f98be36fab7b65349dda867a58aabfcf974a46098f5123830ac5cb
923,17,UNKNOWN,10,bounded_layer_scan,8fba55cea0f98be36fab7b65349dda867a58aabfcf974a46098f5123830ac5cb
923,18,UNKNOWN,10,bounded_layer_scan,8fba55cea0f98be36fab7b65349dda867a58aabfcf974a46098f5123830ac5cb
924,17,UNKNOWN,10,bounded_layer_scan,8fba55cea0f98be36fab7b65349dda867a58aabfcf974a46098f5123830ac5cb
924,18,UNKNOWN,10,bounded_layer_scan,8fba55cea0f98be36fab7b65349dda867a58aabfcf974a46098f5123830ac5cb
925,17,SAT,10,bounded_layer_scan,696d8a987c5c2afe072d707c5aa704181d35ced29712f34d8050c3d33195d6ea
925,18,UNKNOWN,10,bounded_layer_scan,8fba55cea0f98be36fab7b65349dda867a58aabfcf974a46098f5123830ac5cb
926,17,UNKNOWN,10,bounded_layer_scan,8fba55cea0f98be36fab7b65349dda867a58aabfcf974a46098f5123830ac5cb
926,18,UNKNOWN,10,bounded_layer_scan,8fba55cea0f98be36fab7b65349dda867a58aabfcf974a46098f5123830ac5cb
927,17,UNKNOWN,10,bounded_layer_scan,8fba55cea0f98be36fab7b65349dda867a58aabfcf974a46098f5123830ac5cb
927,18,UNKNOWN,10,bounded_layer_scan,8fba55cea0f98be36fab7b65349dda867a58aabfcf974a46098f5123830ac5cb
928,17,UNKNOWN,10,bounded_layer_scan,8fba55cea0f98be36fab7b65349dda867a58aabfcf974a46098f5123830ac5cb
928,18,UNKNOWN,10,bounded_layer_scan,8fba55cea0f98be36fab7b65349dda867a58aabfcf974a46098f5123830ac5cb
929,17,UNKNOWN,10,bounded_layer_scan,8fba55cea0f98be36fab7b65349dda867a58aabfcf974a46098f5123830ac5cb
929,18,UNKNOWN,10,bounded_layer_scan,8fba55cea0f98be36fab7b65349dda867a58aabfcf974a46098f5123830ac5cb
930,17,UNKNOWN,10,bounded_layer_scan,8fba55cea0f98be36fab7b65349dda867a58aabfcf974a46098f5123830ac5cb
930,18,UNKNOWN,10,bounded_layer_scan,8fba55cea0f98be36fab7b65349dda867a58aabfcf974a46098f5123830ac5cb
931,17,UNKNOWN,10,bounded_layer_scan,8fba55cea0f98be36fab7b65349dda867a58aabfcf974a46098f5123830ac5cb
931,18,UNKNOWN,10,bounded_layer_scan,8fba55cea0f98be36fab7b65349dda867a58aabfcf974a46098f5123830ac5cb
932,17,UNKNOWN,10,bounded_layer_scan,8fba55cea0f98be36fab7b65349dda867a58aabfcf974a46098f5123830ac5cb
932,18,UNKNOWN,10,bounded_layer_scan,8fba55cea0f98be36fab7b65349dda867a58aabfcf974a46098f5123830ac5cb
933,17,SAT,10,bounded_layer_scan,fbc183c3018d21e84e4c1be73b3fb9f484ef886da13c639ab0b7e498e4b8712e
933,18,UNKNOWN,10,bounded_layer_scan,8fba55cea0f98be36fab7b65349dda867a58aabfcf974a46098f5123830ac5cb
934,17,UNKNOWN,10,bounded_layer_scan,8fba55cea0f98be36fab7b65349dda867a58aabfcf974a46098f5123830ac5cb
934,18,UNKNOWN,10,bounded_layer_scan,8fba55cea0f98be36fab7b65349dda867a58aabfcf974a46098f5123830ac5cb
935,17,UNKNOWN,10,bounded_layer_scan,8fba55cea0f98be36fab7b65349dda867a58aabfcf974a46098f5123830ac5cb
935,18,UNKNOWN,10,bounded_layer_scan,8fba55cea0f98be36fab7b65349dda867a58aabfcf974a46098f5123830ac5cb
936,17,UNKNOWN,10,bounded_layer_scan,8fba55cea0f98be36fab7b65349dda867a58aabfcf974a46098f5123830ac5cb
936,18,UNKNOWN,10,bounded_layer_scan,8fba55cea0f98be36fab7b65349dda867a58aabfcf974a46098f5123830ac5cb
937,17,UNKNOWN,10,bounded_layer_scan,8fba55cea0f98be36fab7b65349dda867a58aabfcf974a46098f5123830ac5cb
937,18,UNKNOWN,10,bounded_layer_scan,8fba55cea0f98be36fab7b65349dda867a58aabfcf974a46098f5123830ac5cb
938,17,UNKNOWN,10,bounded_layer_scan,8fba55cea0f98be36fab7b65349dda867a58aabfcf974a46098f5123830ac5cb
938,18,UNKNOWN,10,bounded_layer_scan,8fba55cea0f98be36fab7b65349dda867a58aabfcf974a46098f5123830ac5cb
939,17,UNKNOWN,10,bounded_layer_scan,8fba55cea0f98be36fab7b65349dda867a58aabfcf974a46098f5123830ac5cb
939,18,UNKNOWN,10,bounded_layer_scan,8fba55cea0f98be36fab7b65349dda867a58aabfcf974a46098f5123830ac5cb
940,17,UNKNOWN,10,bounded_layer_scan,8fba55cea0f98be36fab7b65349dda867a58aabfcf974a46098f5123830ac5cb
940,18,UNKNOWN,10,bounded_layer_scan,8fba55cea0f98be36fab7b65349dda867a58aabfcf974a46098f5123830ac5cb
941,17,UNKNOWN,10,bounded_layer_scan,8fba55cea0f98be36fab7b65349dda867a58aabfcf974a46098f5123830ac5cb
941,18,UNKNOWN,10,bounded_layer_scan,8fba55cea0f98be36fab7b65349dda867a58aabfcf974a46098f5123830ac5cb
942,17,UNKNOWN,10,bounded_layer_scan,8fba55cea0f98be36fab7b65349dda867a58aabfcf974a46098f5123830ac5cb
942,18,UNKNOWN,10,bounded_layer_scan,8fba55cea0f98be36fab7b65349dda867a58aabfcf974a46098f5123830ac5cb
943,17,UNKNOWN,10,bounded_layer_scan,8fba55cea0f98be36fab7b65349dda867a58aabfcf974a46098f5123830ac5cb
943,18,UNKNOWN,10,bounded_layer_scan,8fba55cea0f98be36fab7b65349dda867a58aabfcf974a46098f5123830ac5cb
944,17,UNKNOWN,10,bounded_layer_scan,8fba55cea0f98be36fab7b65349dda867a58aabfcf974a46098f5123830ac5cb
944,18,UNKNOWN,10,bounded_layer_scan,8fba55cea0f98be36fab7b65349dda867a58aabfcf974a46098f5123830ac5cb
945,17,UNKNOWN,10,bounded_layer_scan,8fba55cea0f98be36fab7b65349dda867a58aabfcf974a46098f5123830ac5cb
945,18,SAT,10,bounded_layer_scan,c261779da20bece19de61a298447a96860b7925c3394c55a6844292795e399b1
946,17,UNKNOWN,10,bounded_layer_scan,8fba55cea0f98be36fab7b65349dda867a58aabfcf974a46098f5123830ac5cb
946,18,UNKNOWN,10,bounded_layer_scan,8fba55cea0f98be36fab7b65349dda867a58aabfcf974a46098f5123830ac5cb
947,17,UNKNOWN,10,bounded_layer_scan,8fba55cea0f98be36fab7b65349dda867a58aabfcf974a46098f5123830ac5cb
947,18,UNKNOWN,10,bounded_layer_scan,8fba55cea0f98be36fab7b65349dda867a58aabfcf974a46098f5123830ac5cb
948,17,UNKNOWN,10,bounded_layer_scan,8fba55cea0f98be36fab7b65349dda867a58aabfcf974a46098f5123830ac5cb
948,18,UNKNOWN,10,bounded_layer_scan,8fba55cea0f98be36fab7b65349dda867a58aabfcf974a46098f5123830ac5cb
949,17,UNKNOWN,10,bounded_layer_scan,8fba55cea0f98be36fab7b65349dda867a58aabfcf974a46098f5123830ac5cb
949,18,UNKNOWN,10,bounded_layer_scan,8fba55cea0f98be36fab7b65349dda867a58aabfcf974a46098f5123830ac5cb
950,17,UNKNOWN,10,bounded_layer_scan,8fba55cea0f98be36fab7b65349dda867a58aabfcf974a46098f5123830ac5cb
950,18,UNKNOWN,10,bounded_layer_scan,8fba55cea0f98be36fab7b65349dda867a58aabfcf974a46098f5123830ac5cb
951,17,UNKNOWN,10,bounded_layer_scan,8fba55cea0f98be36fab7b65349dda867a58aabfcf974a46098f5123830ac5cb
951,18,SAT,10,bounded_layer_scan,55606944dac383475bd445454786af1bc9ffaca5fbe70ac4ceddb3af90b65c7b
952,17,SAT,10,bounded_layer_scan,0898980773eb1111f64952ec42959e7efa9f5c08e050708784ce91b81b9d3ce9
952,18,UNKNOWN,10,bounded_layer_scan,8fba55cea0f98be36fab7b65349dda867a58aabfcf974a46098f5123830ac5cb
953,17,UNKNOWN,10,bounded_layer_scan,8fba55cea0f98be36fab7b65349dda867a58aabfcf974a46098f5123830ac5cb
953,18,UNKNOWN,10,bounded_layer_scan,8fba55cea0f98be36fab7b65349dda867a58aabfcf974a46098f5123830ac5cb
954,17,UNKNOWN,10,bounded_layer_scan,8fba55cea0f98be36fab7b65349dda867a58aabfcf974a46098f5123830ac5cb
954,18,UNKNOWN,10,bounded_layer_scan,8fba55cea0f98be36fab7b65349dda867a58aabfcf974a46098f5123830ac5cb
955,17,UNKNOWN,10,bounded_layer_scan,8fba55cea0f98be36fab7b65349dda867a58aabfcf974a46098f5123830ac5cb
955,18,UNKNOWN,10,bounded_layer_scan,8fba55cea0f98be36fab7b65349dda867a58aabfcf974a46098f5123830ac5cb
956,17,UNKNOWN,10,bounded_layer_scan,8fba55cea0f98be36fab7b65349dda867a58aabfcf974a46098f5123830ac5cb
956,18,UNKNOWN,10,bounded_layer_scan,8fba55cea0f98be36fab7b65349dda867a58aabfcf974a46098f5123830ac5cb
957,17,UNKNOWN,10,bounded_layer_scan,8fba55cea0f98be36fab7b65349dda867a58aabfcf974a46098f5123830ac5cb
957,18,UNKNOWN,10,bounded_layer_scan,8fba55cea0f98be36fab7b65349dda867a58aabfcf974a46098f5123830ac5cb
958,17,UNKNOWN,10,bounded_layer_scan,8fba55cea0f98be36fab7b65349dda867a58aabfcf974a46098f5123830ac5cb
958,18,UNKNOWN,10,bounded_layer_scan,8fba55cea0f98be36fab7b65349dda867a58aabfcf974a46098f5123830ac5cb
959,17,UNKNOWN,10,bounded_layer_scan,8fba55cea0f98be36fab7b65349dda867a58aabfcf974a46098f5123830ac5cb
959,18,UNKNOWN,10,bounded_layer_scan,8fba55cea0f98be36fab7b65349dda867a58aabfcf974a46098f5123830ac5cb
960,17,UNKNOWN,10,bounded_layer_scan,8fba55cea0f98be36fab7b65349dda867a58aabfcf974a46098f5123830ac5cb
960,18,UNKNOWN,10,bounded_layer_scan,8fba55cea0f98be36fab7b65349dda867a58aabfcf974a46098f5123830ac5cb
961,17,UNKNOWN,10,bounded_layer_scan,8fba55cea0f98be36fab7b65349dda867a58aabfcf974a46098f5123830ac5cb
961,18,UNKNOWN,10,bounded_layer_scan,8fba55cea0f98be36fab7b65349dda867a58aabfcf974a46098f5123830ac5cb
962,17,UNKNOWN,10,bounded_layer_scan,8fba55cea0f98be36fab7b65349dda867a58aabfcf974a46098f5123830ac5cb
962,18,UNKNOWN,10,bounded_layer_scan,8fba55cea0f98be36fab7b65349dda867a58aabfcf974a46098f5123830ac5cb
963,17,UNKNOWN,10,bounded_layer_scan,8fba55cea0f98be36fab7b65349dda867a58aabfcf974a46098f5123830ac5cb
963,18,UNKNOWN,10,bounded_layer_scan,8fba55cea0f98be36fab7b65349dda867a58aabfcf974a46098f5123830ac5cb
964,17,UNKNOWN,10,bounded_layer_scan,8fba55cea0f98be36fab7b65349dda867a58aabfcf974a46098f5123830ac5cb
964,18,UNKNOWN,10,bounded_layer_scan,8fba55cea0f98be36fab7b65349dda867a58aabfcf974a46098f5123830ac5cb
965,17,UNKNOWN,10,bounded_layer_scan,8fba55cea0f98be36fab7b65349dda867a58aabfcf974a46098f5123830ac5cb
965,18,SAT,10,bounded_layer_scan,21a20e599f1da72b3ca186fe0dd178b349e1156dc4957377a0581893daf40230
966,17,UNKNOWN,10,bounded_layer_scan,8fba55cea0f98be36fab7b65349dda867a58aabfcf974a46098f5123830ac5cb
966,18,UNKNOWN,10,bounded_layer_scan,8fba55cea0f98be36fab7b65349dda867a58aabfcf974a46098f5123830ac5cb
967,17,UNKNOWN,10,bounded_layer_scan,8fba55cea0f98be36fab7b65349dda867a58aabfcf974a46098f5123830ac5cb
967,18,UNKNOWN,10,bounded_layer_scan,8fba55cea0f98be36fab7b65349dda867a58aabfcf974a46098f5123830ac5cb
968,17,UNKNOWN,10,bounded_layer_scan,8fba55cea0f98be36fab7b65349dda867a58aabfcf974a46098f5123830ac5cb
968,18,UNKNOWN,10,bounded_layer_scan,8fba55cea0f98be36fab7b65349dda867a58aabfcf974a46098f5123830ac5cb
969,17,UNKNOWN,10,bounded_layer_scan,8fba55cea0f98be36fab7b65349dda867a58aabfcf974a46098f5123830ac5cb
969,18,UNKNOWN,10,bounded_layer_scan,8fba55cea0f98be36fab7b65349dda867a58aabfcf974a46098f5123830ac5cb
970,17,UNKNOWN,10,bounded_layer_scan,8fba55cea0f98be36fab7b65349dda867a58aabfcf974a46098f5123830ac5cb
970,18,UNKNOWN,10,bounded_layer_scan,8fba55cea0f98be36fab7b65349dda867a58aabfcf974a46098f5123830ac5cb
971,17,UNKNOWN,10,bounded_layer_scan,8fba55cea0f98be36fab7b65349dda867a58aabfcf974a46098f5123830ac5cb
971,18,UNKNOWN,10,bounded_layer_scan,8fba55cea0f98be36fab7b65349dda867a58aabfcf974a46098f5123830ac5cb
972,17,UNKNOWN,10,bounded_layer_scan,8fba55cea0f98be36fab7b65349dda867a58aabfcf974a46098f5123830ac5cb
972,18,UNKNOWN,10,bounded_layer_scan,8fba55cea0f98be36fab7b65349dda867a58aabfcf974a46098f5123830ac5cb
973,17,UNKNOWN,10,bounded_layer_scan,8fba55cea0f98be36fab7b65349dda867a58aabfcf974a46098f5123830ac5cb
973,18,SAT,10,bounded_layer_scan,7c5ed93dfd2f5f6d219633c3223208e716b94b26f204ec85101fe31b5781b8fa
974,17,UNKNOWN,10,bounded_layer_scan,8fba55cea0f98be36fab7b65349dda867a58aabfcf974a46098f5123830ac5cb
974,18,UNKNOWN,10,bounded_layer_scan,8fba55cea0f98be36fab7b65349dda867a58aabfcf974a46098f5123830ac5cb
975,17,UNKNOWN,10,bounded_layer_scan,8fba55cea0f98be36fab7b65349dda867a58aabfcf974a46098f5123830ac5cb
975,18,UNKNOWN,10,bounded_layer_scan,8fba55cea0f98be36fab7b65349dda867a58aabfcf974a46098f5123830ac5cb
976,17,UNKNOWN,10,bounded_layer_scan,8fba55cea0f98be36fab7b65349dda867a58aabfcf974a46098f5123830ac5cb
976,18,SAT,10,bounded_layer_scan,d6b1e09fe72fa7eba8a20419417af91fe4877836b644326b59c357d4706b4a76
977,17,UNKNOWN,10,bounded_layer_scan,8fba55cea0f98be36fab7b65349dda867a58aabfcf974a46098f5123830ac5cb
977,18,UNKNOWN,10,bounded_layer_scan,8fba55cea0f98be36fab7b65349dda867a58aabfcf974a46098f5123830ac5cb
978,17,UNKNOWN,10,bounded_layer_scan,8fba55cea0f98be36fab7b65349dda867a58aabfcf974a46098f5123830ac5cb
978,18,UNKNOWN,10,bounded_layer_scan,8fba55cea0f98be36fab7b65349dda867a58aabfcf974a46098f5123830ac5cb
979,17,UNKNOWN,10,bounded_layer_scan,8fba55cea0f98be36fab7b65349dda867a58aabfcf974a46098f5123830ac5cb
979,18,SAT,10,bounded_layer_scan,2e18d40c8fb6c6c0bf6846f505b445eab43a7f4ecb86579aa5b149fcde204a48
980,17,UNKNOWN,10,bounded_layer_scan,8fba55cea0f98be36fab7b65349dda867a58aabfcf974a46098f5123830ac5cb
980,18,UNKNOWN,10,bounded_layer_scan,8fba55cea0f98be36fab7b65349dda867a58aabfcf974a46098f5123830ac5cb
981,17,SAT,10,bounded_layer_scan,090dba56f57768ff36cbfb3354c83271aaa52455837c7235e281352867da78c9
981,18,UNKNOWN,10,bounded_layer_scan,8fba55cea0f98be36fab7b65349dda867a58aabfcf974a46098f5123830ac5cb
982,17,UNKNOWN,10,bounded_layer_scan,8fba55cea0f98be36fab7b65349dda867a58aabfcf974a46098f5123830ac5cb
982,18,UNKNOWN,10,bounded_layer_scan,8fba55cea0f98be36fab7b65349dda867a58aabfcf974a46098f5123830ac5cb
983,17,UNKNOWN,10,bounded_layer_scan,8fba55cea0f98be36fab7b65349dda867a58aabfcf974a46098f5123830ac5cb
983,18,UNKNOWN,10,bounded_layer_scan,8fba55cea0f98be36fab7b65349dda867a58aabfcf974a46098f5123830ac5cb
984,17,UNKNOWN,10,bounded_layer_scan,8fba55cea0f98be36fab7b65349dda867a58aabfcf974a46098f5123830ac5cb
984,18,UNKNOWN,10,bounded_layer_scan,8fba55cea0f98be36fab7b65349dda867a58aabfcf974a46098f5123830ac5cb
985,17,UNKNOWN,10,bounded_layer_scan,8fba55cea0f98be36fab7b65349dda867a58aabfcf974a46098f5123830ac5cb
985,18,UNKNOWN,10,bounded_layer_scan,8fba55cea0f98be36fab7b65349dda867a58aabfcf974a46098f5123830ac5cb
986,17,UNKNOWN,10,bounded_layer_scan,8fba55cea0f98be36fab7b65349dda867a58aabfcf974a46098f5123830ac5cb
986,18,UNKNOWN,10,bounded_layer_scan,8fba55cea0f98be36fab7b65349dda867a58aabfcf974a46098f5123830ac5cb
987,17,UNKNOWN,10,bounded_layer_scan,8fba55cea0f98be36fab7b65349dda867a58aabfcf974a46098f5123830ac5cb
987,18,UNKNOWN,10,bounded_layer_scan,8fba55cea0f98be36fab7b65349dda867a58aabfcf974a46098f5123830ac5cb
988,17,UNKNOWN,10,bounded_layer_scan,8fba55cea0f98be36fab7b65349dda867a58aabfcf974a46098f5123830ac5cb
988,18,UNKNOWN,10,bounded_layer_scan,8fba55cea0f98be36fab7b65349dda867a58aabfcf974a46098f5123830ac5cb
989,17,UNKNOWN,10,bounded_layer_scan,8fba55cea0f98be36fab7b65349dda867a58aabfcf974a46098f5123830ac5cb
989,18,UNKNOWN,10,bounded_layer_scan,8fba55cea0f98be36fab7b65349dda867a58aabfcf974a46098f5123830ac5cb
990,17,UNKNOWN,10,bounded_layer_scan,8fba55cea0f98be36fab7b65349dda867a58aabfcf974a46098f5123830ac5cb
990,18,UNKNOWN,10,bounded_layer_scan,8fba55cea0f98be36fab7b65349dda867a58aabfcf974a46098f5123830ac5cb
991,17,UNKNOWN,10,bounded_layer_scan,8fba55cea0f98be36fab7b65349dda867a58aabfcf974a46098f5123830ac5cb
991,18,UNKNOWN,10,bounded_layer_scan,8fba55cea0f98be36fab7b65349dda867a58aabfcf974a46098f5123830ac5cb
992,17,UNKNOWN,10,bounded_layer_scan,8fba55cea0f98be36fab7b65349dda867a58aabfcf974a46098f5123830ac5cb
992,18,UNKNOWN,10,bounded_layer_scan,8fba55cea0f98be36fab7b65349dda867a58aabfcf974a46098f5123830ac5cb
993,17,UNKNOWN,10,bounded_layer_scan,8fba55cea0f98be36fab7b65349dda867a58aabfcf974a46098f5123830ac5cb
993,18,UNKNOWN,10,bounded_layer_scan,8fba55cea0f98be36fab7b65349dda867a58aabfcf974a46098f5123830ac5cb
994,17,UNKNOWN,10,bounded_layer_scan,8fba55cea0f98be36fab7b65349dda867a58aabfcf974a46098f5123830ac5cb
994,18,UNKNOWN,10,bounded_layer_scan,8fba55cea0f98be36fab7b65349dda867a58aabfcf974a46098f5123830ac5cb
995,17,UNKNOWN,10,bounded_layer_scan,8fba55cea0f98be36fab7b65349dda867a58aabfcf974a46098f5123830ac5cb
995,18,UNKNOWN,10,bounded_layer_scan,8fba55cea0f98be36fab7b65349dda867a58aabfcf974a46098f5123830ac5cb
996,17,UNKNOWN,10,bounded_layer_scan,8fba55cea0f98be36fab7b65349dda867a58aabfcf974a46098f5123830ac5cb
996,18,UNKNOWN,10,bounded_layer_scan,8fba55cea0f98be36fab7b65349dda867a58aabfcf974a46098f5123830ac5cb
997,17,UNKNOWN,10,bounded_layer_scan,8fba55cea0f98be36fab7b65349dda867a58aabfcf974a46098f5123830ac5cb
997,18,SAT,10,bounded_layer_scan,f446ddad5b29fd76825c34d62b8161e52801503b693a22595643486e0455ee4b
998,17,UNKNOWN,10,bounded_layer_scan,8fba55cea0f98be36fab7b65349dda867a58aabfcf974a46098f5123830ac5cb
998,18,UNKNOWN,10,bounded_layer_scan,8fba55cea0f98be36fab7b65349dda867a58aabfcf974a46098f5123830ac5cb
999,17,UNKNOWN,10,bounded_layer_scan,8fba55cea0f98be36fab7b65349dda867a58aabfcf974a46098f5123830ac5cb
999,18,UNKNOWN,10,bounded_layer_scan,8fba55cea0f98be36fab7b65349dda867a58aabfcf974a46098f5123830ac5cb
1000,17,UNKNOWN,10,bounded_layer_scan,8fba55cea0f98be36fab7b65349dda867a58aabfcf974a46098f5123830ac5cb
1000,18,UNKNOWN,10,bounded_layer_scan,8fba55cea0f98be36fab7b65349dda867a58aabfcf974a46098f5123830ac5cb
1001,17,UNKNOWN,10,bounded_layer_scan,8fba55cea0f98be36fab7b65349dda867a58aabfcf974a46098f5123830ac5cb
1001,18,UNKNOWN,10,bounded_layer_scan,8fba55cea0f98be36fab7b65349dda867a58aabfcf974a46098f5123830ac5cb
1002,17,UNKNOWN,10,bounded_layer_scan,8fba55cea0f98be36fab7b65349dda867a58aabfcf974a46098f5123830ac5cb
1002,18,UNKNOWN,10,bounded_layer_scan,8fba55cea0f98be36fab7b65349dda867a58aabfcf974a46098f5123830ac5cb
1003,17,UNKNOWN,10,bounded_layer_scan,8fba55cea0f98be36fab7b65349dda867a58aabfcf974a46098f5123830ac5cb
1003,18,UNKNOWN,10,bounded_layer_scan,8fba55cea0f98be36fab7b65349dda867a58aabfcf974a46098f5123830ac5cb
1004,17,UNKNOWN,10,bounded_layer_scan,8fba55cea0f98be36fab7b65349dda867a58aabfcf974a46098f5123830ac5cb
1004,18,UNKNOWN,10,bounded_layer_scan,8fba55cea0f98be36fab7b65349dda867a58aabfcf974a46098f5123830ac5cb
1005,17,UNKNOWN,10,bounded_layer_scan,8fba55cea0f98be36fab7b65349dda867a58aabfcf974a46098f5123830ac5cb
1005,18,UNKNOWN,10,bounded_layer_scan,8fba55cea0f98be36fab7b65349dda867a58aabfcf974a46098f5123830ac5cb
1006,17,UNKNOWN,10,bounded_layer_scan,8fba55cea0f98be36fab7b65349dda867a58aabfcf974a46098f5123830ac5cb
1006,18,UNKNOWN,10,bounded_layer_scan,8fba55cea0f98be36fab7b65349dda867a58aabfcf974a46098f5123830ac5cb
1007,17,UNKNOWN,10,bounded_layer_scan,8fba55cea0f98be36fab7b65349dda867a58aabfcf974a46098f5123830ac5cb
1007,18,UNKNOWN,10,bounded_layer_scan,8fba55cea0f98be36fab7b65349dda867a58aabfcf974a46098f5123830ac5cb
1008,17,UNKNOWN,10,bounded_layer_scan,8fba55cea0f98be36fab7b65349dda867a58aabfcf974a46098f5123830ac5cb
1008,18,UNKNOWN,10,bounded_layer_scan,8fba55cea0f98be36fab7b65349dda867a58aabfcf974a46098f5123830ac5cb
1009,17,UNKNOWN,10,bounded_layer_scan,8fba55cea0f98be36fab7b65349dda867a58aabfcf974a46098f5123830ac5cb
1009,18,SAT,10,bounded_layer_scan,6917f5431800247840fd72af19a857a5db4e9b003f12789697bd01ce998c48da
1010,17,UNKNOWN,10,bounded_layer_scan,8fba55cea0f98be36fab7b65349dda867a58aabfcf974a46098f5123830ac5cb
1010,18,UNKNOWN,10,bounded_layer_scan,8fba55cea0f98be36fab7b65349dda867a58aabfcf974a46098f5123830ac5cb
1011,17,UNKNOWN,10,bounded_layer_scan,8fba55cea0f98be36fab7b65349dda867a58aabfcf974a46098f5123830ac5cb
1011,18,UNKNOWN,10,bounded_layer_scan,8fba55cea0f98be36fab7b65349dda867a58aabfcf974a46098f5123830ac5cb
1012,17,UNKNOWN,10,bounded_layer_scan,8fba55cea0f98be36fab7b65349dda867a58aabfcf974a46098f5123830ac5cb
1012,18,UNKNOWN,10,bounded_layer_scan,8fba55cea0f98be36fab7b65349dda867a58aabfcf974a46098f5123830ac5cb
1013,17,UNKNOWN,10,bounded_layer_scan,8fba55cea0f98be36fab7b65349dda867a58aabfcf974a46098f5123830ac5cb
1013,18,UNKNOWN,10,bounded_layer_scan,8fba55cea0f98be36fab7b65349dda867a58aabfcf974a46098f5123830ac5cb
1014,17,UNKNOWN,10,bounded_layer_scan,8fba55cea0f98be36fab7b65349dda867a58aabfcf974a46098f5123830ac5cb
1014,18,UNKNOWN,10,bounded_layer_scan,8fba55cea0f98be36fab7b65349dda867a58aabfcf974a46098f5123830ac5cb
1015,17,UNKNOWN,10,bounded_layer_scan,8fba55cea0f98be36fab7b65349dda867a58aabfcf974a46098f5123830ac5cb
1015,18,UNKNOWN,10,bounded_layer_scan,8fba55cea0f98be36fab7b65349dda867a58aabfcf974a46098f5123830ac5cb
1016,17,UNKNOWN,10,bounded_layer_scan,8fba55cea0f98be36fab7b65349dda867a58aabfcf974a46098f5123830ac5cb
1016,18,UNKNOWN,10,bounded_layer_scan,8fba55cea0f98be36fab7b65349dda867a58aabfcf974a46098f5123830ac5cb
1017,17,UNKNOWN,10,bounded_layer_scan,8fba55cea0f98be36fab7b65349dda867a58aabfcf974a46098f5123830ac5cb
1017,18,UNKNOWN,10,bounded_layer_scan,8fba55cea0f98be36fab7b65349dda867a58aabfcf974a46098f5123830ac5cb
1018,17,UNKNOWN,10,bounded_layer_scan,8fba55cea0f98be36fab7b65349dda867a58aabfcf974a46098f5123830ac5cb
1018,18,UNKNOWN,10,bounded_layer_scan,8fba55cea0f98be36fab7b65349dda867a58aabfcf974a46098f5123830ac5cb
1019,17,UNKNOWN,10,bounded_layer_scan,8fba55cea0f98be36fab7b65349dda867a58aabfcf974a46098f5123830ac5cb
1019,18,UNKNOWN,10,bounded_layer_scan,8fba55cea0f98be36fab7b65349dda867a58aabfcf974a46098f5123830ac5cb
1020,17,UNKNOWN,10,bounded_layer_scan,8fba55cea0f98be36fab7b65349dda867a58aabfcf974a46098f5123830ac5cb
1020,18,UNKNOWN,10,bounded_layer_scan,8fba55cea0f98be36fab7b65349dda867a58aabfcf974a46098f5123830ac5cb
1021,17,UNKNOWN,10,bounded_layer_scan,8fba55cea0f98be36fab7b65349dda867a58aabfcf974a46098f5123830ac5cb
1021,18,UNKNOWN,10,bounded_layer_scan,8fba55cea0f98be36fab7b65349dda867a58aabfcf974a46098f5123830ac5cb
1022,17,UNKNOWN,10,bounded_layer_scan,8fba55cea0f98be36fab7b65349dda867a58aabfcf974a46098f5123830ac5cb
1022,18,UNKNOWN,10,bounded_layer_scan,8fba55cea0f98be36fab7b65349dda867a58aabfcf974a46098f5123830ac5cb
1023,17,UNKNOWN,10,bounded_layer_scan,8fba55cea0f98be36fab7b65349dda867a58aabfcf974a46098f5123830ac5cb
1023,18,UNKNOWN,10,bounded_layer_scan,8fba55cea0f98be36fab7b65349dda867a58aabfcf974a46098f5123830ac5cb
1024,17,UNKNOWN,10,bounded_layer_scan,8fba55cea0f98be36fab7b65349dda867a58aabfcf974a46098f5123830ac5cb
1024,18,UNKNOWN,10,bounded_layer_scan,8fba55cea0f98be36fab7b65349dda867a58aabfcf974a46098f5123830ac5cb
1025,17,UNKNOWN,10,bounded_layer_scan,8fba55cea0f98be36fab7b65349dda867a58aabfcf974a46098f5123830ac5cb
1025,18,UNKNOWN,10,bounded_layer_scan,8fba55cea0f98be36fab7b65349dda867a58aabfcf974a46098f5123830ac5cb
1026,17,UNKNOWN,10,bounded_layer_scan,8fba55cea0f98be36fab7b65349dda867a58aabfcf974a46098f5123830ac5cb
1026,18,UNKNOWN,10,bounded_layer_scan,8fba55cea0f98be36fab7b65349dda867a58aabfcf974a46098f5123830ac5cb
1027,17,UNKNOWN,10,bounded_layer_scan,8fba55cea0f98be36fab7b65349dda867a58aabfcf974a46098f5123830ac5cb
1027,18,UNKNOWN,10,bounded_layer_scan,8fba55cea0f98be36fab7b65349dda867a58aabfcf974a46098f5123830ac5cb
1028,17,UNKNOWN,10,bounded_layer_scan,8fba55cea0f98be36fab7b65349dda867a58aabfcf974a46098f5123830ac5cb
1028,18,UNKNOWN,10,bounded_layer_scan,8fba55cea0f98be36fab7b65349dda867a58aabfcf974a46098f5123830ac5cb
1029,17,UNKNOWN,10,bounded_layer_scan,8fba55cea0f98be36fab7b65349dda867a58aabfcf974a46098f5123830ac5cb
1029,18,UNKNOWN,10,bounded_layer_scan,8fba55cea0f98be36fab7b65349dda867a58aabfcf974a46098f5123830ac5cb
1030,17,UNKNOWN,10,bounded_layer_scan,8fba55cea0f98be36fab7b65349dda867a58aabfcf974a46098f5123830ac5cb
1030,18,SAT,10,bounded_layer_scan,6715b071e32d328f60fb625f4f8ade75ed8ec15b251414ed8d8fcbff810370b5
1031,17,UNKNOWN,10,bounded_layer_scan,8fba55cea0f98be36fab7b65349dda867a58aabfcf974a46098f5123830ac5cb
1031,18,UNKNOWN,10,bounded_layer_scan,8fba55cea0f98be36fab7b65349dda867a58aabfcf974a46098f5123830ac5cb
1032,17,SAT,10,bounded_layer_scan,731122f78e3594270233b8edce1e3704d279a3a29655e2e79f7532473a565a02
1032,18,UNKNOWN,10,bounded_layer_scan,8fba55cea0f98be36fab7b65349dda867a58aabfcf974a46098f5123830ac5cb
1033,17,UNKNOWN,10,bounded_layer_scan,8fba55cea0f98be36fab7b65349dda867a58aabfcf974a46098f5123830ac5cb
1033,18,UNKNOWN,10,bounded_layer_scan,8fba55cea0f98be36fab7b65349dda867a58aabfcf974a46098f5123830ac5cb
1034,17,UNKNOWN,10,bounded_layer_scan,8fba55cea0f98be36fab7b65349dda867a58aabfcf974a46098f5123830ac5cb
1034,18,UNKNOWN,10,bounded_layer_scan,8fba55cea0f98be36fab7b65349dda867a58aabfcf974a46098f5123830ac5cb
1035,17,UNKNOWN,10,bounded_layer_scan,8fba55cea0f98be36fab7b65349dda867a58aabfcf974a46098f5123830ac5cb
1035,18,UNKNOWN,10,bounded_layer_scan,8fba55cea0f98be36fab7b65349dda867a58aabfcf974a46098f5123830ac5cb
1036,17,UNKNOWN,10,bounded_layer_scan,8fba55cea0f98be36fab7b65349dda867a58aabfcf974a46098f5123830ac5cb
1036,18,UNKNOWN,10,bounded_layer_scan,8fba55cea0f98be36fab7b65349dda867a58aabfcf974a46098f5123830ac5cb
1037,17,UNKNOWN,10,bounded_layer_scan,8fba55cea0f98be36fab7b65349dda867a58aabfcf974a46098f5123830ac5cb
1037,18,UNKNOWN,10,bounded_layer_scan,8fba55cea0f98be36fab7b65349dda867a58aabfcf974a46098f5123830ac5cb
1038,17,UNKNOWN,10,bounded_layer_scan,8fba55cea0f98be36fab7b65349dda867a58aabfcf974a46098f5123830ac5cb
1038,18,UNKNOWN,10,bounded_layer_scan,8fba55cea0f98be36fab7b65349dda867a58aabfcf974a46098f5123830ac5cb
1039,17,UNKNOWN,10,bounded_layer_scan,8fba55cea0f98be36fab7b65349dda867a58aabfcf974a46098f5123830ac5cb
1039,18,UNKNOWN,10,bounded_layer_scan,8fba55cea0f98be36fab7b65349dda867a58aabfcf974a46098f5123830ac5cb
1040,17,UNKNOWN,10,bounded_layer_scan,8fba55cea0f98be36fab7b65349dda867a58aabfcf974a46098f5123830ac5cb
1040,18,UNKNOWN,10,bounded_layer_scan,8fba55cea0f98be36fab7b65349dda867a58aabfcf974a46098f5123830ac5cb
1041,17,SAT,10,bounded_layer_scan,d13acc826aad3b50c7f1174424536918dffc4aa135fd939dddd7c87ab43ec863
1041,18,UNKNOWN,10,bounded_layer_scan,8fba55cea0f98be36fab7b65349dda867a58aabfcf974a46098f5123830ac5cb
1042,17,UNKNOWN,10,bounded_layer_scan,8fba55cea0f98be36fab7b65349dda867a58aabfcf974a46098f5123830ac5cb
1042,18,SAT,10,bounded_layer_scan,0e713a330e4386e2d054f22eba68cbb6f297f60a46d037cb7532f5a2fc3c32b0
1043,17,UNKNOWN,10,bounded_layer_scan,8fba55cea0f98be36fab7b65349dda867a58aabfcf974a46098f5123830ac5cb
1043,18,UNKNOWN,10,bounded_layer_scan,8fba55cea0f98be36fab7b65349dda867a58aabfcf974a46098f5123830ac5cb
1044,17,UNKNOWN,10,bounded_layer_scan,8fba55cea0f98be36fab7b65349dda867a58aabfcf974a46098f5123830ac5cb
1044,18,UNKNOWN,10,bounded_layer_scan,8fba55cea0f98be36fab7b65349dda867a58aabfcf974a46098f5123830ac5cb
1045,17,UNKNOWN,10,bounded_layer_scan,8fba55cea0f98be36fab7b65349dda867a58aabfcf974a46098f5123830ac5cb
1045,18,UNKNOWN,10,bounded_layer_scan,8fba55cea0f98be36fab7b65349dda867a58aabfcf974a46098f5123830ac5cb
1046,17,UNKNOWN,10,bounded_layer_scan,8fba55cea0f98be36fab7b65349dda867a58aabfcf974a46098f5123830ac5cb
1046,18,UNKNOWN,10,bounded_layer_scan,8fba55cea0f98be36fab7b65349dda867a58aabfcf974a46098f5123830ac5cb
1047,17,UNKNOWN,10,bounded_layer_scan,8fba55cea0f98be36fab7b65349dda867a58aabfcf974a46098f5123830ac5cb
1047,18,UNKNOWN,10,bounded_layer_scan,8fba55cea0f98be36fab7b65349dda867a58aabfcf974a46098f5123830ac5cb
1048,17,UNKNOWN,10,bounded_layer_scan,8fba55cea0f98be36fab7b65349dda867a58aabfcf974a46098f5123830ac5cb
1048,18,UNKNOWN,10,bounded_layer_scan,8fba55cea0f98be36fab7b65349dda867a58aabfcf974a46098f5123830ac5cb
1049,17,UNKNOWN,10,bounded_layer_scan,8fba55cea0f98be36fab7b65349dda867a58aabfcf974a46098f5123830ac5cb
1049,18,UNKNOWN,10,bounded_layer_scan,8fba55cea0f98be36fab7b65349dda867a58aabfcf974a46098f5123830ac5cb
1050,17,UNKNOWN,10,bounded_layer_scan,8fba55cea0f98be36fab7b65349dda867a58aabfcf974a46098f5123830ac5cb
1050,18,UNKNOWN,10,bounded_layer_scan,8fba55cea0f98be36fab7b65349dda867a58aabfcf974a46098f5123830ac5cb
1051,17,UNKNOWN,10,bounded_layer_scan,8fba55cea0f98be36fab7b65349dda867a58aabfcf974a46098f5123830ac5cb
1051,18,UNKNOWN,10,bounded_layer_scan,8fba55cea0f98be36fab7b65349dda867a58aabfcf974a46098f5123830ac5cb
1052,17,UNKNOWN,10,bounded_layer_scan,8fba55cea0f98be36fab7b65349dda867a58aabfcf974a46098f5123830ac5cb
1052,18,UNKNOWN,10,bounded_layer_scan,8fba55cea0f98be36fab7b65349dda867a58aabfcf974a46098f5123830ac5cb
1053,17,UNKNOWN,10,bounded_layer_scan,8fba55cea0f98be36fab7b65349dda867a58aabfcf974a46098f5123830ac5cb
1053,18,UNKNOWN,10,bounded_layer_scan,8fba55cea0f98be36fab7b65349dda867a58aabfcf974a46098f5123830ac5cb
1054,17,UNKNOWN,10,bounded_layer_scan,8fba55cea0f98be36fab7b65349dda867a58aabfcf974a46098f5123830ac5cb
1054,18,UNKNOWN,10,bounded_layer_scan,8fba55cea0f98be36fab7b65349dda867a58aabfcf974a46098f5123830ac5cb
1055,17,UNKNOWN,10,bounded_layer_scan,8fba55cea0f98be36fab7b65349dda867a58aabfcf974a46098f5123830ac5cb
1055,18,UNKNOWN,10,bounded_layer_scan,8fba55cea0f98be36fab7b65349dda867a58aabfcf974a46098f5123830ac5cb
1056,17,UNKNOWN,10,bounded_layer_scan,8fba55cea0f98be36fab7b65349dda867a58aabfcf974a46098f5123830ac5cb
1056,18,UNKNOWN,10,bounded_layer_scan,8fba55cea0f98be36fab7b65349dda867a58aabfcf974a46098f5123830ac5cb
1057,17,UNKNOWN,10,bounded_layer_scan,8fba55cea0f98be36fab7b65349dda867a58aabfcf974a46098f5123830ac5cb
1057,18,UNKNOWN,10,bounded_layer_scan,8fba55cea0f98be36fab7b65349dda867a58aabfcf974a46098f5123830ac5cb
1058,17,UNKNOWN,10,bounded_layer_scan,8fba55cea0f98be36fab7b65349dda867a58aabfcf974a46098f5123830ac5cb
1058,18,UNKNOWN,10,bounded_layer_scan,8fba55cea0f98be36fab7b65349dda867a58aabfcf974a46098f5123830ac5cb
1059,17,SAT,10,bounded_layer_scan,825334d3a95d337d1326346ce6d3ee21050d2ff57877146f79fc04a9798c9698
1059,18,UNKNOWN,10,bounded_layer_scan,8fba55cea0f98be36fab7b65349dda867a58aabfcf974a46098f5123830ac5cb
1060,17,UNKNOWN,10,bounded_layer_scan,8fba55cea0f98be36fab7b65349dda867a58aabfcf974a46098f5123830ac5cb
1060,18,SAT,10,bounded_layer_scan,b1ee894536c11b4be283a7cede752b521349e4e51c6e876de1d7229e89ac2013
1061,17,UNKNOWN,10,bounded_layer_scan,8fba55cea0f98be36fab7b65349dda867a58aabfcf974a46098f5123830ac5cb
1061,18,UNKNOWN,10,bounded_layer_scan,8fba55cea0f98be36fab7b65349dda867a58aabfcf974a46098f5123830ac5cb
1062,17,UNKNOWN,10,bounded_layer_scan,8fba55cea0f98be36fab7b65349dda867a58aabfcf974a46098f5123830ac5cb
1062,18,UNKNOWN,10,bounded_layer_scan,8fba55cea0f98be36fab7b65349dda867a58aabfcf974a46098f5123830ac5cb
1063,17,UNKNOWN,10,bounded_layer_scan,8fba55cea0f98be36fab7b65349dda867a58aabfcf974a46098f5123830ac5cb
1063,18,UNKNOWN,10,bounded_layer_scan,8fba55cea0f98be36fab7b65349dda867a58aabfcf974a46098f5123830ac5cb
1064,17,UNKNOWN,10,bounded_layer_scan,8fba55cea0f98be36fab7b65349dda867a58aabfcf974a46098f5123830ac5cb
1064,18,SAT,10,bounded_layer_scan,ee5dfb389cd44ae219f90cafb579432422eb569e9762e54c3fb077055b32f487
1065,17,UNKNOWN,10,bounded_layer_scan,8fba55cea0f98be36fab7b65349dda867a58aabfcf974a46098f5123830ac5cb
1065,18,UNKNOWN,10,bounded_layer_scan,8fba55cea0f98be36fab7b65349dda867a58aabfcf974a46098f5123830ac5cb
1066,17,UNKNOWN,10,bounded_layer_scan,8fba55cea0f98be36fab7b65349dda867a58aabfcf974a46098f5123830ac5cb
1066,18,UNKNOWN,10,bounded_layer_scan,8fba55cea0f98be36fab7b65349dda867a58aabfcf974a46098f5123830ac5cb
1067,17,SAT,10,bounded_layer_scan,72ef64ecd7fd702a5422705c5429a41fec5647fc3aee2dbcc8e40d6059e53b74
1067,18,UNKNOWN,10,bounded_layer_scan,8fba55cea0f98be36fab7b65349dda867a58aabfcf974a46098f5123830ac5cb
1068,17,UNKNOWN,10,bounded_layer_scan,8fba55cea0f98be36fab7b65349dda867a58aabfcf974a46098f5123830ac5cb
1068,18,UNKNOWN,10,bounded_layer_scan,8fba55cea0f98be36fab7b65349dda867a58aabfcf974a46098f5123830ac5cb
1069,17,UNKNOWN,10,bounded_layer_scan,8fba55cea0f98be36fab7b65349dda867a58aabfcf974a46098f5123830ac5cb
1069,18,UNKNOWN,10,bounded_layer_scan,8fba55cea0f98be36fab7b65349dda867a58aabfcf974a46098f5123830ac5cb
1070,17,UNKNOWN,10,bounded_layer_scan,8fba55cea0f98be36fab7b65349dda867a58aabfcf974a46098f5123830ac5cb
1070,18,UNKNOWN,10,bounded_layer_scan,8fba55cea0f98be36fab7b65349dda867a58aabfcf974a46098f5123830ac5cb
1071,17,UNKNOWN,10,bounded_layer_scan,8fba55cea0f98be36fab7b65349dda867a58aabfcf974a46098f5123830ac5cb
1071,18,UNKNOWN,10,bounded_layer_scan,8fba55cea0f98be36fab7b65349dda867a58aabfcf974a46098f5123830ac5cb
1072,17,UNKNOWN,10,bounded_layer_scan,8fba55cea0f98be36fab7b65349dda867a58aabfcf974a46098f5123830ac5cb
1072,18,UNKNOWN,10,bounded_layer_scan,8fba55cea0f98be36fab7b65349dda867a58aabfcf974a46098f5123830ac5cb
1073,17,UNKNOWN,10,bounded_layer_scan,8fba55cea0f98be36fab7b65349dda867a58aabfcf974a46098f5123830ac5cb
1073,18,UNKNOWN,10,bounded_layer_scan,8fba55cea0f98be36fab7b65349dda867a58aabfcf974a46098f5123830ac5cb
1074,17,UNKNOWN,10,bounded_layer_scan,8fba55cea0f98be36fab7b65349dda867a58aabfcf974a46098f5123830ac5cb
1074,18,UNKNOWN,10,bounded_layer_scan,8fba55cea0f98be36fab7b65349dda867a58aabfcf974a46098f5123830ac5cb
1075,17,UNKNOWN,10,bounded_layer_scan,8fba55cea0f98be36fab7b65349dda867a58aabfcf974a46098f5123830ac5cb
1075,18,UNKNOWN,10,bounded_layer_scan,8fba55cea0f98be36fab7b65349dda867a58aabfcf974a46098f5123830ac5cb
1076,17,UNKNOWN,10,bounded_layer_scan,8fba55cea0f98be36fab7b65349dda867a58aabfcf974a46098f5123830ac5cb
1076,18,SAT,10,bounded_layer_scan,b43e7813429ba9ae0360f58a53f0e043e7d7938dcd741827059da5c69d8b2cc2
1077,17,UNKNOWN,10,bounded_layer_scan,8fba55cea0f98be36fab7b65349dda867a58aabfcf974a46098f5123830ac5cb
1077,18,UNKNOWN,10,bounded_layer_scan,8fba55cea0f98be36fab7b65349dda867a58aabfcf974a46098f5123830ac5cb
1078,17,UNKNOWN,10,bounded_layer_scan,8fba55cea0f98be36fab7b65349dda867a58aabfcf974a46098f5123830ac5cb
1078,18,UNKNOWN,10,bounded_layer_scan,8fba55cea0f98be36fab7b65349dda867a58aabfcf974a46098f5123830ac5cb
1079,17,UNKNOWN,10,bounded_layer_scan,8fba55cea0f98be36fab7b65349dda867a58aabfcf974a46098f5123830ac5cb
1079,18,SAT,10,bounded_layer_scan,651ff678847cf0e90e2673594332e43c3dc5e4db6b955402f718cdfbe3bda5c6
1080,17,UNKNOWN,10,bounded_layer_scan,8fba55cea0f98be36fab7b65349dda867a58aabfcf974a46098f5123830ac5cb
1080,18,SAT,10,bounded_layer_scan,bafd2a3f801033fc2b66fa7f6dd48263a442f05941178802cb13891b45e371e9
1081,17,UNKNOWN,10,bounded_layer_scan,8fba55cea0f98be36fab7b65349dda867a58aabfcf974a46098f5123830ac5cb
1081,18,UNKNOWN,10,bounded_layer_scan,8fba55cea0f98be36fab7b65349dda867a58aabfcf974a46098f5123830ac5cb
1082,17,UNKNOWN,10,bounded_layer_scan,8fba55cea0f98be36fab7b65349dda867a58aabfcf974a46098f5123830ac5cb
1082,18,SAT,10,bounded_layer_scan,9107a6302929b0352bcd51b199537345a52ce74657493d94046a9a1aa8d8490b
1083,17,UNKNOWN,10,bounded_layer_scan,8fba55cea0f98be36fab7b65349dda867a58aabfcf974a46098f5123830ac5cb
1083,18,UNKNOWN,10,bounded_layer_scan,8fba55cea0f98be36fab7b65349dda867a58aabfcf974a46098f5123830ac5cb
1084,17,UNKNOWN,10,bounded_layer_scan,8fba55cea0f98be36fab7b65349dda867a58aabfcf974a46098f5123830ac5cb
1084,18,UNKNOWN,10,bounded_layer_scan,8fba55cea0f98be36fab7b65349dda867a58aabfcf974a46098f5123830ac5cb
1085,17,UNKNOWN,10,bounded_layer_scan,8fba55cea0f98be36fab7b65349dda867a58aabfcf974a46098f5123830ac5cb
1085,18,UNKNOWN,10,bounded_layer_scan,8fba55cea0f98be36fab7b65349dda867a58aabfcf974a46098f5123830ac5cb
1086,17,UNKNOWN,10,bounded_layer_scan,8fba55cea0f98be36fab7b65349dda867a58aabfcf974a46098f5123830ac5cb
1086,18,SAT,10,bounded_layer_scan,e35b80b698d9709658ca6be7e2ab17422927a3ad317d0639ee6219043e3d7fe0
1087,17,UNKNOWN,10,bounded_layer_scan,8fba55cea0f98be36fab7b65349dda867a58aabfcf974a46098f5123830ac5cb
1087,18,UNKNOWN,10,bounded_layer_scan,8fba55cea0f98be36fab7b65349dda867a58aabfcf974a46098f5123830ac5cb
1088,17,UNKNOWN,10,bounded_layer_scan,8fba55cea0f98be36fab7b65349dda867a58aabfcf974a46098f5123830ac5cb
1088,18,UNKNOWN,10,bounded_layer_scan,8fba55cea0f98be36fab7b65349dda867a58aabfcf974a46098f5123830ac5cb
1089,17,UNKNOWN,10,bounded_layer_scan,8fba55cea0f98be36fab7b65349dda867a58aabfcf974a46098f5123830ac5cb
1089,18,UNKNOWN,10,bounded_layer_scan,8fba55cea0f98be36fab7b65349dda867a58aabfcf974a46098f5123830ac5cb
1090,17,UNKNOWN,10,bounded_layer_scan,8fba55cea0f98be36fab7b65349dda867a58aabfcf974a46098f5123830ac5cb
1090,18,UNKNOWN,10,bounded_layer_scan,8fba55cea0f98be36fab7b65349dda867a58aabfcf974a46098f5123830ac5cb
1091,17,UNKNOWN,10,bounded_layer_scan,8fba55cea0f98be36fab7b65349dda867a58aabfcf974a46098f5123830ac5cb
1091,18,UNKNOWN,10,bounded_layer_scan,8fba55cea0f98be36fab7b65349dda867a58aabfcf974a46098f5123830ac5cb
1092,17,SAT,10,bounded_layer_scan,8306a5beb8e42e108649678218da1432e522be77579d3dce126b3b2e3d212706
1092,18,UNKNOWN,10,bounded_layer_scan,8fba55cea0f98be36fab7b65349dda867a58aabfcf974a46098f5123830ac5cb
1093,17,UNKNOWN,10,bounded_layer_scan,8fba55cea0f98be36fab7b65349dda867a58aabfcf974a46098f5123830ac5cb
1093,18,UNKNOWN,10,bounded_layer_scan,8fba55cea0f98be36fab7b65349dda867a58aabfcf974a46098f5123830ac5cb
1094,17,UNKNOWN,10,bounded_layer_scan,8fba55cea0f98be36fab7b65349dda867a58aabfcf974a46098f5123830ac5cb
1094,18,UNKNOWN,10,bounded_layer_scan,8fba55cea0f98be36fab7b65349dda867a58aabfcf974a46098f5123830ac5cb
1095,17,UNKNOWN,10,bounded_layer_scan,8fba55cea0f98be36fab7b65349dda867a58aabfcf974a46098f5123830ac5cb
1095,18,UNKNOWN,10,bounded_layer_scan,8fba55cea0f98be36fab7b65349dda867a58aabfcf974a46098f5123830ac5cb
1096,17,UNKNOWN,10,bounded_layer_scan,8fba55cea0f98be36fab7b65349dda867a58aabfcf974a46098f5123830ac5cb
1096,18,UNKNOWN,10,bounded_layer_scan,8fba55cea0f98be36fab7b65349dda867a58aabfcf974a46098f5123830ac5cb
1097,17,UNKNOWN,10,bounded_layer_scan,8fba55cea0f98be36fab7b65349dda867a58aabfcf974a46098f5123830ac5cb
1097,18,UNKNOWN,10,bounded_layer_scan,8fba55cea0f98be36fab7b65349dda867a58aabfcf974a46098f5123830ac5cb
1098,17,UNKNOWN,10,bounded_layer_scan,8fba55cea0f98be36fab7b65349dda867a58aabfcf974a46098f5123830ac5cb
1098,18,UNKNOWN,10,bounded_layer_scan,8fba55cea0f98be36fab7b65349dda867a58aabfcf974a46098f5123830ac5cb
1099,17,UNKNOWN,10,bounded_layer_scan,8fba55cea0f98be36fab7b65349dda867a58aabfcf974a46098f5123830ac5cb
1099,18,UNKNOWN,10,bounded_layer_scan,8fba55cea0f98be36fab7b65349dda867a58aabfcf974a46098f5123830ac5cb
1100,17,UNKNOWN,10,bounded_layer_scan,8fba55cea0f98be36fab7b65349dda867a58aabfcf974a46098f5123830ac5cb
1100,18,UNKNOWN,10,bounded_layer_scan,8fba55cea0f98be36fab7b65349dda867a58aabfcf974a46098f5123830ac5cb
1101,17,UNKNOWN,10,bounded_layer_scan,8fba55cea0f98be36fab7b65349dda867a58aabfcf974a46098f5123830ac5cb
1101,18,UNKNOWN,10,bounded_layer_scan,8fba55cea0f98be36fab7b65349dda867a58aabfcf974a46098f5123830ac5cb
1102,17,UNKNOWN,10,bounded_layer_scan,8fba55cea0f98be36fab7b65349dda867a58aabfcf974a46098f5123830ac5cb
1102,18,UNKNOWN,10,bounded_layer_scan,8fba55cea0f98be36fab7b65349dda867a58aabfcf974a46098f5123830ac5cb
1103,17,UNKNOWN,10,bounded_layer_scan,8fba55cea0f98be36fab7b65349dda867a58aabfcf974a46098f5123830ac5cb
1103,18,UNKNOWN,10,bounded_layer_scan,8fba55cea0f98be36fab7b65349dda867a58aabfcf974a46098f5123830ac5cb
1104,17,UNKNOWN,10,bounded_layer_scan,8fba55cea0f98be36fab7b65349dda867a58aabfcf974a46098f5123830ac5cb
1104,18,UNKNOWN,10,bounded_layer_scan,8fba55cea0f98be36fab7b65349dda867a58aabfcf974a46098f5123830ac5cb
1105,17,UNKNOWN,10,bounded_layer_scan,8fba55cea0f98be36fab7b65349dda867a58aabfcf974a46098f5123830ac5cb
1105,18,UNKNOWN,10,bounded_layer_scan,8fba55cea0f98be36fab7b65349dda867a58aabfcf974a46098f5123830ac5cb
1106,17,UNKNOWN,10,bounded_layer_scan,8fba55cea0f98be36fab7b65349dda867a58aabfcf974a46098f5123830ac5cb
1106,18,UNKNOWN,10,bounded_layer_scan,8fba55cea0f98be36fab7b65349dda867a58aabfcf974a46098f5123830ac5cb
1107,17,UNKNOWN,10,bounded_layer_scan,8fba55cea0f98be36fab7b65349dda867a58aabfcf974a46098f5123830ac5cb
1107,18,UNKNOWN,10,bounded_layer_scan,8fba55cea0f98be36fab7b65349dda867a58aabfcf974a46098f5123830ac5cb
1108,17,UNKNOWN,10,bounded_layer_scan,8fba55cea0f98be36fab7b65349dda867a58aabfcf974a46098f5123830ac5cb
1108,18,UNKNOWN,10,bounded_layer_scan,8fba55cea0f98be36fab7b65349dda867a58aabfcf974a46098f5123830ac5cb
1109,17,UNKNOWN,10,bounded_layer_scan,8fba55cea0f98be36fab7b65349dda867a58aabfcf974a46098f5123830ac5cb
1109,18,UNKNOWN,10,bounded_layer_scan,8fba55cea0f98be36fab7b65349dda867a58aabfcf974a46098f5123830ac5cb
1110,17,UNKNOWN,10,bounded_layer_scan,8fba55cea0f98be36fab7b65349dda867a58aabfcf974a46098f5123830ac5cb
1110,18,UNKNOWN,10,bounded_layer_scan,8fba55cea0f98be36fab7b65349dda867a58aabfcf974a46098f5123830ac5cb
1111,17,UNKNOWN,10,bounded_layer_scan,8fba55cea0f98be36fab7b65349dda867a58aabfcf974a46098f5123830ac5cb
1111,18,UNKNOWN,10,bounded_layer_scan,8fba55cea0f98be36fab7b65349dda867a58aabfcf974a46098f5123830ac5cb
1112,17,UNKNOWN,10,bounded_layer_scan,8fba55cea0f98be36fab7b65349dda867a58aabfcf974a46098f5123830ac5cb
1112,18,UNKNOWN,10,bounded_layer_scan,8fba55cea0f98be36fab7b65349dda867a58aabfcf974a46098f5123830ac5cb
1113,17,UNKNOWN,10,bounded_layer_scan,8fba55cea0f98be36fab7b65349dda867a58aabfcf974a46098f5123830ac5cb
1113,18,UNKNOWN,10,bounded_layer_scan,8fba55cea0f98be36fab7b65349dda867a58aabfcf974a46098f5123830ac5cb
1114,17,UNKNOWN,10,bounded_layer_scan,8fba55cea0f98be36fab7b65349dda867a58aabfcf974a46098f5123830ac5cb
1114,18,SAT,10,bounded_layer_scan,ec975600c211594ed53b9fcbf2a4916524d0cf02e85eaa41ab338b88f9fe63f8
1115,17,UNKNOWN,10,bounded_layer_scan,8fba55cea0f98be36fab7b65349dda867a58aabfcf974a46098f5123830ac5cb
1115,18,UNKNOWN,10,bounded_layer_scan,8fba55cea0f98be36fab7b65349dda867a58aabfcf974a46098f5123830ac5cb
1116,17,UNKNOWN,10,bounded_layer_scan,8fba55cea0f98be36fab7b65349dda867a58aabfcf974a46098f5123830ac5cb
1116,18,UNKNOWN,10,bounded_layer_scan,8fba55cea0f98be36fab7b65349dda867a58aabfcf974a46098f5123830ac5cb
1117,17,UNKNOWN,10,bounded_layer_scan,8fba55cea0f98be36fab7b65349dda867a58aabfcf974a46098f5123830ac5cb
1117,18,UNKNOWN,10,bounded_layer_scan,8fba55cea0f98be36fab7b65349dda867a58aabfcf974a46098f5123830ac5cb
1118,17,UNKNOWN,10,bounded_layer_scan,8fba55cea0f98be36fab7b65349dda867a58aabfcf974a46098f5123830ac5cb
1118,18,UNKNOWN,10,bounded_layer_scan,8fba55cea0f98be36fab7b65349dda867a58aabfcf974a46098f5123830ac5cb
1119,17,UNKNOWN,10,bounded_layer_scan,8fba55cea0f98be36fab7b65349dda867a58aabfcf974a46098f5123830ac5cb
1119,18,UNKNOWN,10,bounded_layer_scan,8fba55cea0f98be36fab7b65349dda867a58aabfcf974a46098f5123830ac5cb
1120,17,UNKNOWN,10,bounded_layer_scan,8fba55cea0f98be36fab7b65349dda867a58aabfcf974a46098f5123830ac5cb
1120,18,UNKNOWN,10,bounded_layer_scan,8fba55cea0f98be36fab7b65349dda867a58aabfcf974a46098f5123830ac5cb
1121,17,UNKNOWN,10,bounded_layer_scan,8fba55cea0f98be36fab7b65349dda867a58aabfcf974a46098f5123830ac5cb
1121,18,UNKNOWN,10,bounded_layer_scan,8fba55cea0f98be36fab7b65349dda867a58aabfcf974a46098f5123830ac5cb
1122,17,UNKNOWN,10,bounded_layer_scan,8fba55cea0f98be36fab7b65349dda867a58aabfcf974a46098f5123830ac5cb
1122,18,UNKNOWN,10,bounded_layer_scan,8fba55cea0f98be36fab7b65349dda867a58aabfcf974a46098f5123830ac5cb
1123,17,UNKNOWN,10,bounded_layer_scan,8fba55cea0f98be36fab7b65349dda867a58aabfcf974a46098f5123830ac5cb
1123,18,UNKNOWN,10,bounded_layer_scan,8fba55cea0f98be36fab7b65349dda867a58aabfcf974a46098f5123830ac5cb
1124,17,UNKNOWN,10,bounded_layer_scan,8fba55cea0f98be36fab7b65349dda867a58aabfcf974a46098f5123830ac5cb
1124,18,UNKNOWN,10,bounded_layer_scan,8fba55cea0f98be36fab7b65349dda867a58aabfcf974a46098f5123830ac5cb
1125,17,UNKNOWN,10,bounded_layer_scan,8fba55cea0f98be36fab7b65349dda867a58aabfcf974a46098f5123830ac5cb
1125,18,UNKNOWN,10,bounded_layer_scan,8fba55cea0f98be36fab7b65349dda867a58aabfcf974a46098f5123830ac5cb
1126,17,UNKNOWN,10,bounded_layer_scan,8fba55cea0f98be36fab7b65349dda867a58aabfcf974a46098f5123830ac5cb
1126,18,UNKNOWN,10,bounded_layer_scan,8fba55cea0f98be36fab7b65349dda867a58aabfcf974a46098f5123830ac5cb
1127,17,UNKNOWN,10,bounded_layer_scan,8fba55cea0f98be36fab7b65349dda867a58aabfcf974a46098f5123830ac5cb
1127,18,UNKNOWN,10,bounded_layer_scan,8fba55cea0f98be36fab7b65349dda867a58aabfcf974a46098f5123830ac5cb
1128,17,UNKNOWN,10,bounded_layer_scan,8fba55cea0f98be36fab7b65349dda867a58aabfcf974a46098f5123830ac5cb
1128,18,UNKNOWN,10,bounded_layer_scan,8fba55cea0f98be36fab7b65349dda867a58aabfcf974a46098f5123830ac5cb
1129,17,UNKNOWN,10,bounded_layer_scan,8fba55cea0f98be36fab7b65349dda867a58aabfcf974a46098f5123830ac5cb
1129,18,UNKNOWN,10,bounded_layer_scan,8fba55cea0f98be36fab7b65349dda867a58aabfcf974a46098f5123830ac5cb
1130,17,UNKNOWN,10,bounded_layer_scan,8fba55cea0f98be36fab7b65349dda867a58aabfcf974a46098f5123830ac5cb
1130,18,SAT,10,bounded_layer_scan,72fe98ffdc409179231667ac16cefb6eede59c0535a3a320b14426422f3be16c
1131,17,SAT,10,bounded_layer_scan,9ff09651736cef0e06bc4d10ac1086ee1c03bd028125c0441ed99bc96725663d
1131,18,UNKNOWN,10,bounded_layer_scan,8fba55cea0f98be36fab7b65349dda867a58aabfcf974a46098f5123830ac5cb
1132,17,UNKNOWN,10,bounded_layer_scan,8fba55cea0f98be36fab7b65349dda867a58aabfcf974a46098f5123830ac5cb
1132,18,UNKNOWN,10,bounded_layer_scan,8fba55cea0f98be36fab7b65349dda867a58aabfcf974a46098f5123830ac5cb
1133,17,UNKNOWN,10,bounded_layer_scan,8fba55cea0f98be36fab7b65349dda867a58aabfcf974a46098f5123830ac5cb
1133,18,UNKNOWN,10,bounded_layer_scan,8fba55cea0f98be36fab7b65349dda867a58aabfcf974a46098f5123830ac5cb
1134,17,UNKNOWN,10,bounded_layer_scan,8fba55cea0f98be36fab7b65349dda867a58aabfcf974a46098f5123830ac5cb
1134,18,UNKNOWN,10,bounded_layer_scan,8fba55cea0f98be36fab7b65349dda867a58aabfcf974a46098f5123830ac5cb
1135,17,UNKNOWN,10,bounded_layer_scan,8fba55cea0f98be36fab7b65349dda867a58aabfcf974a46098f5123830ac5cb
1135,18,SAT,10,bounded_layer_scan,984937e04645cf43cf2572ea36059600711c30b3440e9343c4d274d04a743143
1136,17,UNKNOWN,10,bounded_layer_scan,8fba55cea0f98be36fab7b65349dda867a58aabfcf974a46098f5123830ac5cb
1136,18,UNKNOWN,10,bounded_layer_scan,8fba55cea0f98be36fab7b65349dda867a58aabfcf974a46098f5123830ac5cb
1137,17,UNKNOWN,10,bounded_layer_scan,8fba55cea0f98be36fab7b65349dda867a58aabfcf974a46098f5123830ac5cb
1137,18,UNKNOWN,10,bounded_layer_scan,8fba55cea0f98be36fab7b65349dda867a58aabfcf974a46098f5123830ac5cb
1138,17,UNKNOWN,10,bounded_layer_scan,8fba55cea0f98be36fab7b65349dda867a58aabfcf974a46098f5123830ac5cb
1138,18,UNKNOWN,10,bounded_layer_scan,8fba55cea0f98be36fab7b65349dda867a58aabfcf974a46098f5123830ac5cb
1139,17,UNKNOWN,10,bounded_layer_scan,8fba55cea0f98be36fab7b65349dda867a58aabfcf974a46098f5123830ac5cb
1139,18,UNKNOWN,10,bounded_layer_scan,8fba55cea0f98be36fab7b65349dda867a58aabfcf974a46098f5123830ac5cb
1140,17,SAT,10,bounded_layer_scan,b389bae3e29625572ade28edaad4bfe8aec4719d77c150fdcc76be026c0bbcf7
1140,18,UNKNOWN,10,bounded_layer_scan,8fba55cea0f98be36fab7b65349dda867a58aabfcf974a46098f5123830ac5cb
1141,17,UNKNOWN,10,bounded_layer_scan,8fba55cea0f98be36fab7b65349dda867a58aabfcf974a46098f5123830ac5cb
1141,18,UNKNOWN,10,bounded_layer_scan,8fba55cea0f98be36fab7b65349dda867a58aabfcf974a46098f5123830ac5cb
1142,17,UNKNOWN,10,bounded_layer_scan,8fba55cea0f98be36fab7b65349dda867a58aabfcf974a46098f5123830ac5cb
1142,18,UNKNOWN,10,bounded_layer_scan,8fba55cea0f98be36fab7b65349dda867a58aabfcf974a46098f5123830ac5cb
1143,17,SAT,10,bounded_layer_scan,003c33df621fa7b131e4881dce3e4249d1b23c7fef7ec950fd28e7d8e65fcbec
1143,18,UNKNOWN,10,bounded_layer_scan,8fba55cea0f98be36fab7b65349dda867a58aabfcf974a46098f5123830ac5cb
1144,17,UNKNOWN,10,bounded_layer_scan,8fba55cea0f98be36fab7b65349dda867a58aabfcf974a46098f5123830ac5cb
1144,18,UNKNOWN,10,bounded_layer_scan,8fba55cea0f98be36fab7b65349dda867a58aabfcf974a46098f5123830ac5cb
1145,17,UNKNOWN,10,bounded_layer_scan,8fba55cea0f98be36fab7b65349dda867a58aabfcf974a46098f5123830ac5cb
1145,18,UNKNOWN,10,bounded_layer_scan,8fba55cea0f98be36fab7b65349dda867a58aabfcf974a46098f5123830ac5cb
1146,17,UNKNOWN,10,bounded_layer_scan,8fba55cea0f98be36fab7b65349dda867a58aabfcf974a46098f5123830ac5cb
1146,18,UNKNOWN,10,bounded_layer_scan,8fba55cea0f98be36fab7b65349dda867a58aabfcf974a46098f5123830ac5cb
1147,17,SAT,10,bounded_layer_scan,2903078c4987387c1a2f90a7ea6b6d265413b0ac4d21e9ef202ee8b9e254b0bb
1147,18,UNKNOWN,10,bounded_layer_scan,8fba55cea0f98be36fab7b65349dda867a58aabfcf974a46098f5123830ac5cb
1148,17,UNKNOWN,10,bounded_layer_scan,8fba55cea0f98be36fab7b65349dda867a58aabfcf974a46098f5123830ac5cb
1148,18,UNKNOWN,10,bounded_layer_scan,8fba55cea0f98be36fab7b65349dda867a58aabfcf974a46098f5123830ac5cb
1149,17,UNKNOWN,10,bounded_layer_scan,8fba55cea0f98be36fab7b65349dda867a58aabfcf974a46098f5123830ac5cb
1149,18,UNKNOWN,10,bounded_layer_scan,8fba55cea0f98be36fab7b65349dda867a58aabfcf974a46098f5123830ac5cb
1150,17,UNKNOWN,10,bounded_layer_scan,8fba55cea0f98be36fab7b65349dda867a58aabfcf974a46098f5123830ac5cb
1150,18,UNKNOWN,10,bounded_layer_scan,8fba55cea0f98be36fab7b65349dda867a58aabfcf974a46098f5123830ac5cb
1151,17,UNKNOWN,10,bounded_layer_scan,8fba55cea0f98be36fab7b65349dda867a58aabfcf974a46098f5123830ac5cb
1151,18,UNKNOWN,10,bounded_layer_scan,8fba55cea0f98be36fab7b65349dda867a58aabfcf974a46098f5123830ac5cb
1152,17,UNKNOWN,10,bounded_layer_scan,8fba55cea0f98be36fab7b65349dda867a58aabfcf974a46098f5123830ac5cb
1152,18,UNKNOWN,10,bounded_layer_scan,8fba55cea0f98be36fab7b65349dda867a58aabfcf974a46098f5123830ac5cb
1153,17,UNKNOWN,10,bounded_layer_scan,8fba55cea0f98be36fab7b65349dda867a58aabfcf974a46098f5123830ac5cb
1153,18,UNKNOWN,10,bounded_layer_scan,8fba55cea0f98be36fab7b65349dda867a58aabfcf974a46098f5123830ac5cb
1154,17,UNKNOWN,10,bounded_layer_scan,8fba55cea0f98be36fab7b65349dda867a58aabfcf974a46098f5123830ac5cb
1154,18,UNKNOWN,10,bounded_layer_scan,8fba55cea0f98be36fab7b65349dda867a58aabfcf974a46098f5123830ac5cb
1155,17,UNKNOWN,10,bounded_layer_scan,8fba55cea0f98be36fab7b65349dda867a58aabfcf974a46098f5123830ac5cb
1155,18,UNKNOWN,10,bounded_layer_scan,8fba55cea0f98be36fab7b65349dda867a58aabfcf974a46098f5123830ac5cb
1156,17,UNKNOWN,10,bounded_layer_scan,8fba55cea0f98be36fab7b65349dda867a58aabfcf974a46098f5123830ac5cb
1156,18,UNKNOWN,10,bounded_layer_scan,8fba55cea0f98be36fab7b65349dda867a58aabfcf974a46098f5123830ac5cb
1157,17,UNKNOWN,10,bounded_layer_scan,8fba55cea0f98be36fab7b65349dda867a58aabfcf974a46098f5123830ac5cb
1157,18,UNKNOWN,10,bounded_layer_scan,8fba55cea0f98be36fab7b65349dda867a58aabfcf974a46098f5123830ac5cb
1158,17,UNKNOWN,10,bounded_layer_scan,8fba55cea0f98be36fab7b65349dda867a58aabfcf974a46098f5123830ac5cb
1158,18,UNKNOWN,10,bounded_layer_scan,8fba55cea0f98be36fab7b65349dda867a58aabfcf974a46098f5123830ac5cb
1159,17,UNKNOWN,10,bounded_layer_scan,8fba55cea0f98be36fab7b65349dda867a58aabfcf974a46098f5123830ac5cb
1159,18,UNKNOWN,10,bounded_layer_scan,8fba55cea0f98be36fab7b65349dda867a58aabfcf974a46098f5123830ac5cb
1160,17,UNKNOWN,10,bounded_layer_scan,8fba55cea0f98be36fab7b65349dda867a58aabfcf974a46098f5123830ac5cb
1160,18,UNKNOWN,10,bounded_layer_scan,8fba55cea0f98be36fab7b65349dda867a58aabfcf974a46098f5123830ac5cb
1161,17,UNKNOWN,10,bounded_layer_scan,8fba55cea0f98be36fab7b65349dda867a58aabfcf974a46098f5123830ac5cb
1161,18,UNKNOWN,10,bounded_layer_scan,8fba55cea0f98be36fab7b65349dda867a58aabfcf974a46098f5123830ac5cb
1162,17,UNKNOWN,10,bounded_layer_scan,8fba55cea0f98be36fab7b65349dda867a58aabfcf974a46098f5123830ac5cb
1162,18,UNKNOWN,10,bounded_layer_scan,8fba55cea0f98be36fab7b65349dda867a58aabfcf974a46098f5123830ac5cb
1163,17,UNKNOWN,10,bounded_layer_scan,8fba55cea0f98be36fab7b65349dda867a58aabfcf974a46098f5123830ac5cb
1163,18,UNKNOWN,10,bounded_layer_scan,8fba55cea0f98be36fab7b65349dda867a58aabfcf974a46098f5123830ac5cb
1164,17,UNKNOWN,10,bounded_layer_scan,8fba55cea0f98be36fab7b65349dda867a58aabfcf974a46098f5123830ac5cb
1164,18,UNKNOWN,10,bounded_layer_scan,8fba55cea0f98be36fab7b65349dda867a58aabfcf974a46098f5123830ac5cb
1165,17,UNKNOWN,10,bounded_layer_scan,8fba55cea0f98be36fab7b65349dda867a58aabfcf974a46098f5123830ac5cb
1165,18,UNKNOWN,10,bounded_layer_scan,8fba55cea0f98be36fab7b65349dda867a58aabfcf974a46098f5123830ac5cb
1166,17,UNKNOWN,10,bounded_layer_scan,8fba55cea0f98be36fab7b65349dda867a58aabfcf974a46098f5123830ac5cb
1166,18,UNKNOWN,10,bounded_layer_scan,8fba55cea0f98be36fab7b65349dda867a58aabfcf974a46098f5123830ac5cb
1167,17,UNKNOWN,10,bounded_layer_scan,8fba55cea0f98be36fab7b65349dda867a58aabfcf974a46098f5123830ac5cb
1167,18,UNKNOWN,10,bounded_layer_scan,8fba55cea0f98be36fab7b65349dda867a58aabfcf974a46098f5123830ac5cb
1168,17,UNKNOWN,10,bounded_layer_scan,8fba55cea0f98be36fab7b65349dda867a58aabfcf974a46098f5123830ac5cb
1168,18,UNKNOWN,10,bounded_layer_scan,8fba55cea0f98be36fab7b65349dda867a58aabfcf974a46098f5123830ac5cb
1169,17,UNKNOWN,10,bounded_layer_scan,8fba55cea0f98be36fab7b65349dda867a58aabfcf974a46098f5123830ac5cb
1169,18,UNKNOWN,10,bounded_layer_scan,8fba55cea0f98be36fab7b65349dda867a58aabfcf974a46098f5123830ac5cb
1170,17,SAT,10,bounded_layer_scan,0dd50dbf597a373b80355bcee11d8d510205f76cc5584287a1cda03d6a9a40f6
1170,18,UNKNOWN,10,bounded_layer_scan,8fba55cea0f98be36fab7b65349dda867a58aabfcf974a46098f5123830ac5cb
1171,17,UNKNOWN,10,bounded_layer_scan,8fba55cea0f98be36fab7b65349dda867a58aabfcf974a46098f5123830ac5cb
1171,18,UNKNOWN,10,bounded_layer_scan,8fba55cea0f98be36fab7b65349dda867a58aabfcf974a46098f5123830ac5cb
1172,17,UNKNOWN,10,bounded_layer_scan,8fba55cea0f98be36fab7b65349dda867a58aabfcf974a46098f5123830ac5cb
1172,18,UNKNOWN,10,bounded_layer_scan,8fba55cea0f98be36fab7b65349dda867a58aabfcf974a46098f5123830ac5cb
1173,17,UNKNOWN,10,bounded_layer_scan,8fba55cea0f98be36fab7b65349dda867a58aabfcf974a46098f5123830ac5cb
1173,18,UNKNOWN,10,bounded_layer_scan,8fba55cea0f98be36fab7b65349dda867a58aabfcf974a46098f5123830ac5cb
1174,17,UNKNOWN,10,bounded_layer_scan,8fba55cea0f98be36fab7b65349dda867a58aabfcf974a46098f5123830ac5cb
1174,18,UNKNOWN,10,bounded_layer_scan,8fba55cea0f98be36fab7b65349dda867a58aabfcf974a46098f5123830ac5cb
1175,17,UNKNOWN,10,bounded_layer_scan,8fba55cea0f98be36fab7b65349dda867a58aabfcf974a46098f5123830ac5cb
1175,18,UNKNOWN,10,bounded_layer_scan,8fba55cea0f98be36fab7b65349dda867a58aabfcf974a46098f5123830ac5cb
1176,17,UNKNOWN,10,bounded_layer_scan,8fba55cea0f98be36fab7b65349dda867a58aabfcf974a46098f5123830ac5cb
1176,18,UNKNOWN,10,bounded_layer_scan,8fba55cea0f98be36fab7b65349dda867a58aabfcf974a46098f5123830ac5cb
1177,17,UNKNOWN,10,bounded_layer_scan,8fba55cea0f98be36fab7b65349dda867a58aabfcf974a46098f5123830ac5cb
1177,18,UNKNOWN,10,bounded_layer_scan,8fba55cea0f98be36fab7b65349dda867a58aabfcf974a46098f5123830ac5cb
1178,17,SAT,10,bounded_layer_scan,cadc37c094122c274bb011d644341874fbbcb631bb688660e1bca59870fd7bbf
1178,18,UNKNOWN,10,bounded_layer_scan,8fba55cea0f98be36fab7b65349dda867a58aabfcf974a46098f5123830ac5cb
1179,17,UNKNOWN,10,bounded_layer_scan,8fba55cea0f98be36fab7b65349dda867a58aabfcf974a46098f5123830ac5cb
1179,18,UNKNOWN,10,bounded_layer_scan,8fba55cea0f98be36fab7b65349dda867a58aabfcf974a46098f5123830ac5cb
1180,17,UNKNOWN,10,bounded_layer_scan,8fba55cea0f98be36fab7b65349dda867a58aabfcf974a46098f5123830ac5cb
1180,18,UNKNOWN,10,bounded_layer_scan,8fba55cea0f98be36fab7b65349dda867a58aabfcf974a46098f5123830ac5cb
1181,17,UNKNOWN,10,bounded_layer_scan,8fba55cea0f98be36fab7b65349dda867a58aabfcf974a46098f5123830ac5cb
1181,18,UNKNOWN,10,bounded_layer_scan,8fba55cea0f98be36fab7b65349dda867a58aabfcf974a46098f5123830ac5cb
1182,17,UNKNOWN,10,bounded_layer_scan,8fba55cea0f98be36fab7b65349dda867a58aabfcf974a46098f5123830ac5cb
1182,18,UNKNOWN,10,bounded_layer_scan,8fba55cea0f98be36fab7b65349dda867a58aabfcf974a46098f5123830ac5cb
1183,17,UNKNOWN,10,bounded_layer_scan,8fba55cea0f98be36fab7b65349dda867a58aabfcf974a46098f5123830ac5cb
1183,18,UNKNOWN,10,bounded_layer_scan,8fba55cea0f98be36fab7b65349dda867a58aabfcf974a46098f5123830ac5cb
1184,17,UNKNOWN,10,bounded_layer_scan,8fba55cea0f98be36fab7b65349dda867a58aabfcf974a46098f5123830ac5cb
1184,18,UNKNOWN,10,bounded_layer_scan,8fba55cea0f98be36fab7b65349dda867a58aabfcf974a46098f5123830ac5cb
1185,17,SAT,10,bounded_layer_scan,c79b3eec4fe90ed3a147b8e9111634f8d73a9e9291986bf0be98d5c8b828f851
1185,18,UNKNOWN,10,bounded_layer_scan,8fba55cea0f98be36fab7b65349dda867a58aabfcf974a46098f5123830ac5cb
1186,17,UNKNOWN,10,bounded_layer_scan,8fba55cea0f98be36fab7b65349dda867a58aabfcf974a46098f5123830ac5cb
1186,18,UNKNOWN,10,bounded_layer_scan,8fba55cea0f98be36fab7b65349dda867a58aabfcf974a46098f5123830ac5cb
1187,17,UNKNOWN,10,bounded_layer_scan,8fba55cea0f98be36fab7b65349dda867a58aabfcf974a46098f5123830ac5cb
1187,18,UNKNOWN,10,bounded_layer_scan,8fba55cea0f98be36fab7b65349dda867a58aabfcf974a46098f5123830ac5cb
1188,17,UNKNOWN,10,bounded_layer_scan,8fba55cea0f98be36fab7b65349dda867a58aabfcf974a46098f5123830ac5cb
1188,18,UNKNOWN,10,bounded_layer_scan,8fba55cea0f98be36fab7b65349dda867a58aabfcf974a46098f5123830ac5cb
1189,17,UNKNOWN,10,bounded_layer_scan,8fba55cea0f98be36fab7b65349dda867a58aabfcf974a46098f5123830ac5cb
1189,18,UNKNOWN,10,bounded_layer_scan,8fba55cea0f98be36fab7b65349dda867a58aabfcf974a46098f5123830ac5cb
1190,17,UNKNOWN,10,bounded_layer_scan,8fba55cea0f98be36fab7b65349dda867a58aabfcf974a46098f5123830ac5cb
1190,18,UNKNOWN,10,bounded_layer_scan,8fba55cea0f98be36fab7b65349dda867a58aabfcf974a46098f5123830ac5cb
1191,17,UNKNOWN,10,bounded_layer_scan,8fba55cea0f98be36fab7b65349dda867a58aabfcf974a46098f5123830ac5cb
1191,18,UNKNOWN,10,bounded_layer_scan,8fba55cea0f98be36fab7b65349dda867a58aabfcf974a46098f5123830ac5cb
1192,17,UNKNOWN,10,bounded_layer_scan,8fba55cea0f98be36fab7b65349dda867a58aabfcf974a46098f5123830ac5cb
1192,18,UNKNOWN,10,bounded_layer_scan,8fba55cea0f98be36fab7b65349dda867a58aabfcf974a46098f5123830ac5cb
1193,17,UNKNOWN,10,bounded_layer_scan,8fba55cea0f98be36fab7b65349dda867a58aabfcf974a46098f5123830ac5cb
1193,18,UNKNOWN,10,bounded_layer_scan,8fba55cea0f98be36fab7b65349dda867a58aabfcf974a46098f5123830ac5cb
1194,17,UNKNOWN,10,bounded_layer_scan,8fba55cea0f98be36fab7b65349dda867a58aabfcf974a46098f5123830ac5cb
1194,18,UNKNOWN,10,bounded_layer_scan,8fba55cea0f98be36fab7b65349dda867a58aabfcf974a46098f5123830ac5cb
1195,17,UNKNOWN,10,bounded_layer_scan,8fba55cea0f98be36fab7b65349dda867a58aabfcf974a46098f5123830ac5cb
1195,18,UNKNOWN,10,bounded_layer_scan,8fba55cea0f98be36fab7b65349dda867a58aabfcf974a46098f5123830ac5cb
1196,17,UNKNOWN,10,bounded_layer_scan,8fba55cea0f98be36fab7b65349dda867a58aabfcf974a46098f5123830ac5cb
1196,18,SAT,10,bounded_layer_scan,3ccf987f9dd2d2d9367a72ed44cf142cbbeedbd4584c6226b22df4ed0ab44d33
1197,17,UNKNOWN,10,bounded_layer_scan,8fba55cea0f98be36fab7b65349dda867a58aabfcf974a46098f5123830ac5cb
1197,18,UNKNOWN,10,bounded_layer_scan,8fba55cea0f98be36fab7b65349dda867a58aabfcf974a46098f5123830ac5cb
1198,17,UNKNOWN,10,bounded_layer_scan,8fba55cea0f98be36fab7b65349dda867a58aabfcf974a46098f5123830ac5cb
1198,18,UNKNOWN,10,bounded_layer_scan,8fba55cea0f98be36fab7b65349dda867a58aabfcf974a46098f5123830ac5cb
1199,17,UNKNOWN,10,bounded_layer_scan,8fba55cea0f98be36fab7b65349dda867a58aabfcf974a46098f5123830ac5cb
1199,18,UNKNOWN,10,bounded_layer_scan,8fba55cea0f98be36fab7b65349dda867a58aabfcf974a46098f5123830ac5cb
1200,17,UNKNOWN,10,bounded_layer_scan,8fba55cea0f98be36fab7b65349dda867a58aabfcf974a46098f5123830ac5cb
1200,18,UNKNOWN,10,bounded_layer_scan,8fba55cea0f98be36fab7b65349dda867a58aabfcf974a46098f5123830ac5cb
1201,17,UNKNOWN,10,bounded_layer_scan,8fba55cea0f98be36fab7b65349dda867a58aabfcf974a46098f5123830ac5cb
1201,18,UNKNOWN,10,bounded_layer_scan,8fba55cea0f98be36fab7b65349dda867a58aabfcf974a46098f5123830ac5cb
1202,17,UNKNOWN,10,bounded_layer_scan,8fba55cea0f98be36fab7b65349dda867a58aabfcf974a46098f5123830ac5cb
1202,18,UNKNOWN,10,bounded_layer_scan,8fba55cea0f98be36fab7b65349dda867a58aabfcf974a46098f5123830ac5cb
1203,17,UNKNOWN,10,bounded_layer_scan,8fba55cea0f98be36fab7b65349dda867a58aabfcf974a46098f5123830ac5cb
1203,18,UNKNOWN,10,bounded_layer_scan,8fba55cea0f98be36fab7b65349dda867a58aabfcf974a46098f5123830ac5cb
1204,17,UNKNOWN,10,bounded_layer_scan,8fba55cea0f98be36fab7b65349dda867a58aabfcf974a46098f5123830ac5cb
1204,18,UNKNOWN,10,bounded_layer_scan,8fba55cea0f98be36fab7b65349dda867a58aabfcf974a46098f5123830ac5cb
1205,17,UNKNOWN,10,bounded_layer_scan,8fba55cea0f98be36fab7b65349dda867a58aabfcf974a46098f5123830ac5cb
1205,18,UNKNOWN,10,bounded_layer_scan,8fba55cea0f98be36fab7b65349dda867a58aabfcf974a46098f5123830ac5cb
1206,17,UNKNOWN,10,bounded_layer_scan,8fba55cea0f98be36fab7b65349dda867a58aabfcf974a46098f5123830ac5cb
1206,18,UNKNOWN,10,bounded_layer_scan,8fba55cea0f98be36fab7b65349dda867a58aabfcf974a46098f5123830ac5cb
1207,17,UNKNOWN,10,bounded_layer_scan,8fba55cea0f98be36fab7b65349dda867a58aabfcf974a46098f5123830ac5cb
1207,18,UNKNOWN,10,bounded_layer_scan,8fba55cea0f98be36fab7b65349dda867a58aabfcf974a46098f5123830ac5cb
1208,17,UNKNOWN,10,bounded_layer_scan,8fba55cea0f98be36fab7b65349dda867a58aabfcf974a46098f5123830ac5cb
1208,18,UNKNOWN,10,bounded_layer_scan,8fba55cea0f98be36fab7b65349dda867a58aabfcf974a46098f5123830ac5cb
1209,17,SAT,10,bounded_layer_scan,5b54f24205efd3bd512ea2c029313263ed3134ab14f5253289e62b3f902fabff
1209,18,UNKNOWN,10,bounded_layer_scan,8fba55cea0f98be36fab7b65349dda867a58aabfcf974a46098f5123830ac5cb
1210,17,UNKNOWN,10,bounded_layer_scan,8fba55cea0f98be36fab7b65349dda867a58aabfcf974a46098f5123830ac5cb
1210,18,UNKNOWN,10,bounded_layer_scan,8fba55cea0f98be36fab7b65349dda867a58aabfcf974a46098f5123830ac5cb
1211,17,UNKNOWN,10,bounded_layer_scan,8fba55cea0f98be36fab7b65349dda867a58aabfcf974a46098f5123830ac5cb
1211,18,UNKNOWN,10,bounded_layer_scan,8fba55cea0f98be36fab7b65349dda867a58aabfcf974a46098f5123830ac5cb
1212,17,UNKNOWN,10,bounded_layer_scan,8fba55cea0f98be36fab7b65349dda867a58aabfcf974a46098f5123830ac5cb
1212,18,UNKNOWN,10,bounded_layer_scan,8fba55cea0f98be36fab7b65349dda867a58aabfcf974a46098f5123830ac5cb
1213,17,UNKNOWN,10,bounded_layer_scan,8fba55cea0f98be36fab7b65349dda867a58aabfcf974a46098f5123830ac5cb
1213,18,UNKNOWN,10,bounded_layer_scan,8fba55cea0f98be36fab7b65349dda867a58aabfcf974a46098f5123830ac5cb
1214,17,UNKNOWN,10,bounded_layer_scan,8fba55cea0f98be36fab7b65349dda867a58aabfcf974a46098f5123830ac5cb
1214,18,UNKNOWN,10,bounded_layer_scan,8fba55cea0f98be36fab7b65349dda867a58aabfcf974a46098f5123830ac5cb
1215,17,UNKNOWN,10,bounded_layer_scan,8fba55cea0f98be36fab7b65349dda867a58aabfcf974a46098f5123830ac5cb
1215,18,UNKNOWN,10,bounded_layer_scan,8fba55cea0f98be36fab7b65349dda867a58aabfcf974a46098f5123830ac5cb
1216,17,UNKNOWN,10,bounded_layer_scan,8fba55cea0f98be36fab7b65349dda867a58aabfcf974a46098f5123830ac5cb
1216,18,UNKNOWN,10,bounded_layer_scan,8fba55cea0f98be36fab7b65349dda867a58aabfcf974a46098f5123830ac5cb
1217,17,UNKNOWN,10,bounded_layer_scan,8fba55cea0f98be36fab7b65349dda867a58aabfcf974a46098f5123830ac5cb
1217,18,UNKNOWN,10,bounded_layer_scan,8fba55cea0f98be36fab7b65349dda867a58aabfcf974a46098f5123830ac5cb
1218,17,UNKNOWN,10,bounded_layer_scan,8fba55cea0f98be36fab7b65349dda867a58aabfcf974a46098f5123830ac5cb
1218,18,UNKNOWN,10,bounded_layer_scan,8fba55cea0f98be36fab7b65349dda867a58aabfcf974a46098f5123830ac5cb
1219,17,UNKNOWN,10,bounded_layer_scan,8fba55cea0f98be36fab7b65349dda867a58aabfcf974a46098f5123830ac5cb
1219,18,UNKNOWN,10,bounded_layer_scan,8fba55cea0f98be36fab7b65349dda867a58aabfcf974a46098f5123830ac5cb
1220,17,UNKNOWN,10,bounded_layer_scan,8fba55cea0f98be36fab7b65349dda867a58aabfcf974a46098f5123830ac5cb
1220,18,UNKNOWN,10,bounded_layer_scan,8fba55cea0f98be36fab7b65349dda867a58aabfcf974a46098f5123830ac5cb
1221,17,UNKNOWN,10,bounded_layer_scan,8fba55cea0f98be36fab7b65349dda867a58aabfcf974a46098f5123830ac5cb
1221,18,UNKNOWN,10,bounded_layer_scan,8fba55cea0f98be36fab7b65349dda867a58aabfcf974a46098f5123830ac5cb
1222,17,UNKNOWN,10,bounded_layer_scan,8fba55cea0f98be36fab7b65349dda867a58aabfcf974a46098f5123830ac5cb
1222,18,UNKNOWN,10,bounded_layer_scan,8fba55cea0f98be36fab7b65349dda867a58aabfcf974a46098f5123830ac5cb
1223,17,UNKNOWN,10,bounded_layer_scan,8fba55cea0f98be36fab7b65349dda867a58aabfcf974a46098f5123830ac5cb
1223,18,UNKNOWN,10,bounded_layer_scan,8fba55cea0f98be36fab7b65349dda867a58aabfcf974a46098f5123830ac5cb
1224,17,UNKNOWN,10,bounded_layer_scan,8fba55cea0f98be36fab7b65349dda867a58aabfcf974a46098f5123830ac5cb
1224,18,UNKNOWN,10,bounded_layer_scan,8fba55cea0f98be36fab7b65349dda867a58aabfcf974a46098f5123830ac5cb
1225,17,UNKNOWN,10,bounded_layer_scan,8fba55cea0f98be36fab7b65349dda867a58aabfcf974a46098f5123830ac5cb
1225,18,UNKNOWN,10,bounded_layer_scan,8fba55cea0f98be36fab7b65349dda867a58aabfcf974a46098f5123830ac5cb
1226,17,UNKNOWN,10,bounded_layer_scan,8fba55cea0f98be36fab7b65349dda867a58aabfcf974a46098f5123830ac5cb
1226,18,UNKNOWN,10,bounded_layer_scan,8fba55cea0f98be36fab7b65349dda867a58aabfcf974a46098f5123830ac5cb
1227,17,UNKNOWN,10,bounded_layer_scan,8fba55cea0f98be36fab7b65349dda867a58aabfcf974a46098f5123830ac5cb
1227,18,UNKNOWN,10,bounded_layer_scan,8fba55cea0f98be36fab7b65349dda867a58aabfcf974a46098f5123830ac5cb
1228,17,UNKNOWN,10,bounded_layer_scan,8fba55cea0f98be36fab7b65349dda867a58aabfcf974a46098f5123830ac5cb
1228,18,UNKNOWN,10,bounded_layer_scan,8fba55cea0f98be36fab7b65349dda867a58aabfcf974a46098f5123830ac5cb
1229,17,UNKNOWN,10,bounded_layer_scan,8fba55cea0f98be36fab7b65349dda867a58aabfcf974a46098f5123830ac5cb
1229,18,UNKNOWN,10,bounded_layer_scan,8fba55cea0f98be36fab7b65349dda867a58aabfcf974a46098f5123830ac5cb
1230,17,UNKNOWN,10,bounded_layer_scan,8fba55cea0f98be36fab7b65349dda867a58aabfcf974a46098f5123830ac5cb
1230,18,UNKNOWN,10,bounded_layer_scan,8fba55cea0f98be36fab7b65349dda867a58aabfcf974a46098f5123830ac5cb
1231,17,UNKNOWN,10,bounded_layer_scan,8fba55cea0f98be36fab7b65349dda867a58aabfcf974a46098f5123830ac5cb
1231,18,UNKNOWN,10,bounded_layer_scan,8fba55cea0f98be36fab7b65349dda867a58aabfcf974a46098f5123830ac5cb
1232,17,SAT,10,bounded_layer_scan,67f618407ecac843c8e42ae71d7310495d3ae2520734770acb75cadbcd1cdcf7
1232,18,UNKNOWN,10,bounded_layer_scan,8fba55cea0f98be36fab7b65349dda867a58aabfcf974a46098f5123830ac5cb
1233,17,UNKNOWN,10,bounded_layer_scan,8fba55cea0f98be36fab7b65349dda867a58aabfcf974a46098f5123830ac5cb
1233,18,UNKNOWN,10,bounded_layer_scan,8fba55cea0f98be36fab7b65349dda867a58aabfcf974a46098f5123830ac5cb
1234,17,UNKNOWN,10,bounded_layer_scan,8fba55cea0f98be36fab7b65349dda867a58aabfcf974a46098f5123830ac5cb
1234,18,UNKNOWN,10,bounded_layer_scan,8fba55cea0f98be36fab7b65349dda867a58aabfcf974a46098f5123830ac5cb
1235,17,UNKNOWN,10,bounded_layer_scan,8fba55cea0f98be36fab7b65349dda867a58aabfcf974a46098f5123830ac5cb
1235,18,UNKNOWN,10,bounded_layer_scan,8fba55cea0f98be36fab7b65349dda867a58aabfcf974a46098f5123830ac5cb
1236,17,UNKNOWN,10,bounded_layer_scan,8fba55cea0f98be36fab7b65349dda867a58aabfcf974a46098f5123830ac5cb
1236,18,UNKNOWN,10,bounded_layer_scan,8fba55cea0f98be36fab7b65349dda867a58aabfcf974a46098f5123830ac5cb
1237,17,UNKNOWN,10,bounded_layer_scan,8fba55cea0f98be36fab7b65349dda867a58aabfcf974a46098f5123830ac5cb
1237,18,UNKNOWN,10,bounded_layer_scan,8fba55cea0f98be36fab7b65349dda867a58aabfcf974a46098f5123830ac5cb
1238,17,UNKNOWN,10,bounded_layer_scan,8fba55cea0f98be36fab7b65349dda867a58aabfcf974a46098f5123830ac5cb
1238,18,UNKNOWN,10,bounded_layer_scan,8fba55cea0f98be36fab7b65349dda867a58aabfcf974a46098f5123830ac5cb
1239,17,UNKNOWN,10,bounded_layer_scan,8fba55cea0f98be36fab7b65349dda867a58aabfcf974a46098f5123830ac5cb
1239,18,SAT,10,bounded_layer_scan,80680dc6c6844886b5b96c8349ca556f7bd6a0fb71f67a4c3cad501fb77b97f5
1240,17,UNKNOWN,10,bounded_layer_scan,8fba55cea0f98be36fab7b65349dda867a58aabfcf974a46098f5123830ac5cb
1240,18,UNKNOWN,10,bounded_layer_scan,8fba55cea0f98be36fab7b65349dda867a58aabfcf974a46098f5123830ac5cb
1241,17,UNKNOWN,10,bounded_layer_scan,8fba55cea0f98be36fab7b65349dda867a58aabfcf974a46098f5123830ac5cb
1241,18,UNKNOWN,10,bounded_layer_scan,8fba55cea0f98be36fab7b65349dda867a58aabfcf974a46098f5123830ac5cb
1242,17,UNKNOWN,10,bounded_layer_scan,8fba55cea0f98be36fab7b65349dda867a58aabfcf974a46098f5123830ac5cb
1242,18,UNKNOWN,10,bounded_layer_scan,8fba55cea0f98be36fab7b65349dda867a58aabfcf974a46098f5123830ac5cb
1243,17,UNKNOWN,10,bounded_layer_scan,8fba55cea0f98be36fab7b65349dda867a58aabfcf974a46098f5123830ac5cb
1243,18,UNKNOWN,10,bounded_layer_scan,8fba55cea0f98be36fab7b65349dda867a58aabfcf974a46098f5123830ac5cb
1244,17,UNKNOWN,10,bounded_layer_scan,8fba55cea0f98be36fab7b65349dda867a58aabfcf974a46098f5123830ac5cb
1244,18,UNKNOWN,10,bounded_layer_scan,8fba55cea0f98be36fab7b65349dda867a58aabfcf974a46098f5123830ac5cb
1245,17,UNKNOWN,10,bounded_layer_scan,8fba55cea0f98be36fab7b65349dda867a58aabfcf974a46098f5123830ac5cb
1245,18,UNKNOWN,10,bounded_layer_scan,8fba55cea0f98be36fab7b65349dda867a58aabfcf974a46098f5123830ac5cb
1246,17,UNKNOWN,10,bounded_layer_scan,8fba55cea0f98be36fab7b65349dda867a58aabfcf974a46098f5123830ac5cb
1246,18,UNKNOWN,10,bounded_layer_scan,8fba55cea0f98be36fab7b65349dda867a58aabfcf974a46098f5123830ac5cb
1247,17,UNKNOWN,10,bounded_layer_scan,8fba55cea0f98be36fab7b65349dda867a58aabfcf974a46098f5123830ac5cb
1247,18,UNKNOWN,10,bounded_layer_scan,8fba55cea0f98be36fab7b65349dda867a58aabfcf974a46098f5123830ac5cb
1248,17,UNKNOWN,10,bounded_layer_scan,8fba55cea0f98be36fab7b65349dda867a58aabfcf974a46098f5123830ac5cb
1248,18,UNKNOWN,10,bounded_layer_scan,8fba55cea0f98be36fab7b65349dda867a58aabfcf974a46098f5123830ac5cb
1249,17,UNKNOWN,10,bounded_layer_scan,8fba55cea0f98be36fab7b65349dda867a58aabfcf974a46098f5123830ac5cb
1249,18,UNKNOWN,10,bounded_layer_scan,8fba55cea0f98be36fab7b65349dda867a58aabfcf974a46098f5123830ac5cb
1250,17,UNKNOWN,10,bounded_layer_scan,8fba55cea0f98be36fab7b65349dda867a58aabfcf974a46098f5123830ac5cb
1250,18,UNKNOWN,10,bounded_layer_scan,8fba55cea0f98be36fab7b65349dda867a58aabfcf974a46098f5123830ac5cb
1251,17,SAT,10,bounded_layer_scan,2db9bb1ead9e6c87ed4e085c0ddbacb2cd1287538d9a336e77a732c39e28ed73
1251,18,UNKNOWN,10,bounded_layer_scan,8fba55cea0f98be36fab7b65349dda867a58aabfcf974a46098f5123830ac5cb
1252,17,UNKNOWN,10,bounded_layer_scan,8fba55cea0f98be36fab7b65349dda867a58aabfcf974a46098f5123830ac5cb
1252,18,UNKNOWN,10,bounded_layer_scan,8fba55cea0f98be36fab7b65349dda867a58aabfcf974a46098f5123830ac5cb
1253,17,UNKNOWN,10,bounded_layer_scan,8fba55cea0f98be36fab7b65349dda867a58aabfcf974a46098f5123830ac5cb
1253,18,UNKNOWN,10,bounded_layer_scan,8fba55cea0f98be36fab7b65349dda867a58aabfcf974a46098f5123830ac5cb
1254,17,UNKNOWN,10,bounded_layer_scan,8fba55cea0f98be36fab7b65349dda867a58aabfcf974a46098f5123830ac5cb
1254,18,UNKNOWN,10,bounded_layer_scan,8fba55cea0f98be36fab7b65349dda867a58aabfcf974a46098f5123830ac5cb
1255,17,UNKNOWN,10,bounded_layer_scan,8fba55cea0f98be36fab7b65349dda867a58aabfcf974a46098f5123830ac5cb
1255,18,UNKNOWN,10,bounded_layer_scan,8fba55cea0f98be36fab7b65349dda867a58aabfcf974a46098f5123830ac5cb
1256,17,UNKNOWN,10,bounded_layer_scan,8fba55cea0f98be36fab7b65349dda867a58aabfcf974a46098f5123830ac5cb
1256,18,UNKNOWN,10,bounded_layer_scan,8fba55cea0f98be36fab7b65349dda867a58aabfcf974a46098f5123830ac5cb
1257,17,UNKNOWN,10,bounded_layer_scan,8fba55cea0f98be36fab7b65349dda867a58aabfcf974a46098f5123830ac5cb
1257,18,UNKNOWN,10,bounded_layer_scan,8fba55cea0f98be36fab7b65349dda867a58aabfcf974a46098f5123830ac5cb
1258,17,UNKNOWN,10,bounded_layer_scan,8fba55cea0f98be36fab7b65349dda867a58aabfcf974a46098f5123830ac5cb
1258,18,UNKNOWN,10,bounded_layer_scan,8fba55cea0f98be36fab7b65349dda867a58aabfcf974a46098f5123830ac5cb
1259,17,UNKNOWN,10,bounded_layer_scan,8fba55cea0f98be36fab7b65349dda867a58aabfcf974a46098f5123830ac5cb
1259,18,UNKNOWN,10,bounded_layer_scan,8fba55cea0f98be36fab7b65349dda867a58aabfcf974a46098f5123830ac5cb
1260,17,SAT,10,bounded_layer_scan,f350a574eab27c6a2d1f48bd6c3b9da8e87553ddf115ecc5c84cb821901d3a47
1260,18,UNKNOWN,10,bounded_layer_scan,8fba55cea0f98be36fab7b65349dda867a58aabfcf974a46098f5123830ac5cb
1261,17,UNKNOWN,10,bounded_layer_scan,8fba55cea0f98be36fab7b65349dda867a58aabfcf974a46098f5123830ac5cb
1261,18,SAT,10,bounded_layer_scan,7d194b5fa36c885ef0e67fd5c904875852842eb31043bfd2232b6929b767d800
1262,17,UNKNOWN,10,bounded_layer_scan,8fba55cea0f98be36fab7b65349dda867a58aabfcf974a46098f5123830ac5cb
1262,18,UNKNOWN,10,bounded_layer_scan,8fba55cea0f98be36fab7b65349dda867a58aabfcf974a46098f5123830ac5cb
1263,17,UNKNOWN,10,bounded_layer_scan,8fba55cea0f98be36fab7b65349dda867a58aabfcf974a46098f5123830ac5cb
1263,18,UNKNOWN,10,bounded_layer_scan,8fba55cea0f98be36fab7b65349dda867a58aabfcf974a46098f5123830ac5cb
1264,17,UNKNOWN,10,bounded_layer_scan,8fba55cea0f98be36fab7b65349dda867a58aabfcf974a46098f5123830ac5cb
1264,18,UNKNOWN,10,bounded_layer_scan,8fba55cea0f98be36fab7b65349dda867a58aabfcf974a46098f5123830ac5cb
1265,17,UNKNOWN,10,bounded_layer_scan,8fba55cea0f98be36fab7b65349dda867a58aabfcf974a46098f5123830ac5cb
1265,18,UNKNOWN,10,bounded_layer_scan,8fba55cea0f98be36fab7b65349dda867a58aabfcf974a46098f5123830ac5cb
1266,17,UNKNOWN,10,bounded_layer_scan,8fba55cea0f98be36fab7b65349dda867a58aabfcf974a46098f5123830ac5cb
1266,18,UNKNOWN,10,bounded_layer_scan,8fba55cea0f98be36fab7b65349dda867a58aabfcf974a46098f5123830ac5cb
1267,17,UNKNOWN,10,bounded_layer_scan,8fba55cea0f98be36fab7b65349dda867a58aabfcf974a46098f5123830ac5cb
1267,18,UNKNOWN,10,bounded_layer_scan,8fba55cea0f98be36fab7b65349dda867a58aabfcf974a46098f5123830ac5cb
1268,17,UNKNOWN,10,bounded_layer_scan,8fba55cea0f98be36fab7b65349dda867a58aabfcf974a46098f5123830ac5cb
1268,18,UNKNOWN,10,bounded_layer_scan,8fba55cea0f98be36fab7b65349dda867a58aabfcf974a46098f5123830ac5cb
1269,17,UNKNOWN,10,bounded_layer_scan,8fba55cea0f98be36fab7b65349dda867a58aabfcf974a46098f5123830ac5cb
1269,18,UNKNOWN,10,bounded_layer_scan,8fba55cea0f98be36fab7b65349dda867a58aabfcf974a46098f5123830ac5cb
1270,17,UNKNOWN,10,bounded_layer_scan,8fba55cea0f98be36fab7b65349dda867a58aabfcf974a46098f5123830ac5cb
1270,18,UNKNOWN,10,bounded_layer_scan,8fba55cea0f98be36fab7b65349dda867a58aabfcf974a46098f5123830ac5cb
1271,17,UNKNOWN,10,bounded_layer_scan,8fba55cea0f98be36fab7b65349dda867a58aabfcf974a46098f5123830ac5cb
1271,18,UNKNOWN,10,bounded_layer_scan,8fba55cea0f98be36fab7b65349dda867a58aabfcf974a46098f5123830ac5cb
1272,17,UNKNOWN,10,bounded_layer_scan,8fba55cea0f98be36fab7b65349dda867a58aabfcf974a46098f5123830ac5cb
1272,18,UNKNOWN,10,bounded_layer_scan,8fba55cea0f98be36fab7b65349dda867a58aabfcf974a46098f5123830ac5cb
1273,17,UNKNOWN,10,bounded_layer_scan,8fba55cea0f98be36fab7b65349dda867a58aabfcf974a46098f5123830ac5cb
1273,18,UNKNOWN,10,bounded_layer_scan,8fba55cea0f98be36fab7b65349dda867a58aabfcf974a46098f5123830ac5cb
1274,17,UNKNOWN,10,bounded_layer_scan,8fba55cea0f98be36fab7b65349dda867a58aabfcf974a46098f5123830ac5cb
1274,18,UNKNOWN,10,bounded_layer_scan,8fba55cea0f98be36fab7b65349dda867a58aabfcf974a46098f5123830ac5cb
1275,17,UNKNOWN,10,bounded_layer_scan,8fba55cea0f98be36fab7b65349dda867a58aabfcf974a46098f5123830ac5cb
1275,18,UNKNOWN,10,bounded_layer_scan,8fba55cea0f98be36fab7b65349dda867a58aabfcf974a46098f5123830ac5cb
1276,17,SAT,10,bounded_layer_scan,3e1fa9ea4ed6a785e58814b3a2eba0020eed8d8ea6bb7267e9f55dedba29c547
1276,18,UNKNOWN,10,bounded_layer_scan,8fba55cea0f98be36fab7b65349dda867a58aabfcf974a46098f5123830ac5cb
1277,17,UNKNOWN,10,bounded_layer_scan,8fba55cea0f98be36fab7b65349dda867a58aabfcf974a46098f5123830ac5cb
1277,18,UNKNOWN,10,bounded_layer_scan,8fba55cea0f98be36fab7b65349dda867a58aabfcf974a46098f5123830ac5cb
1278,17,UNKNOWN,10,bounded_layer_scan,8fba55cea0f98be36fab7b65349dda867a58aabfcf974a46098f5123830ac5cb
1278,18,UNKNOWN,10,bounded_layer_scan,8fba55cea0f98be36fab7b65349dda867a58aabfcf974a46098f5123830ac5cb
1279,17,UNKNOWN,10,bounded_layer_scan,8fba55cea0f98be36fab7b65349dda867a58aabfcf974a46098f5123830ac5cb
1279,18,UNKNOWN,10,bounded_layer_scan,8fba55cea0f98be36fab7b65349dda867a58aabfcf974a46098f5123830ac5cb
1280,17,UNKNOWN,10,bounded_layer_scan,8fba55cea0f98be36fab7b65349dda867a58aabfcf974a46098f5123830ac5cb
1280,18,UNKNOWN,10,bounded_layer_scan,8fba55cea0f98be36fab7b65349dda867a58aabfcf974a46098f5123830ac5cb
1281,17,UNKNOWN,10,bounded_layer_scan,8fba55cea0f98be36fab7b65349dda867a58aabfcf974a46098f5123830ac5cb
1281,18,UNKNOWN,10,bounded_layer_scan,8fba55cea0f98be36fab7b65349dda867a58aabfcf974a46098f5123830ac5cb
1282,17,UNKNOWN,10,bounded_layer_scan,8fba55cea0f98be36fab7b65349dda867a58aabfcf974a46098f5123830ac5cb
1282,18,SAT,10,bounded_layer_scan,930693a2c05044a788a8e398e59da1a3479133dc1508fa71772a0c6251c826b9
1283,17,UNKNOWN,10,bounded_layer_scan,8fba55cea0f98be36fab7b65349dda867a58aabfcf974a46098f5123830ac5cb
1283,18,UNKNOWN,10,bounded_layer_scan,8fba55cea0f98be36fab7b65349dda867a58aabfcf974a46098f5123830ac5cb
1284,17,UNKNOWN,10,bounded_layer_scan,8fba55cea0f98be36fab7b65349dda867a58aabfcf974a46098f5123830ac5cb
1284,18,UNKNOWN,10,bounded_layer_scan,8fba55cea0f98be36fab7b65349dda867a58aabfcf974a46098f5123830ac5cb
1285,17,UNKNOWN,10,bounded_layer_scan,8fba55cea0f98be36fab7b65349dda867a58aabfcf974a46098f5123830ac5cb
1285,18,UNKNOWN,10,bounded_layer_scan,8fba55cea0f98be36fab7b65349dda867a58aabfcf974a46098f5123830ac5cb
1286,17,UNKNOWN,10,bounded_layer_scan,8fba55cea0f98be36fab7b65349dda867a58aabfcf974a46098f5123830ac5cb
1286,18,UNKNOWN,10,bounded_layer_scan,8fba55cea0f98be36fab7b65349dda867a58aabfcf974a46098f5123830ac5cb
1287,17,UNKNOWN,10,bounded_layer_scan,8fba55cea0f98be36fab7b65349dda867a58aabfcf974a46098f5123830ac5cb
1287,18,UNKNOWN,10,bounded_layer_scan,8fba55cea0f98be36fab7b65349dda867a58aabfcf974a46098f5123830ac5cb
1288,17,UNKNOWN,10,bounded_layer_scan,8fba55cea0f98be36fab7b65349dda867a58aabfcf974a46098f5123830ac5cb
1288,18,UNKNOWN,10,bounded_layer_scan,8fba55cea0f98be36fab7b65349dda867a58aabfcf974a46098f5123830ac5cb
1289,17,UNKNOWN,10,bounded_layer_scan,8fba55cea0f98be36fab7b65349dda867a58aabfcf974a46098f5123830ac5cb
1289,18,UNKNOWN,10,bounded_layer_scan,8fba55cea0f98be36fab7b65349dda867a58aabfcf974a46098f5123830ac5cb
1290,17,SAT,10,bounded_layer_scan,0c6f2e1db7f60a53c92315f263381b1ff4f9c09a12cffb9f8773dafef23b527a
1290,18,UNKNOWN,10,bounded_layer_scan,8fba55cea0f98be36fab7b65349dda867a58aabfcf974a46098f5123830ac5cb
1291,17,UNKNOWN,10,bounded_layer_scan,8fba55cea0f98be36fab7b65349dda867a58aabfcf974a46098f5123830ac5cb
1291,18,UNKNOWN,10,bounded_layer_scan,8fba55cea0f98be36fab7b65349dda867a58aabfcf974a46098f5123830ac5cb
1292,17,UNKNOWN,10,bounded_layer_scan,8fba55cea0f98be36fab7b65349dda867a58aabfcf974a46098f5123830ac5cb
1292,18,UNKNOWN,10,bounded_layer_scan,8fba55cea0f98be36fab7b65349dda867a58aabfcf974a46098f5123830ac5cb
1293,17,UNKNOWN,10,bounded_layer_scan,8fba55cea0f98be36fab7b65349dda867a58aabfcf974a46098f5123830ac5cb
1293,18,UNKNOWN,10,bounded_layer_scan,8fba55cea0f98be36fab7b65349dda867a58aabfcf974a46098f5123830ac5cb
1294,17,UNKNOWN,10,bounded_layer_scan,8fba55cea0f98be36fab7b65349dda867a58aabfcf974a46098f5123830ac5cb
1294,18,UNKNOWN,10,bounded_layer_scan,8fba55cea0f98be36fab7b65349dda867a58aabfcf974a46098f5123830ac5cb
1295,17,UNKNOWN,10,bounded_layer_scan,8fba55cea0f98be36fab7b65349dda867a58aabfcf974a46098f5123830ac5cb
1295,18,UNKNOWN,10,bounded_layer_scan,8fba55cea0f98be36fab7b65349dda867a58aabfcf974a46098f5123830ac5cb
1296,17,UNKNOWN,10,bounded_layer_scan,8fba55cea0f98be36fab7b65349dda867a58aabfcf974a46098f5123830ac5cb
1296,18,UNKNOWN,10,bounded_layer_scan,8fba55cea0f98be36fab7b65349dda867a58aabfcf974a46098f5123830ac5cb
1297,17,UNKNOWN,10,bounded_layer_scan,8fba55cea0f98be36fab7b65349dda867a58aabfcf974a46098f5123830ac5cb
1297,18,UNKNOWN,10,bounded_layer_scan,8fba55cea0f98be36fab7b65349dda867a58aabfcf974a46098f5123830ac5cb
1298,17,UNKNOWN,10,bounded_layer_scan,8fba55cea0f98be36fab7b65349dda867a58aabfcf974a46098f5123830ac5cb
1298,18,UNKNOWN,10,bounded_layer_scan,8fba55cea0f98be36fab7b65349dda867a58aabfcf974a46098f5123830ac5cb
1299,17,UNKNOWN,10,bounded_layer_scan,8fba55cea0f98be36fab7b65349dda867a58aabfcf974a46098f5123830ac5cb
1299,18,UNKNOWN,10,bounded_layer_scan,8fba55cea0f98be36fab7b65349dda867a58aabfcf974a46098f5123830ac5cb
1300,17,UNKNOWN,10,bounded_layer_scan,8fba55cea0f98be36fab7b65349dda867a58aabfcf974a46098f5123830ac5cb
1300,18,UNKNOWN,10,bounded_layer_scan,8fba55cea0f98be36fab7b65349dda867a58aabfcf974a46098f5123830ac5cb
1301,17,UNKNOWN,10,bounded_layer_scan,8fba55cea0f98be36fab7b65349dda867a58aabfcf974a46098f5123830ac5cb
1301,18,UNKNOWN,10,bounded_layer_scan,8fba55cea0f98be36fab7b65349dda867a58aabfcf974a46098f5123830ac5cb
1302,17,UNKNOWN,10,bounded_layer_scan,8fba55cea0f98be36fab7b65349dda867a58aabfcf974a46098f5123830ac5cb
1302,18,UNKNOWN,10,bounded_layer_scan,8fba55cea0f98be36fab7b65349dda867a58aabfcf974a46098f5123830ac5cb
1303,17,UNKNOWN,10,bounded_layer_scan,8fba55cea0f98be36fab7b65349dda867a58aabfcf974a46098f5123830ac5cb
1303,18,UNKNOWN,10,bounded_layer_scan,8fba55cea0f98be36fab7b65349dda867a58aabfcf974a46098f5123830ac5cb
1304,17,UNKNOWN,10,bounded_layer_scan,8fba55cea0f98be36fab7b65349dda867a58aabfcf974a46098f5123830ac5cb
1304,18,UNKNOWN,10,bounded_layer_scan,8fba55cea0f98be36fab7b65349dda867a58aabfcf974a46098f5123830ac5cb
1305,17,UNKNOWN,10,bounded_layer_scan,8fba55cea0f98be36fab7b65349dda867a58aabfcf974a46098f5123830ac5cb
1305,18,UNKNOWN,10,bounded_layer_scan,8fba55cea0f98be36fab7b65349dda867a58aabfcf974a46098f5123830ac5cb
1306,17,UNKNOWN,10,bounded_layer_scan,8fba55cea0f98be36fab7b65349dda867a58aabfcf974a46098f5123830ac5cb
1306,18,UNKNOWN,10,bounded_layer_scan,8fba55cea0f98be36fab7b65349dda867a58aabfcf974a46098f5123830ac5cb
1307,17,UNKNOWN,10,bounded_layer_scan,8fba55cea0f98be36fab7b65349dda867a58aabfcf974a46098f5123830ac5cb
1307,18,UNKNOWN,10,bounded_layer_scan,8fba55cea0f98be36fab7b65349dda867a58aabfcf974a46098f5123830ac5cb
1308,17,UNKNOWN,10,bounded_layer_scan,8fba55cea0f98be36fab7b65349dda867a58aabfcf974a46098f5123830ac5cb
1308,18,UNKNOWN,10,bounded_layer_scan,8fba55cea0f98be36fab7b65349dda867a58aabfcf974a46098f5123830ac5cb
1309,17,UNKNOWN,10,bounded_layer_scan,8fba55cea0f98be36fab7b65349dda867a58aabfcf974a46098f5123830ac5cb
1309,18,UNKNOWN,10,bounded_layer_scan,8fba55cea0f98be36fab7b65349dda867a58aabfcf974a46098f5123830ac5cb
1310,17,UNKNOWN,10,bounded_layer_scan,8fba55cea0f98be36fab7b65349dda867a58aabfcf974a46098f5123830ac5cb
1310,18,UNKNOWN,10,bounded_layer_scan,8fba55cea0f98be36fab7b65349dda867a58aabfcf974a46098f5123830ac5cb
1311,17,UNKNOWN,10,bounded_layer_scan,8fba55cea0f98be36fab7b65349dda867a58aabfcf974a46098f5123830ac5cb
1311,18,UNKNOWN,10,bounded_layer_scan,8fba55cea0f98be36fab7b65349dda867a58aabfcf974a46098f5123830ac5cb
1312,17,UNKNOWN,10,bounded_layer_scan,8fba55cea0f98be36fab7b65349dda867a58aabfcf974a46098f5123830ac5cb
1312,18,UNKNOWN,10,bounded_layer_scan,8fba55cea0f98be36fab7b65349dda867a58aabfcf974a46098f5123830ac5cb
1313,17,UNKNOWN,10,bounded_layer_scan,8fba55cea0f98be36fab7b65349dda867a58aabfcf974a46098f5123830ac5cb
1313,18,UNKNOWN,10,bounded_layer_scan,8fba55cea0f98be36fab7b65349dda867a58aabfcf974a46098f5123830ac5cb
1314,17,UNKNOWN,10,bounded_layer_scan,8fba55cea0f98be36fab7b65349dda867a58aabfcf974a46098f5123830ac5cb
1314,18,UNKNOWN,10,bounded_layer_scan,8fba55cea0f98be36fab7b65349dda867a58aabfcf974a46098f5123830ac5cb
1315,17,UNKNOWN,10,bounded_layer_scan,8fba55cea0f98be36fab7b65349dda867a58aabfcf974a46098f5123830ac5cb
1315,18,UNKNOWN,10,bounded_layer_scan,8fba55cea0f98be36fab7b65349dda867a58aabfcf974a46098f5123830ac5cb
1316,17,UNKNOWN,10,bounded_layer_scan,8fba55cea0f98be36fab7b65349dda867a58aabfcf974a46098f5123830ac5cb
1316,18,UNKNOWN,10,bounded_layer_scan,8fba55cea0f98be36fab7b65349dda867a58aabfcf974a46098f5123830ac5cb
1317,17,UNKNOWN,10,bounded_layer_scan,8fba55cea0f98be36fab7b65349dda867a58aabfcf974a46098f5123830ac5cb
1317,18,UNKNOWN,10,bounded_layer_scan,8fba55cea0f98be36fab7b65349dda867a58aabfcf974a46098f5123830ac5cb
1318,17,UNKNOWN,10,bounded_layer_scan,8fba55cea0f98be36fab7b65349dda867a58aabfcf974a46098f5123830ac5cb
1318,18,UNKNOWN,10,bounded_layer_scan,8fba55cea0f98be36fab7b65349dda867a58aabfcf974a46098f5123830ac5cb
1319,17,UNKNOWN,10,bounded_layer_scan,8fba55cea0f98be36fab7b65349dda867a58aabfcf974a46098f5123830ac5cb
1319,18,UNKNOWN,10,bounded_layer_scan,8fba55cea0f98be36fab7b65349dda867a58aabfcf974a46098f5123830ac5cb
1320,17,UNKNOWN,10,bounded_layer_scan,8fba55cea0f98be36fab7b65349dda867a58aabfcf974a46098f5123830ac5cb
1320,18,UNKNOWN,10,bounded_layer_scan,8fba55cea0f98be36fab7b65349dda867a58aabfcf974a46098f5123830ac5cb
1321,17,UNKNOWN,10,bounded_layer_scan,8fba55cea0f98be36fab7b65349dda867a58aabfcf974a46098f5123830ac5cb
1321,18,UNKNOWN,10,bounded_layer_scan,8fba55cea0f98be36fab7b65349dda867a58aabfcf974a46098f5123830ac5cb
1322,17,UNKNOWN,10,bounded_layer_scan,8fba55cea0f98be36fab7b65349dda867a58aabfcf974a46098f5123830ac5cb
1322,18,UNKNOWN,10,bounded_layer_scan,8fba55cea0f98be36fab7b65349dda867a58aabfcf974a46098f5123830ac5cb
1323,17,UNKNOWN,10,bounded_layer_scan,8fba55cea0f98be36fab7b65349dda867a58aabfcf974a46098f5123830ac5cb
1323,18,UNKNOWN,10,bounded_layer_scan,8fba55cea0f98be36fab7b65349dda867a58aabfcf974a46098f5123830ac5cb
1324,17,UNKNOWN,10,bounded_layer_scan,8fba55cea0f98be36fab7b65349dda867a58aabfcf974a46098f5123830ac5cb
1324,18,UNKNOWN,10,bounded_layer_scan,8fba55cea0f98be36fab7b65349dda867a58aabfcf974a46098f5123830ac5cb
1325,17,UNKNOWN,10,bounded_layer_scan,8fba55cea0f98be36fab7b65349dda867a58aabfcf974a46098f5123830ac5cb
1325,18,SAT,10,bounded_layer_scan,770cad59ff9be043e44f4e950c2edec90e80d9caa838e23e2636755b8b936ce2
