c0,c1,c2,c3,L_lo,L_up,kernel_upper,d_lower,D_up,exact_realized,G28,margin_lo,margin_up,margin_final
0,1,1,29,3991995,3991995,2,1975240,1975240,1,3950494,-41501,-41501,-41501
0,1,3,27,4306635,4306635,2,2132560,2132560,1,4265137,-41498,-41498,-41498
0,1,5,25,4271675,4271675,2,2115080,2115080,1,4230179,-41496,-41496,-41496
0,1,7,23,4278667,4278667,2,2118576,2118576,1,4237167,-41500,-41500,-41500
0,1,9,21,4276539,4276539,2,2123288,2123288,1,4246593,-29946,-29946,-29946
0,1,11,19,4277451,4277451,2,2120128,2123744,1,4247501,-29950,-29950,-29950
0,1,13,17,4276923,4276923,2,2119864,2123688,1,4247391,-29532,-29532,-29532
0,1,15,15,4276363,4292747,2,2119584,2131600,0,4263217,-13146,-29530,-29530
0,1,17,13,4276923,4276923,2,2119864,2123688,1,4247391,-29532,-29532,-29532
0,1,19,11,4277451,4277451,2,2120128,2123744,1,4247501,-29950,-29950,-29950
0,1,21,9,4276539,4276539,2,2123288,2123288,1,4246593,-29946,-29946,-29946
0,1,23,7,4278667,4278667,2,2118576,2118576,1,4237167,-41500,-41500,-41500
0,1,25,5,4271675,4271675,2,2115080,2115080,1,4230179,-41496,-41496,-41496
0,1,27,3,4306635,4306635,2,2132560,2132560,1,4265137,-41498,-41498,-41498
0,1,29,1,3991995,3991995,2,1975240,1975240,1,3950494,-41501,-41501,-41501
0,3,1,27,4306635,4306635,2,2132560,2132560,1,4265137,-41498,-41498,-41498
0,3,3,25,4446475,4446475,2,2202480,2202480,1,4404973,-41502,-41502,-41502
0,3,5,23,4432491,4432491,2,2195488,2195488,1,4390994,-41497,-41497,-41497
0,3,7,21,4434923,4434923,2,2202480,2202480,1,4404973,-29950,-29950,-29950
0,3,9,19,4434315,4434315,2,2202176,2202176,1,4404366,-29949,-29949,-29949
0,3,11,17,4434507,4434507,2,2198656,2202480,1,4404973,-29534,-29534,-29534
0,3,13,15,4433963,4442155,2,2198384,2206304,0,4412622,-21341,-29533,-29533
0,3,15,13,4433963,4442155,2,2198384,2206304,0,4412622,-21341,-29533,-29533
0,3,17,11,4434507,4434507,2,2198656,2202480,1,4404973,-29534,-29534,-29534
0,3,19,9,4434315,4434315,2,2202176,2202176,1,4404366,-29949,-29949,-29949
0,3,21,7,4434923,4434923,2,2202480,2202480,1,4404973,-29950,-29950,-29950
0,3,23,5,4432491,4432491,2,2195488,2195488,1,4390994,-41497,-41497,-41497
0,3,25,3,4446475,4446475,2,2202480,2202480,1,4404973,-41502,-41502,-41502
0,3,27,1,4306635,4306635,2,2132560,2132560,1,4265137,-41498,-41498,-41498
0,5,1,25,4271675,4271675,2,2115080,2115080,1,4230179,-41496,-41496,-41496
0,5,3,23,4432491,4432491,2,2195488,2195488,1,4390994,-41497,-41497,-41497
0,5,5,21,4413947,4413947,2,2191992,2191992,1,4383998,-29949,-29949,-29949
0,5,7,19,4417899,4417899,2,2193968,2193968,1,4387950,-29949,-29949,-29949
0,5,9,17,4416571,4416571,2,2193512,2193512,1,4387039,-29532,-29532,-29532
0,5,11,15,4416747,4424939,2,2189776,2197696,0,4395407,-21340,-29532,-29532
0,5,13,13,4416763,4416763,2,2189784,2200600,1,4401217,-15546,-15546,-15546
0,5,15,11,4416747,4424939,2,2189776,2197696,0,4395407,-21340,-29532,-29532
0,5,17,9,4416571,4416571,2,2193512,2193512,1,4387039,-29532,-29532,-29532
0,5,19,7,4417899,4417899,2,2193968,2193968,1,4387950,-29949,-29949,-29949
0,5,21,5,4413947,4413947,2,2191992,2191992,1,4383998,-29949,-29949,-29949
0,5,23,3,4432491,4432491,2,2195488,2195488,1,4390994,-41497,-41497,-41497
0,5,25,1,4271675,4271675,2,2115080,2115080,1,4230179,-41496,-41496,-41496
0,7,1,23,4278667,4278667,2,2118576,2118576,1,4237167,-41500,-41500,-41500
0,7,3,21,4434923,4434923,2,2202480,2202480,1,4404973,-29950,-29950,-29950
0,7,5,19,4417899,4417899,2,2193968,2193968,1,4387950,-29949,-29949,-29949
0,7,7,17,4421131,4421131,2,2195888,2195888,1,4391792,-29339,-29339,-29339
0,7,9,15,4419787,4427979,2,2195120,2199216,0,4398446,-21341,-29533,-29533
0,7,11,13,4420523,4420523,2,2191664,2202480,1,4404973,-15550,-15550,-15550
0,7,13,11,4420523,4420523,2,2191664,2202480,1,4404973,-15550,-15550,-15550
0,7,15,9,4419787,4427979,2,2195120,2199216,0,4398446,-21341,-29533,-29533
0,7,17,7,4421131,4421131,2,2195888,2195888,1,4391792,-29339,-29339,-29339
0,7,19,5,4417899,4417899,2,2193968,2193968,1,4387950,-29949,-29949,-29949
0,7,21,3,4434923,4434923,2,2202480,2202480,1,4404973,-29950,-29950,-29950
0,7,23,1,4278667,4278667,2,2118576,2118576,1,4237167,-41500,-41500,-41500
0,9,1,21,4276539,4276539,2,2123288,2123288,1,4246593,-29946,-29946,-29946
0,9,3,19,4434315,4434315,2,2202176,2202176,1,4404366,-29949,-29949,-29949
0,9,5,17,4416571,4416571,2,2193512,2193512,1,4387039,-29532,-29532,-29532
0,9,7,15,4419787,4427979,2,2195120,2199216,0,4398446,-21341,-29533,-29533
0,9,9,13,4419003,4419003,2,2197848,2201720,1,4403455,-15548,-15548,-15548
0,9,11,11,4419723,4419723,2,2196048,2202080,1,4404173,-15550,-15550,-15550
0,9,13,9,4419003,4419003,2,2197848,2201720,1,4403455,-15548,-15548,-15548
0,9,15,7,4419787,4427979,2,2195120,2199216,0,4398446,-21341,-29533,-29533
0,9,17,5,4416571,4416571,2,2193512,2193512,1,4387039,-29532,-29532,-29532
0,9,19,3,4434315,4434315,2,2202176,2202176,1,4404366,-29949,-29949,-29949
0,9,21,1,4276539,4276539,2,2123288,2123288,1,4246593,-29946,-29946,-29946
0,11,1,19,4277451,4277451,2,2120128,2123744,1,4247501,-29950,-29950,-29950
0,11,3,17,4434507,4434507,2,2198656,2202480,1,4404973,-29534,-29534,-29534
0,11,5,15,4416747,4424939,2,2189776,2197696,0,4395407,-21340,-29532,-29532
0,11,7,13,4420523,4420523,2,2191664,2202480,1,4404973,-15550,-15550,-15550
0,11,9,11,4419723,4419723,2,2196048,2202080,1,4404173,-15550,-15550,-15550
0,11,11,9,4419723,4419723,2,2196048,2202080,1,4404173,-15550,-15550,-15550
0,11,13,7,4420523,4420523,2,2191664,2202480,1,4404973,-15550,-15550,-15550
0,11,15,5,4416747,4424939,2,2189776,2197696,0,4395407,-21340,-29532,-29532
0,11,17,3,4434507,4434507,2,2198656,2202480,1,4404973,-29534,-29534,-29534
0,11,19,1,4277451,4277451,2,2120128,2123744,1,4247501,-29950,-29950,-29950
0,13,1,17,4276923,4276923,2,2119864,2123688,1,4247391,-29532,-29532,-29532
0,13,3,15,4433963,4442155,2,2198384,2206304,0,4412622,-21341,-29533,-29533
0,13,5,13,4416763,4416763,2,2189784,2200600,1,4401217,-15546,-15546,-15546
0,13,7,11,4420523,4420523,2,2191664,2202480,1,4404973,-15550,-15550,-15550
0,13,9,9,4419003,4419003,2,2197848,2201720,1,4403455,-15548,-15548,-15548
0,13,11,7,4420523,4420523,2,2191664,2202480,1,4404973,-15550,-15550,-15550
0,13,13,5,4416763,4416763,2,2189784,2200600,1,4401217,-15546,-15546,-15546
0,13,15,3,4433963,4442155,2,2198384,2206304,0,4412622,-21341,-29533,-29533
0,13,17,1,4276923,4276923,2,2119864,2123688,1,4247391,-29532,-29532,-29532
0,15,1,15,4276363,4292747,2,2119584,2131600,0,4263217,-13146,-29530,-29530
0,15,3,13,4433963,4442155,2,2198384,2206304,0,4412622,-21341,-29533,-29533
0,15,5,11,4416747,4424939,2,2189776,2197696,0,4395407,-21340,-29532,-29532
0,15,7,9,4419787,4427979,2,2195120,2199216,0,4398446,-21341,-29533,-29533
0,15,9,7,4419787,4427979,2,2195120,2199216,0,4398446,-21341,-29533,-29533
0,15,11,5,4416747,4424939,2,2189776,2197696,0,4395407,-21340,-29532,-29532
0,15,13,3,4433963,4442155,2,2198384,2206304,0,4412622,-21341,-29533,-29533
0,15,15,1,4276363,4292747,2,2119584,2131600,0,4263217,-13146,-29530,-29530
0,17,1,13,4276923,4276923,2,2119864,2123688,1,4247391,-29532,-29532,-29532
0,17,3,11,4434507,4434507,2,2198656,2202480,1,4404973,-29534,-29534,-29534
0,17,5,9,4416571,4416571,2,2193512,2193512,1,4387039,-29532,-29532,-29532
0,17,7,7,4421131,4421131,2,2195888,2195888,1,4391792,-29339,-29339,-29339
0,17,9,5,4416571,4416571,2,2193512,2193512,1,4387039,-29532,-29532,-29532
0,17,11,3,4434507,4434507,2,2198656,2202480,1,4404973,-29534,-29534,-29534
0,17,13,1,4276923,4276923,2,2119864,2123688,1,4247391,-29532,-29532,-29532
0,19,1,11,4277451,4277451,2,2120128,2123744,1,4247501,-29950,-29950,-29950
0,19,3,9,4434315,4434315,2,2202176,2202176,1,4404366,-29949,-29949,-29949
0,19,5,7,4417899,4417899,2,2193968,2193968,1,4387950,-29949,-29949,-29949
0,19,7,5,4417899,4417899,2,2193968,2193968,1,4387950,-29949,-29949,-29949
0,19,9,3,4434315,4434315,2,2202176,2202176,1,4404366,-29949,-29949,-29949
0,19,11,1,4277451,4277451,2,2120128,2123744,1,4247501,-29950,-29950,-29950
0,21,1,9,4276539,4276539,2,2123288,2123288,1,4246593,-29946,-29946,-29946
0,21,3,7,4434923,4434923,2,2202480,2202480,1,4404973,-29950,-29950,-29950
0,21,5,5,4413947,4413947,2,2191992,2191992,1,4383998,-29949,-29949,-29949
0,21,7,3,4434923,4434923,2,2202480,2202480,1,4404973,-29950,-29950,-29950
0,21,9,1,4276539,4276539,2,2123288,2123288,1,4246593,-29946,-29946,-29946
0,23,1,7,4278667,4278667,2,2118576,2118576,1,4237167,-41500,-41500,-41500
0,23,3,5,4432491,4432491,2,2195488,2195488,1,4390994,-41497,-41497,-41497
0,23,5,3,4432491,4432491,2,2195488,2195488,1,4390994,-41497,-41497,-41497
0,23,7,1,4278667,4278667,2,2118576,2118576,1,4237167,-41500,-41500,-41500
0,25,1,5,4271675,4271675,2,2115080,2115080,1,4230179,-41496,-41496,-41496
0,25,3,3,4446475,4446475,2,2202480,2202480,1,4404973,-41502,-41502,-41502
0,25,5,1,4271675,4271675,2,2115080,2115080,1,4230179,-41496,-41496,-41496
0,27,1,3,4306635,4306635,2,2132560,2132560,1,4265137,-41498,-41498,-41498
0,27,3,1,4306635,4306635,2,2132560,2132560,1,4265137,-41498,-41498,-41498
0,29,1,1,3991995,3991995,2,1975240,1975240,1,3950494,-41501,-41501,-41501
1,0,2,28,4149315,4149315,2,2045160,2045160,1,4090332,-58983,-58983,-58983
1,0,4,26,4289155,4289155,2,2115080,2115080,1,4230179,-58976,-58976,-58976
1,0,6,24,4275171,4275171,2,2108088,2108088,1,4216192,-58979,-58979,-58979
1,0,8,22,4277603,4277603,2,2123192,2123288,1,4246593,-31010,-31010,-31010
1,0,10,20,4276995,4276995,2,2122888,2122984,1,4245984,-31011,-31011,-31011
1,0,12,18,4277187,4277187,2,2116040,2123688,1,4247391,-29796,-29796,-29796
1,0,14,16,4276643,4284835,2,2115768,2127512,0,4255039,-21604,-29796,-29795
1,0,16,14,4276643,4284835,2,2115768,2127512,0,4255039,-21604,-29796,-29795
1,0,18,12,4277187,4277187,2,2116040,2123688,1,4247391,-29796,-29796,-29796
1,0,20,10,4276995,4276995,2,2122888,2122984,1,4245984,-31011,-31011,-31011
1,0,22,8,4277603,4277603,2,2123192,2123288,1,4246593,-31010,-31010,-31010
1,0,24,6,4275171,4275171,2,2108088,2108088,1,4216192,-58979,-58979,-58979
1,0,26,4,4289155,4289155,2,2115080,2115080,1,4230179,-58976,-58976,-58976
1,0,28,2,4149315,4149315,2,2045160,2045160,1,4090332,-58983,-58983,-58983
1,2,0,28,4149315,4149315,2,2045160,2045160,1,4090332,-58983,-58983,-58983
1,2,2,26,4463955,4463955,2,2202480,2202480,1,4404973,-58982,-58982,-58982
1,2,4,24,4428995,4428995,2,2185000,2185000,1,4370015,-58980,-58980,-58980
1,2,6,22,4435987,4435987,2,2195488,2195488,1,4390994,-44993,-44993,-44993
1,2,8,20,4433859,4433859,2,2201320,2201416,1,4402847,-31012,-31012,-31012
1,2,10,18,4434771,4434771,2,2198656,2202176,1,4404366,-30405,-30405,-30405
1,2,12,16,4434243,4434243,2,2194568,2202216,1,4404447,-29796,-29796,-29796
1,2,14,14,4433683,4450067,2,2194288,2210392,0,4420798,-12885,-29269,-29268
1,2,16,12,4434243,4434243,2,2194568,2202216,1,4404447,-29796,-29796,-29796
1,2,18,10,4434771,4434771,2,2198656,2202176,1,4404366,-30405,-30405,-30405
1,2,20,8,4433859,4433859,2,2201320,2201416,1,4402847,-31012,-31012,-31012
1,2,22,6,4435987,4435987,2,2195488,2195488,1,4390994,-44993,-44993,-44993
1,2,24,4,4428995,4428995,2,2185000,2185000,1,4370015,-58980,-58980,-58980
1,2,26,2,4463955,4463955,2,2202480,2202480,1,4404973,-58982,-58982,-58982
1,2,28,0,4149315,4149315,2,2045160,2045160,1,4090332,-58983,-58983,-58983
1,4,0,26,4289155,4289155,2,2115080,2115080,1,4230179,-58976,-58976,-58976
1,4,2,24,4428995,4428995,2,2185000,2185000,1,4370015,-58980,-58980,-58980
1,4,4,22,4415011,4415011,2,2185000,2185000,1,4370015,-44996,-44996,-44996
1,4,6,20,4417443,4417443,2,2193112,2193208,1,4386429,-31014,-31014,-31014
1,4,8,18,4416835,4416835,2,2192808,2193208,1,4386429,-30406,-30406,-30406
1,4,10,16,4417027,4417027,2,2189784,2193608,1,4387231,-29796,-29796,-29796
1,4,12,14,4416483,4424675,2,2185688,2197696,0,4395407,-21076,-29268,-29268
1,4,14,12,4416483,4424675,2,2185688,2197696,0,4395407,-21076,-29268,-29268
1,4,16,10,4417027,4417027,2,2189784,2193608,1,4387231,-29796,-29796,-29796
1,4,18,8,4416835,4416835,2,2192808,2193208,1,4386429,-30406,-30406,-30406
1,4,20,6,4417443,4417443,2,2193112,2193208,1,4386429,-31014,-31014,-31014
1,4,22,4,4415011,4415011,2,2185000,2185000,1,4370015,-44996,-44996,-44996
1,4,24,2,4428995,4428995,2,2185000,2185000,1,4370015,-58980,-58980,-58980
1,4,26,0,4289155,4289155,2,2115080,2115080,1,4230179,-58976,-58976,-58976
1,6,0,24,4275171,4275171,2,2108088,2108088,1,4216192,-58979,-58979,-58979
1,6,2,22,4435987,4435987,2,2195488,2195488,1,4390994,-44993,-44993,-44993
1,6,4,20,4417443,4417443,2,2193112,2193208,1,4386429,-31014,-31014,-31014
1,6,6,18,4421395,4421395,2,2195088,2195488,1,4390994,-30401,-30401,-30401
1,6,8,16,4420067,4420067,2,2194424,2195128,1,4390268,-29799,-29799,-29799
1,6,10,14,4420243,4428435,2,2191392,2199576,0,4399170,-21073,-29265,-29264
1,6,12,12,4420259,4420259,2,2187576,2195488,1,4390994,-29265,-29265,-29265
1,6,14,10,4420243,4428435,2,2191392,2199576,0,4399170,-21073,-29265,-29264
1,6,16,8,4420067,4420067,2,2194424,2195128,1,4390268,-29799,-29799,-29799
1,6,18,6,4421395,4421395,2,2195088,2195488,1,4390994,-30401,-30401,-30401
1,6,20,4,4417443,4417443,2,2193112,2193208,1,4386429,-31014,-31014,-31014
1,6,22,2,4435987,4435987,2,2195488,2195488,1,4390994,-44993,-44993,-44993
1,6,24,0,4275171,4275171,2,2108088,2108088,1,4216192,-58979,-58979,-58979
1,8,0,22,4277603,4277603,2,2123192,2123288,1,4246593,-31010,-31010,-31010
1,8,2,20,4433859,4433859,2,2201320,2201416,1,4402847,-31012,-31012,-31012
1,8,4,18,4416835,4416835,2,2192808,2193208,1,4386429,-30406,-30406,-30406
1,8,6,16,4420067,4420067,2,2194424,2195128,1,4390268,-29799,-29799,-29799
1,8,8,14,4418723,4426915,2,2193752,2205512,0,4411039,-7684,-15876,-15876
1,8,10,12,4419459,4419459,2,2194120,2201816,1,4403647,-15812,-15812,-15812
1,8,12,10,4419459,4419459,2,2194120,2201816,1,4403647,-15812,-15812,-15812
1,8,14,8,4418723,4426915,2,2193752,2205512,0,4411039,-7684,-15876,-15876
1,8,16,6,4420067,4420067,2,2194424,2195128,1,4390268,-29799,-29799,-29799
1,8,18,4,4416835,4416835,2,2192808,2193208,1,4386429,-30406,-30406,-30406
1,8,20,2,4433859,4433859,2,2201320,2201416,1,4402847,-31012,-31012,-31012
1,8,22,0,4277603,4277603,2,2123192,2123288,1,4246593,-31010,-31010,-31010
1,10,0,20,4276995,4276995,2,2122888,2122984,1,4245984,-31011,-31011,-31011
1,10,2,18,4434771,4434771,2,2198656,2202176,1,4404366,-30405,-30405,-30405
1,10,4,16,4417027,4417027,2,2189784,2193608,1,4387231,-29796,-29796,-29796
1,10,6,14,4420243,4428435,2,2191392,2199576,0,4399170,-21073,-29265,-29264
1,10,8,12,4419459,4419459,2,2194120,2201816,1,4403647,-15812,-15812,-15812
1,10,10,10,4420179,4420179,2,2194480,2202176,1,4404366,-15813,-15813,-15813
1,10,12,8,4419459,4419459,2,2194120,2201816,1,4403647,-15812,-15812,-15812
1,10,14,6,4420243,4428435,2,2191392,2199576,0,4399170,-21073,-29265,-29264
1,10,16,4,4417027,4417027,2,2189784,2193608,1,4387231,-29796,-29796,-29796
1,10,18,2,4434771,4434771,2,2198656,2202176,1,4404366,-30405,-30405,-30405
1,10,20,0,4276995,4276995,2,2122888,2122984,1,4245984,-31011,-31011,-31011
1,12,0,18,4277187,4277187,2,2116040,2123688,1,4247391,-29796,-29796,-29796
1,12,2,16,4434243,4434243,2,2194568,2202216,1,4404447,-29796,-29796,-29796
1,12,4,14,4416483,4424675,2,2185688,2197696,0,4395407,-21076,-29268,-29268
1,12,6,12,4420259,4420259,2,2187576,2195488,1,4390994,-29265,-29265,-29265
1,12,8,10,4419459,4419459,2,2194120,2201816,1,4403647,-15812,-15812,-15812
1,12,10,8,4419459,4419459,2,2194120,2201816,1,4403647,-15812,-15812,-15812
1,12,12,6,4420259,4420259,2,2187576,2195488,1,4390994,-29265,-29265,-29265
1,12,14,4,4416483,4424675,2,2185688,2197696,0,4395407,-21076,-29268,-29268
1,12,16,2,4434243,4434243,2,2194568,2202216,1,4404447,-29796,-29796,-29796
1,12,18,0,4277187,4277187,2,2116040,2123688,1,4247391,-29796,-29796,-29796
1,14,0,16,4276643,4284835,2,2115768,2127512,0,4255039,-21604,-29796,-29795
1,14,2,14,4433683,4450067,2,2194288,2210392,0,4420798,-12885,-29269,-29268
1,14,4,12,4416483,4424675,2,2185688,2197696,0,4395407,-21076,-29268,-29268
1,14,6,10,4420243,4428435,2,2191392,2199576,0,4399170,-21073,-29265,-29264
1,14,8,8,4418723,4426915,2,2193752,2205512,0,4411039,-7684,-15876,-15876
1,14,10,6,4420243,4428435,2,2191392,2199576,0,4399170,-21073,-29265,-29264
1,14,12,4,4416483,4424675,2,2185688,2197696,0,4395407,-21076,-29268,-29268
1,14,14,2,4433683,4450067,2,2194288,2210392,0,4420798,-12885,-29269,-29268
1,14,16,0,4276643,4284835,2,2115768,2127512,0,4255039,-21604,-29796,-29795
1,16,0,14,4276643,4284835,2,2115768,2127512,0,4255039,-21604,-29796,-29795
1,16,2,12,4434243,4434243,2,2194568,2202216,1,4404447,-29796,-29796,-29796
1,16,4,10,4417027,4417027,2,2189784,2193608,1,4387231,-29796,-29796,-29796
1,16,6,8,4420067,4420067,2,2194424,2195128,1,4390268,-29799,-29799,-29799
1,16,8,6,4420067,4420067,2,2194424,2195128,1,4390268,-29799,-29799,-29799
1,16,10,4,4417027,4417027,2,2189784,2193608,1,4387231,-29796,-29796,-29796
1,16,12,2,4434243,4434243,2,2194568,2202216,1,4404447,-29796,-29796,-29796
1,16,14,0,4276643,4284835,2,2115768,2127512,0,4255039,-21604,-29796,-29795
1,18,0,12,4277187,4277187,2,2116040,2123688,1,4247391,-29796,-29796,-29796
1,18,2,10,4434771,4434771,2,2198656,2202176,1,4404366,-30405,-30405,-30405
1,18,4,8,4416835,4416835,2,2192808,2193208,1,4386429,-30406,-30406,-30406
1,18,6,6,4421395,4421395,2,2195088,2195488,1,4390994,-30401,-30401,-30401
1,18,8,4,4416835,4416835,2,2192808,2193208,1,4386429,-30406,-30406,-30406
1,18,10,2,4434771,4434771,2,2198656,2202176,1,4404366,-30405,-30405,-30405
1,18,12,0,4277187,4277187,2,2116040,2123688,1,4247391,-29796,-29796,-29796
1,20,0,10,4276995,4276995,2,2122888,2122984,1,4245984,-31011,-31011,-31011
1,20,2,8,4433859,4433859,2,2201320,2201416,1,4402847,-31012,-31012,-31012
1,20,4,6,4417443,4417443,2,2193112,2193208,1,4386429,-31014,-31014,-31014
1,20,6,4,4417443,4417443,2,2193112,2193208,1,4386429,-31014,-31014,-31014
1,20,8,2,4433859,4433859,2,2201320,2201416,1,4402847,-31012,-31012,-31012
1,20,10,0,4276995,4276995,2,2122888,2122984,1,4245984,-31011,-31011,-31011
1,22,0,8,4277603,4277603,2,2123192,2123288,1,4246593,-31010,-31010,-31010
1,22,2,6,4435987,4435987,2,2195488,2195488,1,4390994,-44993,-44993,-44993
1,22,4,4,4415011,4415011,2,2185000,2185000,1,4370015,-44996,-44996,-44996
1,22,6,2,4435987,4435987,2,2195488,2195488,1,4390994,-44993,-44993,-44993
1,22,8,0,4277603,4277603,2,2123192,2123288,1,4246593,-31010,-31010,-31010
1,24,0,6,4275171,4275171,2,2108088,2108088,1,4216192,-58979,-58979,-58979
1,24,2,4,4428995,4428995,2,2185000,2185000,1,4370015,-58980,-58980,-58980
1,24,4,2,4428995,4428995,2,2185000,2185000,1,4370015,-58980,-58980,-58980
1,24,6,0,4275171,4275171,2,2108088,2108088,1,4216192,-58979,-58979,-58979
1,26,0,4,4289155,4289155,2,2115080,2115080,1,4230179,-58976,-58976,-58976
1,26,2,2,4463955,4463955,2,2202480,2202480,1,4404973,-58982,-58982,-58982
1,26,4,0,4289155,4289155,2,2115080,2115080,1,4230179,-58976,-58976,-58976
1,28,0,2,4149315,4149315,2,2045160,2045160,1,4090332,-58983,-58983,-58983
1,28,2,0,4149315,4149315,2,2045160,2045160,1,4090332,-58983,-58983,-58983
2,1,1,27,4306635,4306635,2,2132560,2132560,1,4265137,-41498,-41498,-41498
2,1,3,25,4446475,4446475,2,2202480,2202480,1,4404973,-41502,-41502,-41502
2,1,5,23,4432491,4432491,2,2195488,2195488,1,4390994,-41497,-41497,-41497
2,1,7,21,4434923,4434923,2,2202480,2202480,1,4404973,-29950,-29950,-29950
2,1,9,19,4434315,4434315,2,2202176,2202176,1,4404366,-29949,-29949,-29949
2,1,11,17,4434507,4434507,2,2198656,2202480,1,4404973,-29534,-29534,-29534
2,1,13,15,4433963,4442155,2,2198384,2206304,0,4412622,-21341,-29533,-29533
2,1,15,13,4433963,4442155,2,2198384,2206304,0,4412622,-21341,-29533,-29533
2,1,17,11,4434507,4434507,2,2198656,2202480,1,4404973,-29534,-29534,-29534
2,1,19,9,4434315,4434315,2,2202176,2202176,1,4404366,-29949,-29949,-29949
2,1,21,7,4434923,4434923,2,2202480,2202480,1,4404973,-29950,-29950,-29950
2,1,23,5,4432491,4432491,2,2195488,2195488,1,4390994,-41497,-41497,-41497
2,1,25,3,4446475,4446475,2,2202480,2202480,1,4404973,-41502,-41502,-41502
2,1,27,1,4306635,4306635,2,2132560,2132560,1,4265137,-41498,-41498,-41498
2,3,1,25,4446475,4446475,2,2202480,2202480,1,4404973,-41502,-41502,-41502
2,3,3,23,4411515,4411515,2,2183784,2183784,1,4367584,-43931,-43931,-43931
2,3,5,21,4418507,4418507,2,2187280,2187280,1,4374578,-43929,-43929,-43929
2,3,7,19,4416379,4416379,2,2193112,2193112,1,4386237,-30142,-30142,-30142
2,3,9,17,4417291,4417291,2,2190144,2193568,1,4387150,-30141,-30141,-30141
2,3,11,15,4416763,4416763,2,2189784,2193608,1,4387231,-29532,-29532,-29532
2,3,13,13,4416203,4432587,2,2189504,2201520,0,4403053,-13150,-29534,-29533
2,3,15,11,4416763,4416763,2,2189784,2193608,1,4387231,-29532,-29532,-29532
2,3,17,9,4417291,4417291,2,2190144,2193568,1,4387150,-30141,-30141,-30141
2,3,19,7,4416379,4416379,2,2193112,2193112,1,4386237,-30142,-30142,-30142
2,3,21,5,4418507,4418507,2,2187280,2187280,1,4374578,-43929,-43929,-43929
2,3,23,3,4411515,4411515,2,2183784,2183784,1,4367584,-43931,-43931,-43931
2,3,25,1,4446475,4446475,2,2202480,2202480,1,4404973,-41502,-41502,-41502
2,5,1,23,4432491,4432491,2,2195488,2195488,1,4390994,-41497,-41497,-41497
2,5,3,21,4418507,4418507,2,2187280,2187280,1,4374578,-43929,-43929,-43929
2,5,5,19,4420939,4420939,2,2195488,2195488,1,4390994,-29945,-29945,-29945
2,5,7,17,4420331,4420331,2,2195088,2195088,1,4390189,-30142,-30142,-30142
2,5,9,15,4420523,4420523,2,2191760,2195488,1,4390994,-29529,-29529,-29529
2,5,11,13,4419979,4428171,2,2191392,2199312,0,4398639,-21340,-29532,-29532
2,5,13,11,4419979,4428171,2,2191392,2199312,0,4398639,-21340,-29532,-29532
2,5,15,9,4420523,4420523,2,2191760,2195488,1,4390994,-29529,-29529,-29529
2,5,17,7,4420331,4420331,2,2195088,2195088,1,4390189,-30142,-30142,-30142
2,5,19,5,4420939,4420939,2,2195488,2195488,1,4390994,-29945,-29945,-29945
2,5,21,3,4418507,4418507,2,2187280,2187280,1,4374578,-43929,-43929,-43929
2,5,23,1,4432491,4432491,2,2195488,2195488,1,4390994,-41497,-41497,-41497
2,7,1,21,4434923,4434923,2,2202480,2202480,1,4404973,-29950,-29950,-29950
2,7,3,19,4416379,4416379,2,2193112,2193112,1,4386237,-30142,-30142,-30142
2,7,5,17,4420331,4420331,2,2195088,2195088,1,4390189,-30142,-30142,-30142
2,7,7,15,4419003,4419003,2,2197848,2201416,1,4402847,-16156,-16156,-16156
2,7,9,13,4419179,4427371,2,2194560,2205600,0,4411213,-7966,-16158,-16158
2,7,11,11,4419195,4419195,2,2194568,2201816,1,4403647,-15548,-15548,-15548
2,7,13,9,4419179,4427371,2,2194560,2205600,0,4411213,-7966,-16158,-16158
2,7,15,7,4419003,4419003,2,2197848,2201416,1,4402847,-16156,-16156,-16156
2,7,17,5,4420331,4420331,2,2195088,2195088,1,4390189,-30142,-30142,-30142
2,7,19,3,4416379,4416379,2,2193112,2193112,1,4386237,-30142,-30142,-30142
2,7,21,1,4434923,4434923,2,2202480,2202480,1,4404973,-29950,-29950,-29950
2,9,1,19,4434315,4434315,2,2202176,2202176,1,4404366,-29949,-29949,-29949
2,9,3,17,4417291,4417291,2,2190144,2193568,1,4387150,-30141,-30141,-30141
2,9,5,15,4420523,4420523,2,2191760,2195488,1,4390994,-29529,-29529,-29529
2,9,7,13,4419179,4427371,2,2194560,2205600,0,4411213,-7966,-16158,-16158
2,9,9,11,4419915,4419915,2,2194928,2202176,1,4404366,-15549,-15549,-15549
2,9,11,9,4419915,4419915,2,2194928,2202176,1,4404366,-15549,-15549,-15549
2,9,13,7,4419179,4427371,2,2194560,2205600,0,4411213,-7966,-16158,-16158
2,9,15,5,4420523,4420523,2,2191760,2195488,1,4390994,-29529,-29529,-29529
2,9,17,3,4417291,4417291,2,2190144,2193568,1,4387150,-30141,-30141,-30141
2,9,19,1,4434315,4434315,2,2202176,2202176,1,4404366,-29949,-29949,-29949
2,11,1,17,4434507,4434507,2,2198656,2202480,1,4404973,-29534,-29534,-29534
2,11,3,15,4416763,4416763,2,2189784,2193608,1,4387231,-29532,-29532,-29532
2,11,5,13,4419979,4428171,2,2191392,2199312,0,4398639,-21340,-29532,-29532
2,11,7,11,4419195,4419195,2,2194568,2201816,1,4403647,-15548,-15548,-15548
2,11,9,9,4419915,4419915,2,2194928,2202176,1,4404366,-15549,-15549,-15549
2,11,11,7,4419195,4419195,2,2194568,2201816,1,4403647,-15548,-15548,-15548
2,11,13,5,4419979,4428171,2,2191392,2199312,0,4398639,-21340,-29532,-29532
2,11,15,3,4416763,4416763,2,2189784,2193608,1,4387231,-29532,-29532,-29532
2,11,17,1,4434507,4434507,2,2198656,2202480,1,4404973,-29534,-29534,-29534
2,13,1,15,4433963,4442155,2,2198384,2206304,0,4412622,-21341,-29533,-29533
2,13,3,13,4416203,4432587,2,2189504,2201520,0,4403053,-13150,-29534,-29533
2,13,5,11,4419979,4428171,2,2191392,2199312,0,4398639,-21340,-29532,-29532
2,13,7,9,4419179,4427371,2,2194560,2205600,0,4411213,-7966,-16158,-16158
2,13,9,7,4419179,4427371,2,2194560,2205600,0,4411213,-7966,-16158,-16158
2,13,11,5,4419979,4428171,2,2191392,2199312,0,4398639,-21340,-29532,-29532
2,13,13,3,4416203,4432587,2,2189504,2201520,0,4403053,-13150,-29534,-29533
2,13,15,1,4433963,4442155,2,2198384,2206304,0,4412622,-21341,-29533,-29533
2,15,1,13,4433963,4442155,2,2198384,2206304,0,4412622,-21341,-29533,-29533
2,15,3,11,4416763,4416763,2,2189784,2193608,1,4387231,-29532,-29532,-29532
2,15,5,9,4420523,4420523,2,2191760,2195488,1,4390994,-29529,-29529,-29529
2,15,7,7,4419003,4419003,2,2197848,2201416,1,4402847,-16156,-16156,-16156
2,15,9,5,4420523,4420523,2,2191760,2195488,1,4390994,-29529,-29529,-29529
2,15,11,3,4416763,4416763,2,2189784,2193608,1,4387231,-29532,-29532,-29532
2,15,13,1,4433963,4442155,2,2198384,2206304,0,4412622,-21341,-29533,-29533
2,17,1,11,4434507,4434507,2,2198656,2202480,1,4404973,-29534,-29534,-29534
2,17,3,9,4417291,4417291,2,2190144,2193568,1,4387150,-30141,-30141,-30141
2,17,5,7,4420331,4420331,2,2195088,2195088,1,4390189,-30142,-30142,-30142
2,17,7,5,4420331,4420331,2,2195088,2195088,1,4390189,-30142,-30142,-30142
2,17,9,3,4417291,4417291,2,2190144,2193568,1,4387150,-30141,-30141,-30141
2,17,11,1,4434507,4434507,2,2198656,2202480,1,4404973,-29534,-29534,-29534
2,19,1,9,4434315,4434315,2,2202176,2202176,1,4404366,-29949,-29949,-29949
2,19,3,7,4416379,4416379,2,2193112,2193112,1,4386237,-30142,-30142,-30142
2,19,5,5,4420939,4420939,2,2195488,2195488,1,4390994,-29945,-29945,-29945
2,19,7,3,4416379,4416379,2,2193112,2193112,1,4386237,-30142,-30142,-30142
2,19,9,1,4434315,4434315,2,2202176,2202176,1,4404366,-29949,-29949,-29949
2,21,1,7,4434923,4434923,2,2202480,2202480,1,4404973,-29950,-29950,-29950
2,21,3,5,4418507,4418507,2,2187280,2187280,1,4374578,-43929,-43929,-43929
2,21,5,3,4418507,4418507,2,2187280,2187280,1,4374578,-43929,-43929,-43929
2,21,7,1,4434923,4434923,2,2202480,2202480,1,4404973,-29950,-29950,-29950
2,23,1,5,4432491,4432491,2,2195488,2195488,1,4390994,-41497,-41497,-41497
2,23,3,3,4411515,4411515,2,2183784,2183784,1,4367584,-43931,-43931,-43931
2,23,5,1,4432491,4432491,2,2195488,2195488,1,4390994,-41497,-41497,-41497
2,25,1,3,4446475,4446475,2,2202480,2202480,1,4404973,-41502,-41502,-41502
2,25,3,1,4446475,4446475,2,2202480,2202480,1,4404973,-41502,-41502,-41502
2,27,1,1,4306635,4306635,2,2132560,2132560,1,4265137,-41498,-41498,-41498
3,0,2,26,4289155,4289155,2,2115080,2115080,1,4230179,-58976,-58976,-58976
3,0,4,24,4449971,4449971,2,2195488,2195488,1,4390994,-58977,-58977,-58977
3,0,6,22,4431427,4431427,2,2200104,2200200,1,4400417,-31010,-31010,-31010
3,0,8,20,4435379,4435379,2,2202080,2202176,1,4404366,-31013,-31013,-31013
3,0,10,18,4434051,4434051,2,2201416,2202120,1,4404257,-29794,-29794,-29794
3,0,12,16,4434227,4442419,2,2194560,2206304,0,4412622,-21605,-29797,-29797
3,0,14,14,4434243,4434243,2,2194568,2202480,1,4404973,-29270,-29270,-29270
3,0,16,12,4434227,4442419,2,2194560,2206304,0,4412622,-21605,-29797,-29797
3,0,18,10,4434051,4434051,2,2201416,2202120,1,4404257,-29794,-29794,-29794
3,0,20,8,4435379,4435379,2,2202080,2202176,1,4404366,-31013,-31013,-31013
3,0,22,6,4431427,4431427,2,2200104,2200200,1,4400417,-31010,-31010,-31010
3,0,24,4,4449971,4449971,2,2195488,2195488,1,4390994,-58977,-58977,-58977
3,0,26,2,4289155,4289155,2,2115080,2115080,1,4230179,-58976,-58976,-58976
3,2,0,26,4289155,4289155,2,2115080,2115080,1,4230179,-58976,-58976,-58976
3,2,2,24,4428995,4428995,2,2185000,2185000,1,4370015,-58980,-58980,-58980
3,2,4,22,4415011,4415011,2,2185000,2185000,1,4370015,-44996,-44996,-44996
3,2,6,20,4417443,4417443,2,2193112,2193208,1,4386429,-31014,-31014,-31014
3,2,8,18,4416835,4416835,2,2192808,2193208,1,4386429,-30406,-30406,-30406
3,2,10,16,4417027,4417027,2,2189784,2193608,1,4387231,-29796,-29796,-29796
3,2,12,14,4416483,4424675,2,2185688,2197696,0,4395407,-21076,-29268,-29268
3,2,14,12,4416483,4424675,2,2185688,2197696,0,4395407,-21076,-29268,-29268
3,2,16,10,4417027,4417027,2,2189784,2193608,1,4387231,-29796,-29796,-29796
3,2,18,8,4416835,4416835,2,2192808,2193208,1,4386429,-30406,-30406,-30406
3,2,20,6,4417443,4417443,2,2193112,2193208,1,4386429,-31014,-31014,-31014
3,2,22,4,4415011,4415011,2,2185000,2185000,1,4370015,-44996,-44996,-44996
3,2,24,2,4428995,4428995,2,2185000,2185000,1,4370015,-58980,-58980,-58980
3,2,26,0,4289155,4289155,2,2115080,2115080,1,4230179,-58976,-58976,-58976
3,4,0,24,4449971,4449971,2,2195488,2195488,1,4390994,-58977,-58977,-58977
3,4,2,22,4415011,4415011,2,2185000,2185000,1,4370015,-44996,-44996,-44996
3,4,4,20,4422003,4422003,2,2188800,2188800,1,4377612,-44391,-44391,-44391
3,4,6,18,4419875,4419875,2,2194328,2194728,1,4389470,-30405,-30405,-30405
3,4,8,16,4420787,4420787,2,2191360,2195488,1,4390994,-29793,-29793,-29793
3,4,10,14,4420259,4420259,2,2191400,2195488,1,4390994,-29265,-29265,-29265
3,4,12,12,4419699,4436083,2,2187296,2203136,0,4406283,-13416,-29800,-29799
3,4,14,10,4420259,4420259,2,2191400,2195488,1,4390994,-29265,-29265,-29265
3,4,16,8,4420787,4420787,2,2191360,2195488,1,4390994,-29793,-29793,-29793
3,4,18,6,4419875,4419875,2,2194328,2194728,1,4389470,-30405,-30405,-30405
3,4,20,4,4422003,4422003,2,2188800,2188800,1,4377612,-44391,-44391,-44391
3,4,22,2,4415011,4415011,2,2185000,2185000,1,4370015,-44996,-44996,-44996
3,4,24,0,4449971,4449971,2,2195488,2195488,1,4390994,-58977,-58977,-58977
3,6,0,22,4431427,4431427,2,2200104,2200200,1,4400417,-31010,-31010,-31010
3,6,2,20,4417443,4417443,2,2193112,2193208,1,4386429,-31014,-31014,-31014
3,6,4,18,4419875,4419875,2,2194328,2194728,1,4389470,-30405,-30405,-30405
3,6,6,16,4419267,4419267,2,2194024,2201416,1,4402847,-16420,-16420,-16420
3,6,8,14,4419459,4419459,2,2194120,2201816,1,4403647,-15812,-15812,-15812
3,6,10,12,4418915,4427107,2,2193848,2205640,0,4411294,-7621,-15813,-15813
3,6,12,10,4418915,4427107,2,2193848,2205640,0,4411294,-7621,-15813,-15813
3,6,14,8,4419459,4419459,2,2194120,2201816,1,4403647,-15812,-15812,-15812
3,6,16,6,4419267,4419267,2,2194024,2201416,1,4402847,-16420,-16420,-16420
3,6,18,4,4419875,4419875,2,2194328,2194728,1,4389470,-30405,-30405,-30405
3,6,20,2,4417443,4417443,2,2193112,2193208,1,4386429,-31014,-31014,-31014
3,6,22,0,4431427,4431427,2,2200104,2200200,1,4400417,-31010,-31010,-31010
3,8,0,20,4435379,4435379,2,2202080,2202176,1,4404366,-31013,-31013,-31013
3,8,2,18,4416835,4416835,2,2192808,2193208,1,4386429,-30406,-30406,-30406
3,8,4,16,4420787,4420787,2,2191360,2195488,1,4390994,-29793,-29793,-29793
3,8,6,14,4419459,4419459,2,2194120,2201816,1,4403647,-15812,-15812,-15812
3,8,8,12,4419635,4427827,2,2194208,2205696,0,4411403,-8232,-16424,-16424
3,8,10,10,4419651,4419651,2,2194216,2201912,1,4403839,-15812,-15812,-15812
3,8,12,8,4419635,4427827,2,2194208,2205696,0,4411403,-8232,-16424,-16424
3,8,14,6,4419459,4419459,2,2194120,2201816,1,4403647,-15812,-15812,-15812
3,8,16,4,4420787,4420787,2,2191360,2195488,1,4390994,-29793,-29793,-29793
3,8,18,2,4416835,4416835,2,2192808,2193208,1,4386429,-30406,-30406,-30406
3,8,20,0,4435379,4435379,2,2202080,2202176,1,4404366,-31013,-31013,-31013
3,10,0,18,4434051,4434051,2,2201416,2202120,1,4404257,-29794,-29794,-29794
3,10,2,16,4417027,4417027,2,2189784,2193608,1,4387231,-29796,-29796,-29796
3,10,4,14,4420259,4420259,2,2191400,2195488,1,4390994,-29265,-29265,-29265
3,10,6,12,4418915,4427107,2,2193848,2205640,0,4411294,-7621,-15813,-15813
3,10,8,10,4419651,4419651,2,2194216,2201912,1,4403839,-15812,-15812,-15812
3,10,10,8,4419651,4419651,2,2194216,2201912,1,4403839,-15812,-15812,-15812
3,10,12,6,4418915,4427107,2,2193848,2205640,0,4411294,-7621,-15813,-15813
3,10,14,4,4420259,4420259,2,2191400,2195488,1,4390994,-29265,-29265,-29265
3,10,16,2,4417027,4417027,2,2189784,2193608,1,4387231,-29796,-29796,-29796
3,10,18,0,4434051,4434051,2,2201416,2202120,1,4404257,-29794,-29794,-29794
3,12,0,16,4434227,4442419,2,2194560,2206304,0,4412622,-21605,-29797,-29797
3,12,2,14,4416483,4424675,2,2185688,2197696,0,4395407,-21076,-29268,-29268
3,12,4,12,4419699,4436083,2,2187296,2203136,0,4406283,-13416,-29800,-29799
3,12,6,10,4418915,4427107,2,2193848,2205640,0,4411294,-7621,-15813,-15813
3,12,8,8,4419635,4427827,2,2194208,2205696,0,4411403,-8232,-16424,-16424
3,12,10,6,4418915,4427107,2,2193848,2205640,0,4411294,-7621,-15813,-15813
3,12,12,4,4419699,4436083,2,2187296,2203136,0,4406283,-13416,-29800,-29799
3,12,14,2,4416483,4424675,2,2185688,2197696,0,4395407,-21076,-29268,-29268
3,12,16,0,4434227,4442419,2,2194560,2206304,0,4412622,-21605,-29797,-29797
3,14,0,14,4434243,4434243,2,2194568,2202480,1,4404973,-29270,-29270,-29270
3,14,2,12,4416483,4424675,2,2185688,2197696,0,4395407,-21076,-29268,-29268
3,14,4,10,4420259,4420259,2,2191400,2195488,1,4390994,-29265,-29265,-29265
3,14,6,8,4419459,4419459,2,2194120,2201816,1,4403647,-15812,-15812,-15812
3,14,8,6,4419459,4419459,2,2194120,2201816,1,4403647,-15812,-15812,-15812
3,14,10,4,4420259,4420259,2,2191400,2195488,1,4390994,-29265,-29265,-29265
3,14,12,2,4416483,4424675,2,2185688,2197696,0,4395407,-21076,-29268,-29268
3,14,14,0,4434243,4434243,2,2194568,2202480,1,4404973,-29270,-29270,-29270
3,16,0,12,4434227,4442419,2,2194560,2206304,0,4412622,-21605,-29797,-29797
3,16,2,10,4417027,4417027,2,2189784,2193608,1,4387231,-29796,-29796,-29796
3,16,4,8,4420787,4420787,2,2191360,2195488,1,4390994,-29793,-29793,-29793
3,16,6,6,4419267,4419267,2,2194024,2201416,1,4402847,-16420,-16420,-16420
3,16,8,4,4420787,4420787,2,2191360,2195488,1,4390994,-29793,-29793,-29793
3,16,10,2,4417027,4417027,2,2189784,2193608,1,4387231,-29796,-29796,-29796
3,16,12,0,4434227,4442419,2,2194560,2206304,0,4412622,-21605,-29797,-29797
3,18,0,10,4434051,4434051,2,2201416,2202120,1,4404257,-29794,-29794,-29794
3,18,2,8,4416835,4416835,2,2192808,2193208,1,4386429,-30406,-30406,-30406
3,18,4,6,4419875,4419875,2,2194328,2194728,1,4389470,-30405,-30405,-30405
3,18,6,4,4419875,4419875,2,2194328,2194728,1,4389470,-30405,-30405,-30405
3,18,8,2,4416835,4416835,2,2192808,2193208,1,4386429,-30406,-30406,-30406
3,18,10,0,4434051,4434051,2,2201416,2202120,1,4404257,-29794,-29794,-29794
3,20,0,8,4435379,4435379,2,2202080,2202176,1,4404366,-31013,-31013,-31013
3,20,2,6,4417443,4417443,2,2193112,2193208,1,4386429,-31014,-31014,-31014
3,20,4,4,4422003,4422003,2,2188800,2188800,1,4377612,-44391,-44391,-44391
3,20,6,2,4417443,4417443,2,2193112,2193208,1,4386429,-31014,-31014,-31014
3,20,8,0,4435379,4435379,2,2202080,2202176,1,4404366,-31013,-31013,-31013
3,22,0,6,4431427,4431427,2,2200104,2200200,1,4400417,-31010,-31010,-31010
3,22,2,4,4415011,4415011,2,2185000,2185000,1,4370015,-44996,-44996,-44996
3,22,4,2,4415011,4415011,2,2185000,2185000,1,4370015,-44996,-44996,-44996
3,22,6,0,4431427,4431427,2,2200104,2200200,1,4400417,-31010,-31010,-31010
3,24,0,4,4449971,4449971,2,2195488,2195488,1,4390994,-58977,-58977,-58977
3,24,2,2,4428995,4428995,2,2185000,2185000,1,4370015,-58980,-58980,-58980
3,24,4,0,4449971,4449971,2,2195488,2195488,1,4390994,-58977,-58977,-58977
3,26,0,2,4289155,4289155,2,2115080,2115080,1,4230179,-58976,-58976,-58976
3,26,2,0,4289155,4289155,2,2115080,2115080,1,4230179,-58976,-58976,-58976
4,1,1,25,4271675,4271675,2,2115080,2115080,1,4230179,-41496,-41496,-41496
4,1,3,23,4432491,4432491,2,2195488,2195488,1,4390994,-41497,-41497,-41497
4,1,5,21,4413947,4413947,2,2191992,2191992,1,4383998,-29949,-29949,-29949
4,1,7,19,4417899,4417899,2,2193968,2193968,1,4387950,-29949,-29949,-29949
4,1,9,17,4416571,4416571,2,2193512,2193512,1,4387039,-29532,-29532,-29532
4,1,11,15,4416747,4424939,2,2189776,2197696,0,4395407,-21340,-29532,-29532
4,1,13,13,4416763,4416763,2,2189784,2200600,1,4401217,-15546,-15546,-15546
4,1,15,11,4416747,4424939,2,2189776,2197696,0,4395407,-21340,-29532,-29532
4,1,17,9,4416571,4416571,2,2193512,2193512,1,4387039,-29532,-29532,-29532
4,1,19,7,4417899,4417899,2,2193968,2193968,1,4387950,-29949,-29949,-29949
4,1,21,5,4413947,4413947,2,2191992,2191992,1,4383998,-29949,-29949,-29949
4,1,23,3,4432491,4432491,2,2195488,2195488,1,4390994,-41497,-41497,-41497
4,1,25,1,4271675,4271675,2,2115080,2115080,1,4230179,-41496,-41496,-41496
4,3,1,23,4432491,4432491,2,2195488,2195488,1,4390994,-41497,-41497,-41497
4,3,3,21,4418507,4418507,2,2187280,2187280,1,4374578,-43929,-43929,-43929
4,3,5,19,4420939,4420939,2,2195488,2195488,1,4390994,-29945,-29945,-29945
4,3,7,17,4420331,4420331,2,2195088,2195088,1,4390189,-30142,-30142,-30142
4,3,9,15,4420523,4420523,2,2191760,2195488,1,4390994,-29529,-29529,-29529
4,3,11,13,4419979,4428171,2,2191392,2199312,0,4398639,-21340,-29532,-29532
4,3,13,11,4419979,4428171,2,2191392,2199312,0,4398639,-21340,-29532,-29532
4,3,15,9,4420523,4420523,2,2191760,2195488,1,4390994,-29529,-29529,-29529
4,3,17,7,4420331,4420331,2,2195088,2195088,1,4390189,-30142,-30142,-30142
4,3,19,5,4420939,4420939,2,2195488,2195488,1,4390994,-29945,-29945,-29945
4,3,21,3,4418507,4418507,2,2187280,2187280,1,4374578,-43929,-43929,-43929
4,3,23,1,4432491,4432491,2,2195488,2195488,1,4390994,-41497,-41497,-41497
4,5,1,21,4413947,4413947,2,2191992,2191992,1,4383998,-29949,-29949,-29949
4,5,3,19,4420939,4420939,2,2195488,2195488,1,4390994,-29945,-29945,-29945
4,5,5,17,4418811,4418811,2,2197752,2201320,1,4402654,-16157,-16157,-16157
4,5,7,15,4419723,4419723,2,2194736,2201776,1,4403567,-16156,-16156,-16156
4,5,9,13,4419195,4419195,2,2194472,2201816,1,4403647,-15548,-15548,-15548
4,5,11,11,4418635,4435019,2,2194192,2209728,0,4419467,832,-15552,-15551
4,5,13,9,4419195,4419195,2,2194472,2201816,1,4403647,-15548,-15548,-15548
4,5,15,7,4419723,4419723,2,2194736,2201776,1,4403567,-16156,-16156,-16156
4,5,17,5,4418811,4418811,2,2197752,2201320,1,4402654,-16157,-16157,-16157
4,5,19,3,4420939,4420939,2,2195488,2195488,1,4390994,-29945,-29945,-29945
4,5,21,1,4413947,4413947,2,2191992,2191992,1,4383998,-29949,-29949,-29949
4,7,1,19,4417899,4417899,2,2193968,2193968,1,4387950,-29949,-29949,-29949
4,7,3,17,4420331,4420331,2,2195088,2195088,1,4390189,-30142,-30142,-30142
4,7,5,15,4419723,4419723,2,2194736,2201776,1,4403567,-16156,-16156,-16156
4,7,7,13,4419915,4419915,2,2194832,2201872,1,4403760,-16155,-16155,-16155
4,7,9,11,4419371,4427563,2,2194560,2206000,0,4412015,-7356,-15548,-15548
4,7,11,9,4419371,4427563,2,2194560,2206000,0,4412015,-7356,-15548,-15548
4,7,13,7,4419915,4419915,2,2194832,2201872,1,4403760,-16155,-16155,-16155
4,7,15,5,4419723,4419723,2,2194736,2201776,1,4403567,-16156,-16156,-16156
4,7,17,3,4420331,4420331,2,2195088,2195088,1,4390189,-30142,-30142,-30142
4,7,19,1,4417899,4417899,2,2193968,2193968,1,4387950,-29949,-29949,-29949
4,9,1,17,4416571,4416571,2,2193512,2193512,1,4387039,-29532,-29532,-29532
4,9,3,15,4420523,4420523,2,2191760,2195488,1,4390994,-29529,-29529,-29529
4,9,5,13,4419195,4419195,2,2194472,2201816,1,4403647,-15548,-15548,-15548
4,9,7,11,4419371,4427563,2,2194560,2206000,0,4412015,-7356,-15548,-15548
4,9,9,9,4419387,4419387,2,2194568,2202216,1,4404447,-14940,-14940,-14940
4,9,11,7,4419371,4427563,2,2194560,2206000,0,4412015,-7356,-15548,-15548
4,9,13,5,4419195,4419195,2,2194472,2201816,1,4403647,-15548,-15548,-15548
4,9,15,3,4420523,4420523,2,2191760,2195488,1,4390994,-29529,-29529,-29529
4,9,17,1,4416571,4416571,2,2193512,2193512,1,4387039,-29532,-29532,-29532
4,11,1,15,4416747,4424939,2,2189776,2197696,0,4395407,-21340,-29532,-29532
4,11,3,13,4419979,4428171,2,2191392,2199312,0,4398639,-21340,-29532,-29532
4,11,5,11,4418635,4435019,2,2194192,2209728,0,4419467,832,-15552,-15551
4,11,7,9,4419371,4427563,2,2194560,2206000,0,4412015,-7356,-15548,-15548
4,11,9,7,4419371,4427563,2,2194560,2206000,0,4412015,-7356,-15548,-15548
4,11,11,5,4418635,4435019,2,2194192,2209728,0,4419467,832,-15552,-15551
4,11,13,3,4419979,4428171,2,2191392,2199312,0,4398639,-21340,-29532,-29532
4,11,15,1,4416747,4424939,2,2189776,2197696,0,4395407,-21340,-29532,-29532
4,13,1,13,4416763,4416763,2,2189784,2200600,1,4401217,-15546,-15546,-15546
4,13,3,11,4419979,4428171,2,2191392,2199312,0,4398639,-21340,-29532,-29532
4,13,5,9,4419195,4419195,2,2194472,2201816,1,4403647,-15548,-15548,-15548
4,13,7,7,4419915,4419915,2,2194832,2201872,1,4403760,-16155,-16155,-16155
4,13,9,5,4419195,4419195,2,2194472,2201816,1,4403647,-15548,-15548,-15548
4,13,11,3,4419979,4428171,2,2191392,2199312,0,4398639,-21340,-29532,-29532
4,13,13,1,4416763,4416763,2,2189784,2200600,1,4401217,-15546,-15546,-15546
4,15,1,11,4416747,4424939,2,2189776,2197696,0,4395407,-21340,-29532,-29532
4,15,3,9,4420523,4420523,2,2191760,2195488,1,4390994,-29529,-29529,-29529
4,15,5,7,4419723,4419723,2,2194736,2201776,1,4403567,-16156,-16156,-16156
4,15,7,5,4419723,4419723,2,2194736,2201776,1,4403567,-16156,-16156,-16156
4,15,9,3,4420523,4420523,2,2191760,2195488,1,4390994,-29529,-29529,-29529
4,15,11,1,4416747,4424939,2,2189776,2197696,0,4395407,-21340,-29532,-29532
4,17,1,9,4416571,4416571,2,2193512,2193512,1,4387039,-29532,-29532,-29532
4,17,3,7,4420331,4420331,2,2195088,2195088,1,4390189,-30142,-30142,-30142
4,17,5,5,4418811,4418811,2,2197752,2201320,1,4402654,-16157,-16157,-16157
4,17,7,3,4420331,4420331,2,2195088,2195088,1,4390189,-30142,-30142,-30142
4,17,9,1,4416571,4416571,2,2193512,2193512,1,4387039,-29532,-29532,-29532
4,19,1,7,4417899,4417899,2,2193968,2193968,1,4387950,-29949,-29949,-29949
4,19,3,5,4420939,4420939,2,2195488,2195488,1,4390994,-29945,-29945,-29945
4,19,5,3,4420939,4420939,2,2195488,2195488,1,4390994,-29945,-29945,-29945
4,19,7,1,4417899,4417899,2,2193968,2193968,1,4387950,-29949,-29949,-29949
4,21,1,5,4413947,4413947,2,2191992,2191992,1,4383998,-29949,-29949,-29949
4,21,3,3,4418507,4418507,2,2187280,2187280,1,4374578,-43929,-43929,-43929
4,21,5,1,4413947,4413947,2,2191992,2191992,1,4383998,-29949,-29949,-29949
4,23,1,3,4432491,4432491,2,2195488,2195488,1,4390994,-41497,-41497,-41497
4,23,3,1,4432491,4432491,2,2195488,2195488,1,4390994,-41497,-41497,-41497
4,25,1,1,4271675,4271675,2,2115080,2115080,1,4230179,-41496,-41496,-41496
5,0,2,24,4275171,4275171,2,2108088,2108088,1,4216192,-58979,-58979,-58979
5,0,4,22,4431427,4431427,2,2200104,2200200,1,4400417,-31010,-31010,-31010
5,0,6,20,4414403,4414403,2,2191592,2191688,1,4383392,-31011,-31011,-31011
5,0,8,18,4417635,4417635,2,2193208,2193912,1,4387836,-29799,-29799,-29799
5,0,10,16,4416291,4424483,2,2192536,2197336,0,4394687,-21604,-29796,-29796
5,0,12,14,4417027,4417027,2,2185960,2193872,1,4387757,-29270,-29270,-29270
5,0,14,12,4417027,4417027,2,2185960,2193872,1,4387757,-29270,-29270,-29270
5,0,16,10,4416291,4424483,2,2192536,2197336,0,4394687,-21604,-29796,-29796
5,0,18,8,4417635,4417635,2,2193208,2193912,1,4387836,-29799,-29799,-29799
5,0,20,6,4414403,4414403,2,2191592,2191688,1,4383392,-31011,-31011,-31011
5,0,22,4,4431427,4431427,2,2200104,2200200,1,4400417,-31010,-31010,-31010
5,0,24,2,4275171,4275171,2,2108088,2108088,1,4216192,-58979,-58979,-58979
5,2,0,24,4275171,4275171,2,2108088,2108088,1,4216192,-58979,-58979,-58979
5,2,2,22,4435987,4435987,2,2195488,2195488,1,4390994,-44993,-44993,-44993
5,2,4,20,4417443,4417443,2,2193112,2193208,1,4386429,-31014,-31014,-31014
5,2,6,18,4421395,4421395,2,2195088,2195488,1,4390994,-30401,-30401,-30401
5,2,8,16,4420067,4420067,2,2194424,2195128,1,4390268,-29799,-29799,-29799
5,2,10,14,4420243,4428435,2,2191392,2199576,0,4399170,-21073,-29265,-29264
5,2,12,12,4420259,4420259,2,2187576,2195488,1,4390994,-29265,-29265,-29265
5,2,14,10,4420243,4428435,2,2191392,2199576,0,4399170,-21073,-29265,-29264
5,2,16,8,4420067,4420067,2,2194424,2195128,1,4390268,-29799,-29799,-29799
5,2,18,6,4421395,4421395,2,2195088,2195488,1,4390994,-30401,-30401,-30401
5,2,20,4,4417443,4417443,2,2193112,2193208,1,4386429,-31014,-31014,-31014
5,2,22,2,4435987,4435987,2,2195488,2195488,1,4390994,-44993,-44993,-44993
5,2,24,0,4275171,4275171,2,2108088,2108088,1,4216192,-58979,-58979,-58979
5,4,0,22,4431427,4431427,2,2200104,2200200,1,4400417,-31010,-31010,-31010
5,4,2,20,4417443,4417443,2,2193112,2193208,1,4386429,-31014,-31014,-31014
5,4,4,18,4419875,4419875,2,2194328,2194728,1,4389470,-30405,-30405,-30405
5,4,6,16,4419267,4419267,2,2194024,2201416,1,4402847,-16420,-16420,-16420
5,4,8,14,4419459,4419459,2,2194120,2201816,1,4403647,-15812,-15812,-15812
5,4,10,12,4418915,4427107,2,2193848,2205640,0,4411294,-7621,-15813,-15813
5,4,12,10,4418915,4427107,2,2193848,2205640,0,4411294,-7621,-15813,-15813
5,4,14,8,4419459,4419459,2,2194120,2201816,1,4403647,-15812,-15812,-15812
5,4,16,6,4419267,4419267,2,2194024,2201416,1,4402847,-16420,-16420,-16420
5,4,18,4,4419875,4419875,2,2194328,2194728,1,4389470,-30405,-30405,-30405
5,4,20,2,4417443,4417443,2,2193112,2193208,1,4386429,-31014,-31014,-31014
5,4,22,0,4431427,4431427,2,2200104,2200200,1,4400417,-31010,-31010,-31010
5,6,0,20,4414403,4414403,2,2191592,2191688,1,4383392,-31011,-31011,-31011
5,6,2,18,4421395,4421395,2,2195088,2195488,1,4390994,-30401,-30401,-30401
5,6,4,16,4419267,4419267,2,2194024,2201416,1,4402847,-16420,-16420,-16420
5,6,6,14,4420179,4420179,2,2191008,2202176,1,4404366,-15813,-15813,-15813
5,6,8,12,4419651,4419651,2,2190744,2202176,1,4404366,-15285,-15285,-15285
5,6,10,10,4419091,4435475,2,2190464,2209824,0,4419663,572,-15812,-15811
5,6,12,8,4419651,4419651,2,2190744,2202176,1,4404366,-15285,-15285,-15285
5,6,14,6,4420179,4420179,2,2191008,2202176,1,4404366,-15813,-15813,-15813
5,6,16,4,4419267,4419267,2,2194024,2201416,1,4402847,-16420,-16420,-16420
5,6,18,2,4421395,4421395,2,2195088,2195488,1,4390994,-30401,-30401,-30401
5,6,20,0,4414403,4414403,2,2191592,2191688,1,4383392,-31011,-31011,-31011
5,8,0,18,4417635,4417635,2,2193208,2193912,1,4387836,-29799,-29799,-29799
5,8,2,16,4420067,4420067,2,2194424,2195128,1,4390268,-29799,-29799,-29799
5,8,4,14,4419459,4419459,2,2194120,2201816,1,4403647,-15812,-15812,-15812
5,8,6,12,4419651,4419651,2,2190744,2202176,1,4404366,-15285,-15285,-15285
5,8,8,10,4419107,4427299,2,2190472,2206040,0,4412095,-7012,-15204,-15204
5,8,10,8,4419107,4427299,2,2190472,2206040,0,4412095,-7012,-15204,-15204
5,8,12,6,4419651,4419651,2,2190744,2202176,1,4404366,-15285,-15285,-15285
5,8,14,4,4419459,4419459,2,2194120,2201816,1,4403647,-15812,-15812,-15812
5,8,16,2,4420067,4420067,2,2194424,2195128,1,4390268,-29799,-29799,-29799
5,8,18,0,4417635,4417635,2,2193208,2193912,1,4387836,-29799,-29799,-29799
5,10,0,16,4416291,4424483,2,2192536,2197336,0,4394687,-21604,-29796,-29796
5,10,2,14,4420243,4428435,2,2191392,2199576,0,4399170,-21073,-29265,-29264
5,10,4,12,4418915,4427107,2,2193848,2205640,0,4411294,-7621,-15813,-15813
5,10,6,10,4419091,4435475,2,2190464,2209824,0,4419663,572,-15812,-15811
5,10,8,8,4419107,4427299,2,2190472,2206040,0,4412095,-7012,-15204,-15204
5,10,10,6,4419091,4435475,2,2190464,2209824,0,4419663,572,-15812,-15811
5,10,12,4,4418915,4427107,2,2193848,2205640,0,4411294,-7621,-15813,-15813
5,10,14,2,4420243,4428435,2,2191392,2199576,0,4399170,-21073,-29265,-29264
5,10,16,0,4416291,4424483,2,2192536,2197336,0,4394687,-21604,-29796,-29796
5,12,0,14,4417027,4417027,2,2185960,2193872,1,4387757,-29270,-29270,-29270
5,12,2,12,4420259,4420259,2,2187576,2195488,1,4390994,-29265,-29265,-29265
5,12,4,10,4418915,4427107,2,2193848,2205640,0,4411294,-7621,-15813,-15813
5,12,6,8,4419651,4419651,2,2190744,2202176,1,4404366,-15285,-15285,-15285
5,12,8,6,4419651,4419651,2,2190744,2202176,1,4404366,-15285,-15285,-15285
5,12,10,4,4418915,4427107,2,2193848,2205640,0,4411294,-7621,-15813,-15813
5,12,12,2,4420259,4420259,2,2187576,2195488,1,4390994,-29265,-29265,-29265
5,12,14,0,4417027,4417027,2,2185960,2193872,1,4387757,-29270,-29270,-29270
5,14,0,12,4417027,4417027,2,2185960,2193872,1,4387757,-29270,-29270,-29270
5,14,2,10,4420243,4428435,2,2191392,2199576,0,4399170,-21073,-29265,-29264
5,14,4,8,4419459,4419459,2,2194120,2201816,1,4403647,-15812,-15812,-15812
5,14,6,6,4420179,4420179,2,2191008,2202176,1,4404366,-15813,-15813,-15813
5,14,8,4,4419459,4419459,2,2194120,2201816,1,4403647,-15812,-15812,-15812
5,14,10,2,4420243,4428435,2,2191392,2199576,0,4399170,-21073,-29265,-29264
5,14,12,0,4417027,4417027,2,2185960,2193872,1,4387757,-29270,-29270,-29270
5,16,0,10,4416291,4424483,2,2192536,2197336,0,4394687,-21604,-29796,-29796
5,16,2,8,4420067,4420067,2,2194424,2195128,1,4390268,-29799,-29799,-29799
5,16,4,6,4419267,4419267,2,2194024,2201416,1,4402847,-16420,-16420,-16420
5,16,6,4,4419267,4419267,2,2194024,2201416,1,4402847,-16420,-16420,-16420
5,16,8,2,4420067,4420067,2,2194424,2195128,1,4390268,-29799,-29799,-29799
5,16,10,0,4416291,4424483,2,2192536,2197336,0,4394687,-21604,-29796,-29796
5,18,0,8,4417635,4417635,2,2193208,2193912,1,4387836,-29799,-29799,-29799
5,18,2,6,4421395,4421395,2,2195088,2195488,1,4390994,-30401,-30401,-30401
5,18,4,4,4419875,4419875,2,2194328,2194728,1,4389470,-30405,-30405,-30405
5,18,6,2,4421395,4421395,2,2195088,2195488,1,4390994,-30401,-30401,-30401
5,18,8,0,4417635,4417635,2,2193208,2193912,1,4387836,-29799,-29799,-29799
5,20,0,6,4414403,4414403,2,2191592,2191688,1,4383392,-31011,-31011,-31011
5,20,2,4,4417443,4417443,2,2193112,2193208,1,4386429,-31014,-31014,-31014
5,20,4,2,4417443,4417443,2,2193112,2193208,1,4386429,-31014,-31014,-31014
5,20,6,0,4414403,4414403,2,2191592,2191688,1,4383392,-31011,-31011,-31011
5,22,0,4,4431427,4431427,2,2200104,2200200,1,4400417,-31010,-31010,-31010
5,22,2,2,4435987,4435987,2,2195488,2195488,1,4390994,-44993,-44993,-44993
5,22,4,0,4431427,4431427,2,2200104,2200200,1,4400417,-31010,-31010,-31010
5,24,0,2,4275171,4275171,2,2108088,2108088,1,4216192,-58979,-58979,-58979
5,24,2,0,4275171,4275171,2,2108088,2108088,1,4216192,-58979,-58979,-58979
6,1,1,23,4278667,4278667,2,2118576,2118576,1,4237167,-41500,-41500,-41500
6,1,3,21,4434923,4434923,2,2202480,2202480,1,4404973,-29950,-29950,-29950
6,1,5,19,4417899,4417899,2,2193968,2193968,1,4387950,-29949,-29949,-29949
6,1,7,17,4421131,4421131,2,2195888,2195888,1,4391792,-29339,-29339,-29339
6,1,9,15,4419787,4427979,2,2195120,2199216,0,4398446,-21341,-29533,-29533
6,1,11,13,4420523,4420523,2,2191664,2202480,1,4404973,-15550,-15550,-15550
6,1,13,11,4420523,4420523,2,2191664,2202480,1,4404973,-15550,-15550,-15550
6,1,15,9,4419787,4427979,2,2195120,2199216,0,4398446,-21341,-29533,-29533
6,1,17,7,4421131,4421131,2,2195888,2195888,1,4391792,-29339,-29339,-29339
6,1,19,5,4417899,4417899,2,2193968,2193968,1,4387950,-29949,-29949,-29949
6,1,21,3,4434923,4434923,2,2202480,2202480,1,4404973,-29950,-29950,-29950
6,1,23,1,4278667,4278667,2,2118576,2118576,1,4237167,-41500,-41500,-41500
6,3,1,21,4434923,4434923,2,2202480,2202480,1,4404973,-29950,-29950,-29950
6,3,3,19,4416379,4416379,2,2193112,2193112,1,4386237,-30142,-30142,-30142
6,3,5,17,4420331,4420331,2,2195088,2195088,1,4390189,-30142,-30142,-30142
6,3,7,15,4419003,4419003,2,2197848,2201416,1,4402847,-16156,-16156,-16156
6,3,9,13,4419179,4427371,2,2194560,2205600,0,4411213,-7966,-16158,-16158
6,3,11,11,4419195,4419195,2,2194568,2201816,1,4403647,-15548,-15548,-15548
6,3,13,9,4419179,4427371,2,2194560,2205600,0,4411213,-7966,-16158,-16158
6,3,15,7,4419003,4419003,2,2197848,2201416,1,4402847,-16156,-16156,-16156
6,3,17,5,4420331,4420331,2,2195088,2195088,1,4390189,-30142,-30142,-30142
6,3,19,3,4416379,4416379,2,2193112,2193112,1,4386237,-30142,-30142,-30142
6,3,21,1,4434923,4434923,2,2202480,2202480,1,4404973,-29950,-29950,-29950
6,5,1,19,4417899,4417899,2,2193968,2193968,1,4387950,-29949,-29949,-29949
6,5,3,17,4420331,4420331,2,2195088,2195088,1,4390189,-30142,-30142,-30142
6,5,5,15,4419723,4419723,2,2194736,2201776,1,4403567,-16156,-16156,-16156
6,5,7,13,4419915,4419915,2,2194832,2201872,1,4403760,-16155,-16155,-16155
6,5,9,11,4419371,4427563,2,2194560,2206000,0,4412015,-7356,-15548,-15548
6,5,11,9,4419371,4427563,2,2194560,2206000,0,4412015,-7356,-15548,-15548
6,5,13,7,4419915,4419915,2,2194832,2201872,1,4403760,-16155,-16155,-16155
6,5,15,5,4419723,4419723,2,2194736,2201776,1,4403567,-16156,-16156,-16156
6,5,17,3,4420331,4420331,2,2195088,2195088,1,4390189,-30142,-30142,-30142
6,5,19,1,4417899,4417899,2,2193968,2193968,1,4387950,-29949,-29949,-29949
6,7,1,17,4421131,4421131,2,2195888,2195888,1,4391792,-29339,-29339,-29339
6,7,3,15,4419003,4419003,2,2197848,2201416,1,4402847,-16156,-16156,-16156
6,7,5,13,4419915,4419915,2,2194832,2201872,1,4403760,-16155,-16155,-16155
6,7,7,11,4419387,4419387,2,2194568,2202216,1,4404447,-14940,-14940,-14940
6,7,9,9,4418827,4435211,2,2194288,2210128,0,4420270,1443,-14941,-14940
6,7,11,7,4419387,4419387,2,2194568,2202216,1,4404447,-14940,-14940,-14940
6,7,13,5,4419915,4419915,2,2194832,2201872,1,4403760,-16155,-16155,-16155
6,7,15,3,4419003,4419003,2,2197848,2201416,1,4402847,-16156,-16156,-16156
6,7,17,1,4421131,4421131,2,2195888,2195888,1,4391792,-29339,-29339,-29339
6,9,1,15,4419787,4427979,2,2195120,2199216,0,4398446,-21341,-29533,-29533
6,9,3,13,4419179,4427371,2,2194560,2205600,0,4411213,-7966,-16158,-16158
6,9,5,11,4419371,4427563,2,2194560,2206000,0,4412015,-7356,-15548,-15548
6,9,7,9,4418827,4435211,2,2194288,2210128,0,4420270,1443,-14941,-14940
6,9,9,7,4418827,4435211,2,2194288,2210128,0,4420270,1443,-14941,-14940
6,9,11,5,4419371,4427563,2,2194560,2206000,0,4412015,-7356,-15548,-15548
6,9,13,3,4419179,4427371,2,2194560,2205600,0,4411213,-7966,-16158,-16158
6,9,15,1,4419787,4427979,2,2195120,2199216,0,4398446,-21341,-29533,-29533
6,11,1,13,4420523,4420523,2,2191664,2202480,1,4404973,-15550,-15550,-15550
6,11,3,11,4419195,4419195,2,2194568,2201816,1,4403647,-15548,-15548,-15548
6,11,5,9,4419371,4427563,2,2194560,2206000,0,4412015,-7356,-15548,-15548
6,11,7,7,4419387,4419387,2,2194568,2202216,1,4404447,-14940,-14940,-14940
6,11,9,5,4419371,4427563,2,2194560,2206000,0,4412015,-7356,-15548,-15548
6,11,11,3,4419195,4419195,2,2194568,2201816,1,4403647,-15548,-15548,-15548
6,11,13,1,4420523,4420523,2,2191664,2202480,1,4404973,-15550,-15550,-15550
6,13,1,11,4420523,4420523,2,2191664,2202480,1,4404973,-15550,-15550,-15550
6,13,3,9,4419179,4427371,2,2194560,2205600,0,4411213,-7966,-16158,-16158
6,13,5,7,4419915,4419915,2,2194832,2201872,1,4403760,-16155,-16155,-16155
6,13,7,5,4419915,4419915,2,2194832,2201872,1,4403760,-16155,-16155,-16155
6,13,9,3,4419179,4427371,2,2194560,2205600,0,4411213,-7966,-16158,-16158
6,13,11,1,4420523,4420523,2,2191664,2202480,1,4404973,-15550,-15550,-15550
6,15,1,9,4419787,4427979,2,2195120,2199216,0,4398446,-21341,-29533,-29533
6,15,3,7,4419003,4419003,2,2197848,2201416,1,4402847,-16156,-16156,-16156
6,15,5,5,4419723,4419723,2,2194736,2201776,1,4403567,-16156,-16156,-16156
6,15,7,3,4419003,4419003,2,2197848,2201416,1,4402847,-16156,-16156,-16156
6,15,9,1,4419787,4427979,2,2195120,2199216,0,4398446,-21341,-29533,-29533
6,17,1,7,4421131,4421131,2,2195888,2195888,1,4391792,-29339,-29339,-29339
6,17,3,5,4420331,4420331,2,2195088,2195088,1,4390189,-30142,-30142,-30142
6,17,5,3,4420331,4420331,2,2195088,2195088,1,4390189,-30142,-30142,-30142
6,17,7,1,4421131,4421131,2,2195888,2195888,1,4391792,-29339,-29339,-29339
6,19,1,5,4417899,4417899,2,2193968,2193968,1,4387950,-29949,-29949,-29949
6,19,3,3,4416379,4416379,2,2193112,2193112,1,4386237,-30142,-30142,-30142
6,19,5,1,4417899,4417899,2,2193968,2193968,1,4387950,-29949,-29949,-29949
6,21,1,3,4434923,4434923,2,2202480,2202480,1,4404973,-29950,-29950,-29950
6,21,3,1,4434923,4434923,2,2202480,2202480,1,4404973,-29950,-29950,-29950
6,23,1,1,4278667,4278667,2,2118576,2118576,1,4237167,-41500,-41500,-41500
7,0,2,22,4277603,4277603,2,2123192,2123288,1,4246593,-31010,-31010,-31010
7,0,4,20,4435379,4435379,2,2202080,2202176,1,4404366,-31013,-31013,-31013
7,0,6,18,4417635,4417635,2,2193208,2193912,1,4387836,-29799,-29799,-29799
7,0,8,16,4420851,4429043,2,2194816,2199616,0,4399248,-21603,-29795,-29794
7,0,10,14,4420067,4420067,2,2194424,2195392,1,4390794,-29273,-29273,-29273
7,0,12,12,4420787,4420787,2,2187840,2202744,1,4405502,-15285,-15285,-15285
7,0,14,10,4420067,4420067,2,2194424,2195392,1,4390794,-29273,-29273,-29273
7,0,16,8,4420851,4429043,2,2194816,2199616,0,4399248,-21603,-29795,-29794
7,0,18,6,4417635,4417635,2,2193208,2193912,1,4387836,-29799,-29799,-29799
7,0,20,4,4435379,4435379,2,2202080,2202176,1,4404366,-31013,-31013,-31013
7,0,22,2,4277603,4277603,2,2123192,2123288,1,4246593,-31010,-31010,-31010
7,2,0,22,4277603,4277603,2,2123192,2123288,1,4246593,-31010,-31010,-31010
7,2,2,20,4433859,4433859,2,2201320,2201416,1,4402847,-31012,-31012,-31012
7,2,4,18,4416835,4416835,2,2192808,2193208,1,4386429,-30406,-30406,-30406
7,2,6,16,4420067,4420067,2,2194424,2195128,1,4390268,-29799,-29799,-29799
7,2,8,14,4418723,4426915,2,2193752,2205512,0,4411039,-7684,-15876,-15876
7,2,10,12,4419459,4419459,2,2194120,2201816,1,4403647,-15812,-15812,-15812
7,2,12,10,4419459,4419459,2,2194120,2201816,1,4403647,-15812,-15812,-15812
7,2,14,8,4418723,4426915,2,2193752,2205512,0,4411039,-7684,-15876,-15876
7,2,16,6,4420067,4420067,2,2194424,2195128,1,4390268,-29799,-29799,-29799
7,2,18,4,4416835,4416835,2,2192808,2193208,1,4386429,-30406,-30406,-30406
7,2,20,2,4433859,4433859,2,2201320,2201416,1,4402847,-31012,-31012,-31012
7,2,22,0,4277603,4277603,2,2123192,2123288,1,4246593,-31010,-31010,-31010
7,4,0,20,4435379,4435379,2,2202080,2202176,1,4404366,-31013,-31013,-31013
7,4,2,18,4416835,4416835,2,2192808,2193208,1,4386429,-30406,-30406,-30406
7,4,4,16,4420787,4420787,2,2191360,2195488,1,4390994,-29793,-29793,-29793
7,4,6,14,4419459,4419459,2,2194120,2201816,1,4403647,-15812,-15812,-15812
7,4,8,12,4419635,4427827,2,2194208,2205696,0,4411403,-8232,-16424,-16424
7,4,10,10,4419651,4419651,2,2194216,2201912,1,4403839,-15812,-15812,-15812
7,4,12,8,4419635,4427827,2,2194208,2205696,0,4411403,-8232,-16424,-16424
7,4,14,6,4419459,4419459,2,2194120,2201816,1,4403647,-15812,-15812,-15812
7,4,16,4,4420787,4420787,2,2191360,2195488,1,4390994,-29793,-29793,-29793
7,4,18,2,4416835,4416835,2,2192808,2193208,1,4386429,-30406,-30406,-30406
7,4,20,0,4435379,4435379,2,2202080,2202176,1,4404366,-31013,-31013,-31013
7,6,0,18,4417635,4417635,2,2193208,2193912,1,4387836,-29799,-29799,-29799
7,6,2,16,4420067,4420067,2,2194424,2195128,1,4390268,-29799,-29799,-29799
7,6,4,14,4419459,4419459,2,2194120,2201816,1,4403647,-15812,-15812,-15812
7,6,6,12,4419651,4419651,2,2190744,2202176,1,4404366,-15285,-15285,-15285
7,6,8,10,4419107,4427299,2,2190472,2206040,0,4412095,-7012,-15204,-15204
7,6,10,8,4419107,4427299,2,2190472,2206040,0,4412095,-7012,-15204,-15204
7,6,12,6,4419651,4419651,2,2190744,2202176,1,4404366,-15285,-15285,-15285
7,6,14,4,4419459,4419459,2,2194120,2201816,1,4403647,-15812,-15812,-15812
7,6,16,2,4420067,4420067,2,2194424,2195128,1,4390268,-29799,-29799,-29799
7,6,18,0,4417635,4417635,2,2193208,2193912,1,4387836,-29799,-29799,-29799
7,8,0,16,4420851,4429043,2,2194816,2199616,0,4399248,-21603,-29795,-29794
7,8,2,14,4418723,4426915,2,2193752,2205512,0,4411039,-7684,-15876,-15876
7,8,4,12,4419635,4427827,2,2194208,2205696,0,4411403,-8232,-16424,-16424
7,8,6,10,4419107,4427299,2,2190472,2206040,0,4412095,-7012,-15204,-15204
7,8,8,8,4418547,4443123,2,2190192,2213952,0,4427919,9372,-15204,-15204
7,8,10,6,4419107,4427299,2,2190472,2206040,0,4412095,-7012,-15204,-15204
7,8,12,4,4419635,4427827,2,2194208,2205696,0,4411403,-8232,-16424,-16424
7,8,14,2,4418723,4426915,2,2193752,2205512,0,4411039,-7684,-15876,-15876
7,8,16,0,4420851,4429043,2,2194816,2199616,0,4399248,-21603,-29795,-29794
7,10,0,14,4420067,4420067,2,2194424,2195392,1,4390794,-29273,-29273,-29273
7,10,2,12,4419459,4419459,2,2194120,2201816,1,4403647,-15812,-15812,-15812
7,10,4,10,4419651,4419651,2,2194216,2201912,1,4403839,-15812,-15812,-15812
7,10,6,8,4419107,4427299,2,2190472,2206040,0,4412095,-7012,-15204,-15204
7,10,8,6,4419107,4427299,2,2190472,2206040,0,4412095,-7012,-15204,-15204
7,10,10,4,4419651,4419651,2,2194216,2201912,1,4403839,-15812,-15812,-15812
7,10,12,2,4419459,4419459,2,2194120,2201816,1,4403647,-15812,-15812,-15812
7,10,14,0,4420067,4420067,2,2194424,2195392,1,4390794,-29273,-29273,-29273
7,12,0,12,4420787,4420787,2,2187840,2202744,1,4405502,-15285,-15285,-15285
7,12,2,10,4419459,4419459,2,2194120,2201816,1,4403647,-15812,-15812,-15812
7,12,4,8,4419635,4427827,2,2194208,2205696,0,4411403,-8232,-16424,-16424
7,12,6,6,4419651,4419651,2,2190744,2202176,1,4404366,-15285,-15285,-15285
7,12,8,4,4419635,4427827,2,2194208,2205696,0,4411403,-8232,-16424,-16424
7,12,10,2,4419459,4419459,2,2194120,2201816,1,4403647,-15812,-15812,-15812
7,12,12,0,4420787,4420787,2,2187840,2202744,1,4405502,-15285,-15285,-15285
7,14,0,10,4420067,4420067,2,2194424,2195392,1,4390794,-29273,-29273,-29273
7,14,2,8,4418723,4426915,2,2193752,2205512,0,4411039,-7684,-15876,-15876
7,14,4,6,4419459,4419459,2,2194120,2201816,1,4403647,-15812,-15812,-15812
7,14,6,4,4419459,4419459,2,2194120,2201816,1,4403647,-15812,-15812,-15812
7,14,8,2,4418723,4426915,2,2193752,2205512,0,4411039,-7684,-15876,-15876
7,14,10,0,4420067,4420067,2,2194424,2195392,1,4390794,-29273,-29273,-29273
7,16,0,8,4420851,4429043,2,2194816,2199616,0,4399248,-21603,-29795,-29794
7,16,2,6,4420067,4420067,2,2194424,2195128,1,4390268,-29799,-29799,-29799
7,16,4,4,4420787,4420787,2,2191360,2195488,1,4390994,-29793,-29793,-29793
7,16,6,2,4420067,4420067,2,2194424,2195128,1,4390268,-29799,-29799,-29799
7,16,8,0,4420851,4429043,2,2194816,2199616,0,4399248,-21603,-29795,-29794
7,18,0,6,4417635,4417635,2,2193208,2193912,1,4387836,-29799,-29799,-29799
7,18,2,4,4416835,4416835,2,2192808,2193208,1,4386429,-30406,-30406,-30406
7,18,4,2,4416835,4416835,2,2192808,2193208,1,4386429,-30406,-30406,-30406
7,18,6,0,4417635,4417635,2,2193208,2193912,1,4387836,-29799,-29799,-29799
7,20,0,4,4435379,4435379,2,2202080,2202176,1,4404366,-31013,-31013,-31013
7,20,2,2,4433859,4433859,2,2201320,2201416,1,4402847,-31012,-31012,-31012
7,20,4,0,4435379,4435379,2,2202080,2202176,1,4404366,-31013,-31013,-31013
7,22,0,2,4277603,4277603,2,2123192,2123288,1,4246593,-31010,-31010,-31010
7,22,2,0,4277603,4277603,2,2123192,2123288,1,4246593,-31010,-31010,-31010
8,1,1,21,4276539,4276539,2,2123288,2123288,1,4246593,-29946,-29946,-29946
8,1,3,19,4434315,4434315,2,2202176,2202176,1,4404366,-29949,-29949,-29949
8,1,5,17,4416571,4416571,2,2193512,2193512,1,4387039,-29532,-29532,-29532
8,1,7,15,4419787,4427979,2,2195120,2199216,0,4398446,-21341,-29533,-29533
8,1,9,13,4419003,4419003,2,2197848,2201720,1,4403455,-15548,-15548,-15548
8,1,11,11,4419723,4419723,2,2196048,2202080,1,4404173,-15550,-15550,-15550
8,1,13,9,4419003,4419003,2,2197848,2201720,1,4403455,-15548,-15548,-15548
8,1,15,7,4419787,4427979,2,2195120,2199216,0,4398446,-21341,-29533,-29533
8,1,17,5,4416571,4416571,2,2193512,2193512,1,4387039,-29532,-29532,-29532
8,1,19,3,4434315,4434315,2,2202176,2202176,1,4404366,-29949,-29949,-29949
8,1,21,1,4276539,4276539,2,2123288,2123288,1,4246593,-29946,-29946,-29946
8,3,1,19,4434315,4434315,2,2202176,2202176,1,4404366,-29949,-29949,-29949
8,3,3,17,4417291,4417291,2,2190144,2193568,1,4387150,-30141,-30141,-30141
8,3,5,15,4420523,4420523,2,2191760,2195488,1,4390994,-29529,-29529,-29529
8,3,7,13,4419179,4427371,2,2194560,2205600,0,4411213,-7966,-16158,-16158
8,3,9,11,4419915,4419915,2,2194928,2202176,1,4404366,-15549,-15549,-15549
8,3,11,9,4419915,4419915,2,2194928,2202176,1,4404366,-15549,-15549,-15549
8,3,13,7,4419179,4427371,2,2194560,2205600,0,4411213,-7966,-16158,-16158
8,3,15,5,4420523,4420523,2,2191760,2195488,1,4390994,-29529,-29529,-29529
8,3,17,3,4417291,4417291,2,2190144,2193568,1,4387150,-30141,-30141,-30141
8,3,19,1,4434315,4434315,2,2202176,2202176,1,4404366,-29949,-29949,-29949
8,5,1,17,4416571,4416571,2,2193512,2193512,1,4387039,-29532,-29532,-29532
8,5,3,15,4420523,4420523,2,2191760,2195488,1,4390994,-29529,-29529,-29529
8,5,5,13,4419195,4419195,2,2194472,2201816,1,4403647,-15548,-15548,-15548
8,5,7,11,4419371,4427563,2,2194560,2206000,0,4412015,-7356,-15548,-15548
8,5,9,9,4419387,4419387,2,2194568,2202216,1,4404447,-14940,-14940,-14940
8,5,11,7,4419371,4427563,2,2194560,2206000,0,4412015,-7356,-15548,-15548
8,5,13,5,4419195,4419195,2,2194472,2201816,1,4403647,-15548,-15548,-15548
8,5,15,3,4420523,4420523,2,2191760,2195488,1,4390994,-29529,-29529,-29529
8,5,17,1,4416571,4416571,2,2193512,2193512,1,4387039,-29532,-29532,-29532
8,7,1,15,4419787,4427979,2,2195120,2199216,0,4398446,-21341,-29533,-29533
8,7,3,13,4419179,4427371,2,2194560,2205600,0,4411213,-7966,-16158,-16158
8,7,5,11,4419371,4427563,2,2194560,2206000,0,4412015,-7356,-15548,-15548
8,7,7,9,4418827,4435211,2,2194288,2210128,0,4420270,1443,-14941,-14940
8,7,9,7,4418827,4435211,2,2194288,2210128,0,4420270,1443,-14941,-14940
8,7,11,5,4419371,4427563,2,2194560,2206000,0,4412015,-7356,-15548,-15548
8,7,13,3,4419179,4427371,2,2194560,2205600,0,4411213,-7966,-16158,-16158
8,7,15,1,4419787,4427979,2,2195120,2199216,0,4398446,-21341,-29533,-29533
8,9,1,13,4419003,4419003,2,2197848,2201720,1,4403455,-15548,-15548,-15548
8,9,3,11,4419915,4419915,2,2194928,2202176,1,4404366,-15549,-15549,-15549
8,9,5,9,4419387,4419387,2,2194568,2202216,1,4404447,-14940,-14940,-14940
8,9,7,7,4418827,4435211,2,2194288,2210128,0,4420270,1443,-14941,-14940
8,9,9,5,4419387,4419387,2,2194568,2202216,1,4404447,-14940,-14940,-14940
8,9,11,3,4419915,4419915,2,2194928,2202176,1,4404366,-15549,-15549,-15549
8,9,13,1,4419003,4419003,2,2197848,2201720,1,4403455,-15548,-15548,-15548
8,11,1,11,4419723,4419723,2,2196048,2202080,1,4404173,-15550,-15550,-15550
8,11,3,9,4419915,4419915,2,2194928,2202176,1,4404366,-15549,-15549,-15549
8,11,5,7,4419371,4427563,2,2194560,2206000,0,4412015,-7356,-15548,-15548
8,11,7,5,4419371,4427563,2,2194560,2206000,0,4412015,-7356,-15548,-15548
8,11,9,3,4419915,4419915,2,2194928,2202176,1,4404366,-15549,-15549,-15549
8,11,11,1,4419723,4419723,2,2196048,2202080,1,4404173,-15550,-15550,-15550
8,13,1,9,4419003,4419003,2,2197848,2201720,1,4403455,-15548,-15548,-15548
8,13,3,7,4419179,4427371,2,2194560,2205600,0,4411213,-7966,-16158,-16158
8,13,5,5,4419195,4419195,2,2194472,2201816,1,4403647,-15548,-15548,-15548
8,13,7,3,4419179,4427371,2,2194560,2205600,0,4411213,-7966,-16158,-16158
8,13,9,1,4419003,4419003,2,2197848,2201720,1,4403455,-15548,-15548,-15548
8,15,1,7,4419787,4427979,2,2195120,2199216,0,4398446,-21341,-29533,-29533
8,15,3,5,4420523,4420523,2,2191760,2195488,1,4390994,-29529,-29529,-29529
8,15,5,3,4420523,4420523,2,2191760,2195488,1,4390994,-29529,-29529,-29529
8,15,7,1,4419787,4427979,2,2195120,2199216,0,4398446,-21341,-29533,-29533
8,17,1,5,4416571,4416571,2,2193512,2193512,1,4387039,-29532,-29532,-29532
8,17,3,3,4417291,4417291,2,2190144,2193568,1,4387150,-30141,-30141,-30141
8,17,5,1,4416571,4416571,2,2193512,2193512,1,4387039,-29532,-29532,-29532
8,19,1,3,4434315,4434315,2,2202176,2202176,1,4404366,-29949,-29949,-29949
8,19,3,1,4434315,4434315,2,2202176,2202176,1,4404366,-29949,-29949,-29949
8,21,1,1,4276539,4276539,2,2123288,2123288,1,4246593,-29946,-29946,-29946
9,0,2,20,4276995,4276995,2,2122888,2122984,1,4245984,-31011,-31011,-31011
9,0,4,18,4434051,4434051,2,2201416,2202120,1,4404257,-29794,-29794,-29794
9,0,6,16,4416291,4424483,2,2192536,2197336,0,4394687,-21604,-29796,-29796
9,0,8,14,4420067,4420067,2,2194424,2195392,1,4390794,-29273,-29273,-29273
9,0,10,12,4419267,4419267,2,2194024,2201984,1,4403981,-15286,-15286,-15286
9,0,12,10,4419267,4419267,2,2194024,2201984,1,4403981,-15286,-15286,-15286
9,0,14,8,4420067,4420067,2,2194424,2195392,1,4390794,-29273,-29273,-29273
9,0,16,6,4416291,4424483,2,2192536,2197336,0,4394687,-21604,-29796,-29796
9,0,18,4,4434051,4434051,2,2201416,2202120,1,4404257,-29794,-29794,-29794
9,0,20,2,4276995,4276995,2,2122888,2122984,1,4245984,-31011,-31011,-31011
9,2,0,20,4276995,4276995,2,2122888,2122984,1,4245984,-31011,-31011,-31011
9,2,2,18,4434771,4434771,2,2198656,2202176,1,4404366,-30405,-30405,-30405
9,2,4,16,4417027,4417027,2,2189784,2193608,1,4387231,-29796,-29796,-29796
9,2,6,14,4420243,4428435,2,2191392,2199576,0,4399170,-21073,-29265,-29264
9,2,8,12,4419459,4419459,2,2194120,2201816,1,4403647,-15812,-15812,-15812
9,2,10,10,4420179,4420179,2,2194480,2202176,1,4404366,-15813,-15813,-15813
9,2,12,8,4419459,4419459,2,2194120,2201816,1,4403647,-15812,-15812,-15812
9,2,14,6,4420243,4428435,2,2191392,2199576,0,4399170,-21073,-29265,-29264
9,2,16,4,4417027,4417027,2,2189784,2193608,1,4387231,-29796,-29796,-29796
9,2,18,2,4434771,4434771,2,2198656,2202176,1,4404366,-30405,-30405,-30405
9,2,20,0,4276995,4276995,2,2122888,2122984,1,4245984,-31011,-31011,-31011
9,4,0,18,4434051,4434051,2,2201416,2202120,1,4404257,-29794,-29794,-29794
9,4,2,16,4417027,4417027,2,2189784,2193608,1,4387231,-29796,-29796,-29796
9,4,4,14,4420259,4420259,2,2191400,2195488,1,4390994,-29265,-29265,-29265
9,4,6,12,4418915,4427107,2,2193848,2205640,0,4411294,-7621,-15813,-15813
9,4,8,10,4419651,4419651,2,2194216,2201912,1,4403839,-15812,-15812,-15812
9,4,10,8,4419651,4419651,2,2194216,2201912,1,4403839,-15812,-15812,-15812
9,4,12,6,4418915,4427107,2,2193848,2205640,0,4411294,-7621,-15813,-15813
9,4,14,4,4420259,4420259,2,2191400,2195488,1,4390994,-29265,-29265,-29265
9,4,16,2,4417027,4417027,2,2189784,2193608,1,4387231,-29796,-29796,-29796
9,4,18,0,4434051,4434051,2,2201416,2202120,1,4404257,-29794,-29794,-29794
9,6,0,16,4416291,4424483,2,2192536,2197336,0,4394687,-21604,-29796,-29796
9,6,2,14,4420243,4428435,2,2191392,2199576,0,4399170,-21073,-29265,-29264
9,6,4,12,4418915,4427107,2,2193848,2205640,0,4411294,-7621,-15813,-15813
9,6,6,10,4419091,4435475,2,2190464,2209824,0,4419663,572,-15812,-15811
9,6,8,8,4419107,4427299,2,2190472,2206040,0,4412095,-7012,-15204,-15204
9,6,10,6,4419091,4435475,2,2190464,2209824,0,4419663,572,-15812,-15811
9,6,12,4,4418915,4427107,2,2193848,2205640,0,4411294,-7621,-15813,-15813
9,6,14,2,4420243,4428435,2,2191392,2199576,0,4399170,-21073,-29265,-29264
9,6,16,0,4416291,4424483,2,2192536,2197336,0,4394687,-21604,-29796,-29796
9,8,0,14,4420067,4420067,2,2194424,2195392,1,4390794,-29273,-29273,-29273
9,8,2,12,4419459,4419459,2,2194120,2201816,1,4403647,-15812,-15812,-15812
9,8,4,10,4419651,4419651,2,2194216,2201912,1,4403839,-15812,-15812,-15812
9,8,6,8,4419107,4427299,2,2190472,2206040,0,4412095,-7012,-15204,-15204
9,8,8,6,4419107,4427299,2,2190472,2206040,0,4412095,-7012,-15204,-15204
9,8,10,4,4419651,4419651,2,2194216,2201912,1,4403839,-15812,-15812,-15812
9,8,12,2,4419459,4419459,2,2194120,2201816,1,4403647,-15812,-15812,-15812
9,8,14,0,4420067,4420067,2,2194424,2195392,1,4390794,-29273,-29273,-29273
9,10,0,12,4419267,4419267,2,2194024,2201984,1,4403981,-15286,-15286,-15286
9,10,2,10,4420179,4420179,2,2194480,2202176,1,4404366,-15813,-15813,-15813
9,10,4,8,4419651,4419651,2,2194216,2201912,1,4403839,-15812,-15812,-15812
9,10,6,6,4419091,4435475,2,2190464,2209824,0,4419663,572,-15812,-15811
9,10,8,4,4419651,4419651,2,2194216,2201912,1,4403839,-15812,-15812,-15812
9,10,10,2,4420179,4420179,2,2194480,2202176,1,4404366,-15813,-15813,-15813
9,10,12,0,4419267,4419267,2,2194024,2201984,1,4403981,-15286,-15286,-15286
9,12,0,10,4419267,4419267,2,2194024,2201984,1,4403981,-15286,-15286,-15286
9,12,2,8,4419459,4419459,2,2194120,2201816,1,4403647,-15812,-15812,-15812
9,12,4,6,4418915,4427107,2,2193848,2205640,0,4411294,-7621,-15813,-15813
9,12,6,4,4418915,4427107,2,2193848,2205640,0,4411294,-7621,-15813,-15813
9,12,8,2,4419459,4419459,2,2194120,2201816,1,4403647,-15812,-15812,-15812
9,12,10,0,4419267,4419267,2,2194024,2201984,1,4403981,-15286,-15286,-15286
9,14,0,8,4420067,4420067,2,2194424,2195392,1,4390794,-29273,-29273,-29273
9,14,2,6,4420243,4428435,2,2191392,2199576,0,4399170,-21073,-29265,-29264
9,14,4,4,4420259,4420259,2,2191400,2195488,1,4390994,-29265,-29265,-29265
9,14,6,2,4420243,4428435,2,2191392,2199576,0,4399170,-21073,-29265,-29264
9,14,8,0,4420067,4420067,2,2194424,2195392,1,4390794,-29273,-29273,-29273
9,16,0,6,4416291,4424483,2,2192536,2197336,0,4394687,-21604,-29796,-29796
9,16,2,4,4417027,4417027,2,2189784,2193608,1,4387231,-29796,-29796,-29796
9,16,4,2,4417027,4417027,2,2189784,2193608,1,4387231,-29796,-29796,-29796
9,16,6,0,4416291,4424483,2,2192536,2197336,0,4394687,-21604,-29796,-29796
9,18,0,4,4434051,4434051,2,2201416,2202120,1,4404257,-29794,-29794,-29794
9,18,2,2,4434771,4434771,2,2198656,2202176,1,4404366,-30405,-30405,-30405
9,18,4,0,4434051,4434051,2,2201416,2202120,1,4404257,-29794,-29794,-29794
9,20,0,2,4276995,4276995,2,2122888,2122984,1,4245984,-31011,-31011,-31011
9,20,2,0,4276995,4276995,2,2122888,2122984,1,4245984,-31011,-31011,-31011
10,1,1,19,4277451,4277451,2,2120128,2123744,1,4247501,-29950,-29950,-29950
10,1,3,17,4434507,4434507,2,2198656,2202480,1,4404973,-29534,-29534,-29534
10,1,5,15,4416747,4424939,2,2189776,2197696,0,4395407,-21340,-29532,-29532
10,1,7,13,4420523,4420523,2,2191664,2202480,1,4404973,-15550,-15550,-15550
10,1,9,11,4419723,4419723,2,2196048,2202080,1,4404173,-15550,-15550,-15550
10,1,11,9,4419723,4419723,2,2196048,2202080,1,4404173,-15550,-15550,-15550
10,1,13,7,4420523,4420523,2,2191664,2202480,1,4404973,-15550,-15550,-15550
10,1,15,5,4416747,4424939,2,2189776,2197696,0,4395407,-21340,-29532,-29532
10,1,17,3,4434507,4434507,2,2198656,2202480,1,4404973,-29534,-29534,-29534
10,1,19,1,4277451,4277451,2,2120128,2123744,1,4247501,-29950,-29950,-29950
10,3,1,17,4434507,4434507,2,2198656,2202480,1,4404973,-29534,-29534,-29534
10,3,3,15,4416763,4416763,2,2189784,2193608,1,4387231,-29532,-29532,-29532
10,3,5,13,4419979,4428171,2,2191392,2199312,0,4398639,-21340,-29532,-29532
10,3,7,11,4419195,4419195,2,2194568,2201816,1,4403647,-15548,-15548,-15548
10,3,9,9,4419915,4419915,2,2194928,2202176,1,4404366,-15549,-15549,-15549
10,3,11,7,4419195,4419195,2,2194568,2201816,1,4403647,-15548,-15548,-15548
10,3,13,5,4419979,4428171,2,2191392,2199312,0,4398639,-21340,-29532,-29532
10,3,15,3,4416763,4416763,2,2189784,2193608,1,4387231,-29532,-29532,-29532
10,3,17,1,4434507,4434507,2,2198656,2202480,1,4404973,-29534,-29534,-29534
10,5,1,15,4416747,4424939,2,2189776,2197696,0,4395407,-21340,-29532,-29532
10,5,3,13,4419979,4428171,2,2191392,2199312,0,4398639,-21340,-29532,-29532
10,5,5,11,4418635,4435019,2,2194192,2209728,0,4419467,832,-15552,-15551
10,5,7,9,4419371,4427563,2,2194560,2206000,0,4412015,-7356,-15548,-15548
10,5,9,7,4419371,4427563,2,2194560,2206000,0,4412015,-7356,-15548,-15548
10,5,11,5,4418635,4435019,2,2194192,2209728,0,4419467,832,-15552,-15551
10,5,13,3,4419979,4428171,2,2191392,2199312,0,4398639,-21340,-29532,-29532
10,5,15,1,4416747,4424939,2,2189776,2197696,0,4395407,-21340,-29532,-29532
10,7,1,13,4420523,4420523,2,2191664,2202480,1,4404973,-15550,-15550,-15550
10,7,3,11,4419195,4419195,2,2194568,2201816,1,4403647,-15548,-15548,-15548
10,7,5,9,4419371,4427563,2,2194560,2206000,0,4412015,-7356,-15548,-15548
10,7,7,7,4419387,4419387,2,2194568,2202216,1,4404447,-14940,-14940,-14940
10,7,9,5,4419371,4427563,2,2194560,2206000,0,4412015,-7356,-15548,-15548
10,7,11,3,4419195,4419195,2,2194568,2201816,1,4403647,-15548,-15548,-15548
10,7,13,1,4420523,4420523,2,2191664,2202480,1,4404973,-15550,-15550,-15550
10,9,1,11,4419723,4419723,2,2196048,2202080,1,4404173,-15550,-15550,-15550
10,9,3,9,4419915,4419915,2,2194928,2202176,1,4404366,-15549,-15549,-15549
10,9,5,7,4419371,4427563,2,2194560,2206000,0,4412015,-7356,-15548,-15548
10,9,7,5,4419371,4427563,2,2194560,2206000,0,4412015,-7356,-15548,-15548
10,9,9,3,4419915,4419915,2,2194928,2202176,1,4404366,-15549,-15549,-15549
10,9,11,1,4419723,4419723,2,2196048,2202080,1,4404173,-15550,-15550,-15550
10,11,1,9,4419723,4419723,2,2196048,2202080,1,4404173,-15550,-15550,-15550
10,11,3,7,4419195,4419195,2,2194568,2201816,1,4403647,-15548,-15548,-15548
10,11,5,5,4418635,4435019,2,2194192,2209728,0,4419467,832,-15552,-15551
10,11,7,3,4419195,4419195,2,2194568,2201816,1,4403647,-15548,-15548,-15548
10,11,9,1,4419723,4419723,2,2196048,2202080,1,4404173,-15550,-15550,-15550
10,13,1,7,4420523,4420523,2,2191664,2202480,1,4404973,-15550,-15550,-15550
10,13,3,5,4419979,4428171,2,2191392,2199312,0,4398639,-21340,-29532,-29532
10,13,5,3,4419979,4428171,2,2191392,2199312,0,4398639,-21340,-29532,-29532
10,13,7,1,4420523,4420523,2,2191664,2202480,1,4404973,-15550,-15550,-15550
10,15,1,5,4416747,4424939,2,2189776,2197696,0,4395407,-21340,-29532,-29532
10,15,3,3,4416763,4416763,2,2189784,2193608,1,4387231,-29532,-29532,-29532
10,15,5,1,4416747,4424939,2,2189776,2197696,0,4395407,-21340,-29532,-29532
10,17,1,3,4434507,4434507,2,2198656,2202480,1,4404973,-29534,-29534,-29534
10,17,3,1,4434507,4434507,2,2198656,2202480,1,4404973,-29534,-29534,-29534
10,19,1,1,4277451,4277451,2,2120128,2123744,1,4247501,-29950,-29950,-29950
11,0,2,18,4277187,4277187,2,2116040,2123688,1,4247391,-29796,-29796,-29796
11,0,4,16,4434227,4442419,2,2194560,2206304,0,4412622,-21605,-29797,-29797
11,0,6,14,4417027,4417027,2,2185960,2193872,1,4387757,-29270,-29270,-29270
11,0,8,12,4420787,4420787,2,2187840,2202744,1,4405502,-15285,-15285,-15285
11,0,10,10,4419267,4419267,2,2194024,2201984,1,4403981,-15286,-15286,-15286
11,0,12,8,4420787,4420787,2,2187840,2202744,1,4405502,-15285,-15285,-15285
11,0,14,6,4417027,4417027,2,2185960,2193872,1,4387757,-29270,-29270,-29270
11,0,16,4,4434227,4442419,2,2194560,2206304,0,4412622,-21605,-29797,-29797
11,0,18,2,4277187,4277187,2,2116040,2123688,1,4247391,-29796,-29796,-29796
11,2,0,18,4277187,4277187,2,2116040,2123688,1,4247391,-29796,-29796,-29796
11,2,2,16,4434243,4434243,2,2194568,2202216,1,4404447,-29796,-29796,-29796
11,2,4,14,4416483,4424675,2,2185688,2197696,0,4395407,-21076,-29268,-29268
11,2,6,12,4420259,4420259,2,2187576,2195488,1,4390994,-29265,-29265,-29265
11,2,8,10,4419459,4419459,2,2194120,2201816,1,4403647,-15812,-15812,-15812
11,2,10,8,4419459,4419459,2,2194120,2201816,1,4403647,-15812,-15812,-15812
11,2,12,6,4420259,4420259,2,2187576,2195488,1,4390994,-29265,-29265,-29265
11,2,14,4,4416483,4424675,2,2185688,2197696,0,4395407,-21076,-29268,-29268
11,2,16,2,4434243,4434243,2,2194568,2202216,1,4404447,-29796,-29796,-29796
11,2,18,0,4277187,4277187,2,2116040,2123688,1,4247391,-29796,-29796,-29796
11,4,0,16,4434227,4442419,2,2194560,2206304,0,4412622,-21605,-29797,-29797
11,4,2,14,4416483,4424675,2,2185688,2197696,0,4395407,-21076,-29268,-29268
11,4,4,12,4419699,4436083,2,2187296,2203136,0,4406283,-13416,-29800,-29799
11,4,6,10,4418915,4427107,2,2193848,2205640,0,4411294,-7621,-15813,-15813
11,4,8,8,4419635,4427827,2,2194208,2205696,0,4411403,-8232,-16424,-16424
11,4,10,6,4418915,4427107,2,2193848,2205640,0,4411294,-7621,-15813,-15813
11,4,12,4,4419699,4436083,2,2187296,2203136,0,4406283,-13416,-29800,-29799
11,4,14,2,4416483,4424675,2,2185688,2197696,0,4395407,-21076,-29268,-29268
11,4,16,0,4434227,4442419,2,2194560,2206304,0,4412622,-21605,-29797,-29797
11,6,0,14,4417027,4417027,2,2185960,2193872,1,4387757,-29270,-29270,-29270
11,6,2,12,4420259,4420259,2,2187576,2195488,1,4390994,-29265,-29265,-29265
11,6,4,10,4418915,4427107,2,2193848,2205640,0,4411294,-7621,-15813,-15813
11,6,6,8,4419651,4419651,2,2190744,2202176,1,4404366,-15285,-15285,-15285
11,6,8,6,4419651,4419651,2,2190744,2202176,1,4404366,-15285,-15285,-15285
11,6,10,4,4418915,4427107,2,2193848,2205640,0,4411294,-7621,-15813,-15813
11,6,12,2,4420259,4420259,2,2187576,2195488,1,4390994,-29265,-29265,-29265
11,6,14,0,4417027,4417027,2,2185960,2193872,1,4387757,-29270,-29270,-29270
11,8,0,12,4420787,4420787,2,2187840,2202744,1,4405502,-15285,-15285,-15285
11,8,2,10,4419459,4419459,2,2194120,2201816,1,4403647,-15812,-15812,-15812
11,8,4,8,4419635,4427827,2,2194208,2205696,0,4411403,-8232,-16424,-16424
11,8,6,6,4419651,4419651,2,2190744,2202176,1,4404366,-15285,-15285,-15285
11,8,8,4,4419635,4427827,2,2194208,2205696,0,4411403,-8232,-16424,-16424
11,8,10,2,4419459,4419459,2,2194120,2201816,1,4403647,-15812,-15812,-15812
11,8,12,0,4420787,4420787,2,2187840,2202744,1,4405502,-15285,-15285,-15285
11,10,0,10,4419267,4419267,2,2194024,2201984,1,4403981,-15286,-15286,-15286
11,10,2,8,4419459,4419459,2,2194120,2201816,1,4403647,-15812,-15812,-15812
11,10,4,6,4418915,4427107,2,2193848,2205640,0,4411294,-7621,-15813,-15813
11,10,6,4,4418915,4427107,2,2193848,2205640,0,4411294,-7621,-15813,-15813
11,10,8,2,4419459,4419459,2,2194120,2201816,1,4403647,-15812,-15812,-15812
11,10,10,0,4419267,4419267,2,2194024,2201984,1,4403981,-15286,-15286,-15286
11,12,0,8,4420787,4420787,2,2187840,2202744,1,4405502,-15285,-15285,-15285
11,12,2,6,4420259,4420259,2,2187576,2195488,1,4390994,-29265,-29265,-29265
11,12,4,4,4419699,4436083,2,2187296,2203136,0,4406283,-13416,-29800,-29799
11,12,6,2,4420259,4420259,2,2187576,2195488,1,4390994,-29265,-29265,-29265
11,12,8,0,4420787,4420787,2,2187840,2202744,1,4405502,-15285,-15285,-15285
11,14,0,6,4417027,4417027,2,2185960,2193872,1,4387757,-29270,-29270,-29270
11,14,2,4,4416483,4424675,2,2185688,2197696,0,4395407,-21076,-29268,-29268
11,14,4,2,4416483,4424675,2,2185688,2197696,0,4395407,-21076,-29268,-29268
11,14,6,0,4417027,4417027,2,2185960,2193872,1,4387757,-29270,-29270,-29270
11,16,0,4,4434227,4442419,2,2194560,2206304,0,4412622,-21605,-29797,-29797
11,16,2,2,4434243,4434243,2,2194568,2202216,1,4404447,-29796,-29796,-29796
11,16,4,0,4434227,4442419,2,2194560,2206304,0,4412622,-21605,-29797,-29797
11,18,0,2,4277187,4277187,2,2116040,2123688,1,4247391,-29796,-29796,-29796
11,18,2,0,4277187,4277187,2,2116040,2123688,1,4247391,-29796,-29796,-29796
12,1,1,17,4276923,4276923,2,2119864,2123688,1,4247391,-29532,-29532,-29532
12,1,3,15,4433963,4442155,2,2198384,2206304,0,4412622,-21341,-29533,-29533
12,1,5,13,4416763,4416763,2,2189784,2200600,1,4401217,-15546,-15546,-15546
12,1,7,11,4420523,4420523,2,2191664,2202480,1,4404973,-15550,-15550,-15550
12,1,9,9,4419003,4419003,2,2197848,2201720,1,4403455,-15548,-15548,-15548
12,1,11,7,4420523,4420523,2,2191664,2202480,1,4404973,-15550,-15550,-15550
12,1,13,5,4416763,4416763,2,2189784,2200600,1,4401217,-15546,-15546,-15546
12,1,15,3,4433963,4442155,2,2198384,2206304,0,4412622,-21341,-29533,-29533
12,1,17,1,4276923,4276923,2,2119864,2123688,1,4247391,-29532,-29532,-29532
12,3,1,15,4433963,4442155,2,2198384,2206304,0,4412622,-21341,-29533,-29533
12,3,3,13,4416203,4432587,2,2189504,2201520,0,4403053,-13150,-29534,-29533
12,3,5,11,4419979,4428171,2,2191392,2199312,0,4398639,-21340,-29532,-29532
12,3,7,9,4419179,4427371,2,2194560,2205600,0,4411213,-7966,-16158,-16158
12,3,9,7,4419179,4427371,2,2194560,2205600,0,4411213,-7966,-16158,-16158
12,3,11,5,4419979,4428171,2,2191392,2199312,0,4398639,-21340,-29532,-29532
12,3,13,3,4416203,4432587,2,2189504,2201520,0,4403053,-13150,-29534,-29533
12,3,15,1,4433963,4442155,2,2198384,2206304,0,4412622,-21341,-29533,-29533
12,5,1,13,4416763,4416763,2,2189784,2200600,1,4401217,-15546,-15546,-15546
12,5,3,11,4419979,4428171,2,2191392,2199312,0,4398639,-21340,-29532,-29532
12,5,5,9,4419195,4419195,2,2194472,2201816,1,4403647,-15548,-15548,-15548
12,5,7,7,4419915,4419915,2,2194832,2201872,1,4403760,-16155,-16155,-16155
12,5,9,5,4419195,4419195,2,2194472,2201816,1,4403647,-15548,-15548,-15548
12,5,11,3,4419979,4428171,2,2191392,2199312,0,4398639,-21340,-29532,-29532
12,5,13,1,4416763,4416763,2,2189784,2200600,1,4401217,-15546,-15546,-15546
12,7,1,11,4420523,4420523,2,2191664,2202480,1,4404973,-15550,-15550,-15550
12,7,3,9,4419179,4427371,2,2194560,2205600,0,4411213,-7966,-16158,-16158
12,7,5,7,4419915,4419915,2,2194832,2201872,1,4403760,-16155,-16155,-16155
12,7,7,5,4419915,4419915,2,2194832,2201872,1,4403760,-16155,-16155,-16155
12,7,9,3,4419179,4427371,2,2194560,2205600,0,4411213,-7966,-16158,-16158
12,7,11,1,4420523,4420523,2,2191664,2202480,1,4404973,-15550,-15550,-15550
12,9,1,9,4419003,4419003,2,2197848,2201720,1,4403455,-15548,-15548,-15548
12,9,3,7,4419179,4427371,2,2194560,2205600,0,4411213,-7966,-16158,-16158
12,9,5,5,4419195,4419195,2,2194472,2201816,1,4403647,-15548,-15548,-15548
12,9,7,3,4419179,4427371,2,2194560,2205600,0,4411213,-7966,-16158,-16158
12,9,9,1,4419003,4419003,2,2197848,2201720,1,4403455,-15548,-15548,-15548
12,11,1,7,4420523,4420523,2,2191664,2202480,1,4404973,-15550,-15550,-15550
12,11,3,5,4419979,4428171,2,2191392,2199312,0,4398639,-21340,-29532,-29532
12,11,5,3,4419979,4428171,2,2191392,2199312,0,4398639,-21340,-29532,-29532
12,11,7,1,4420523,4420523,2,2191664,2202480,1,4404973,-15550,-15550,-15550
12,13,1,5,4416763,4416763,2,2189784,2200600,1,4401217,-15546,-15546,-15546
12,13,3,3,4416203,4432587,2,2189504,2201520,0,4403053,-13150,-29534,-29533
12,13,5,1,4416763,4416763,2,2189784,2200600,1,4401217,-15546,-15546,-15546
12,15,1,3,4433963,4442155,2,2198384,2206304,0,4412622,-21341,-29533,-29533
12,15,3,1,4433963,4442155,2,2198384,2206304,0,4412622,-21341,-29533,-29533
12,17,1,1,4276923,4276923,2,2119864,2123688,1,4247391,-29532,-29532,-29532
13,0,2,16,4276643,4284835,2,2115768,2127512,0,4255039,-21604,-29796,-29795
13,0,4,14,4434243,4434243,2,2194568,2202480,1,4404973,-29270,-29270,-29270
13,0,6,12,4417027,4417027,2,2185960,2193872,1,4387757,-29270,-29270,-29270
13,0,8,10,4420067,4420067,2,2194424,2195392,1,4390794,-29273,-29273,-29273
13,0,10,8,4420067,4420067,2,2194424,2195392,1,4390794,-29273,-29273,-29273
13,0,12,6,4417027,4417027,2,2185960,2193872,1,4387757,-29270,-29270,-29270
13,0,14,4,4434243,4434243,2,2194568,2202480,1,4404973,-29270,-29270,-29270
13,0,16,2,4276643,4284835,2,2115768,2127512,0,4255039,-21604,-29796,-29795
13,2,0,16,4276643,4284835,2,2115768,2127512,0,4255039,-21604,-29796,-29795
13,2,2,14,4433683,4450067,2,2194288,2210392,0,4420798,-12885,-29269,-29268
13,2,4,12,4416483,4424675,2,2185688,2197696,0,4395407,-21076,-29268,-29268
13,2,6,10,4420243,4428435,2,2191392,2199576,0,4399170,-21073,-29265,-29264
13,2,8,8,4418723,4426915,2,2193752,2205512,0,4411039,-7684,-15876,-15876
13,2,10,6,4420243,4428435,2,2191392,2199576,0,4399170,-21073,-29265,-29264
13,2,12,4,4416483,4424675,2,2185688,2197696,0,4395407,-21076,-29268,-29268
13,2,14,2,4433683,4450067,2,2194288,2210392,0,4420798,-12885,-29269,-29268
13,2,16,0,4276643,4284835,2,2115768,2127512,0,4255039,-21604,-29796,-29795
13,4,0,14,4434243,4434243,2,2194568,2202480,1,4404973,-29270,-29270,-29270
13,4,2,12,4416483,4424675,2,2185688,2197696,0,4395407,-21076,-29268,-29268
13,4,4,10,4420259,4420259,2,2191400,2195488,1,4390994,-29265,-29265,-29265
13,4,6,8,4419459,4419459,2,2194120,2201816,1,4403647,-15812,-15812,-15812
13,4,8,6,4419459,4419459,2,2194120,2201816,1,4403647,-15812,-15812,-15812
13,4,10,4,4420259,4420259,2,2191400,2195488,1,4390994,-29265,-29265,-29265
13,4,12,2,4416483,4424675,2,2185688,2197696,0,4395407,-21076,-29268,-29268
13,4,14,0,4434243,4434243,2,2194568,2202480,1,4404973,-29270,-29270,-29270
13,6,0,12,4417027,4417027,2,2185960,2193872,1,4387757,-29270,-29270,-29270
13,6,2,10,4420243,4428435,2,2191392,2199576,0,4399170,-21073,-29265,-29264
13,6,4,8,4419459,4419459,2,2194120,2201816,1,4403647,-15812,-15812,-15812
13,6,6,6,4420179,4420179,2,2191008,2202176,1,4404366,-15813,-15813,-15813
13,6,8,4,4419459,4419459,2,2194120,2201816,1,4403647,-15812,-15812,-15812
13,6,10,2,4420243,4428435,2,2191392,2199576,0,4399170,-21073,-29265,-29264
13,6,12,0,4417027,4417027,2,2185960,2193872,1,4387757,-29270,-29270,-29270
13,8,0,10,4420067,4420067,2,2194424,2195392,1,4390794,-29273,-29273,-29273
13,8,2,8,4418723,4426915,2,2193752,2205512,0,4411039,-7684,-15876,-15876
13,8,4,6,4419459,4419459,2,2194120,2201816,1,4403647,-15812,-15812,-15812
13,8,6,4,4419459,4419459,2,2194120,2201816,1,4403647,-15812,-15812,-15812
13,8,8,2,4418723,4426915,2,2193752,2205512,0,4411039,-7684,-15876,-15876
13,8,10,0,4420067,4420067,2,2194424,2195392,1,4390794,-29273,-29273,-29273
13,10,0,8,4420067,4420067,2,2194424,2195392,1,4390794,-29273,-29273,-29273
13,10,2,6,4420243,4428435,2,2191392,2199576,0,4399170,-21073,-29265,-29264
13,10,4,4,4420259,4420259,2,2191400,2195488,1,4390994,-29265,-29265,-29265
13,10,6,2,4420243,4428435,2,2191392,2199576,0,4399170,-21073,-29265,-29264
13,10,8,0,4420067,4420067,2,2194424,2195392,1,4390794,-29273,-29273,-29273
13,12,0,6,4417027,4417027,2,2185960,2193872,1,4387757,-29270,-29270,-29270
13,12,2,4,4416483,4424675,2,2185688,2197696,0,4395407,-21076,-29268,-29268
13,12,4,2,4416483,4424675,2,2185688,2197696,0,4395407,-21076,-29268,-29268
13,12,6,0,4417027,4417027,2,2185960,2193872,1,4387757,-29270,-29270,-29270
13,14,0,4,4434243,4434243,2,2194568,2202480,1,4404973,-29270,-29270,-29270
13,14,2,2,4433683,4450067,2,2194288,2210392,0,4420798,-12885,-29269,-29268
13,14,4,0,4434243,4434243,2,2194568,2202480,1,4404973,-29270,-29270,-29270
13,16,0,2,4276643,4284835,2,2115768,2127512,0,4255039,-21604,-29796,-29795
13,16,2,0,4276643,4284835,2,2115768,2127512,0,4255039,-21604,-29796,-29795
14,1,1,15,4276363,4292747,2,2119584,2131600,0,4263217,-13146,-29530,-29530
14,1,3,13,4433963,4442155,2,2198384,2206304,0,4412622,-21341,-29533,-29533
14,1,5,11,4416747,4424939,2,2189776,2197696,0,4395407,-21340,-29532,-29532
14,1,7,9,4419787,4427979,2,2195120,2199216,0,4398446,-21341,-29533,-29533
14,1,9,7,4419787,4427979,2,2195120,2199216,0,4398446,-21341,-29533,-29533
14,1,11,5,4416747,4424939,2,2189776,2197696,0,4395407,-21340,-29532,-29532
14,1,13,3,4433963,4442155,2,2198384,2206304,0,4412622,-21341,-29533,-29533
14,1,15,1,4276363,4292747,2,2119584,2131600,0,4263217,-13146,-29530,-29530
14,3,1,13,4433963,4442155,2,2198384,2206304,0,4412622,-21341,-29533,-29533
14,3,3,11,4416763,4416763,2,2189784,2193608,1,4387231,-29532,-29532,-29532
14,3,5,9,4420523,4420523,2,2191760,2195488,1,4390994,-29529,-29529,-29529
14,3,7,7,4419003,4419003,2,2197848,2201416,1,4402847,-16156,-16156,-16156
14,3,9,5,4420523,4420523,2,2191760,2195488,1,4390994,-29529,-29529,-29529
14,3,11,3,4416763,4416763,2,2189784,2193608,1,4387231,-29532,-29532,-29532
14,3,13,1,4433963,4442155,2,2198384,2206304,0,4412622,-21341,-29533,-29533
14,5,1,11,4416747,4424939,2,2189776,2197696,0,4395407,-21340,-29532,-29532
14,5,3,9,4420523,4420523,2,2191760,2195488,1,4390994,-29529,-29529,-29529
14,5,5,7,4419723,4419723,2,2194736,2201776,1,4403567,-16156,-16156,-16156
14,5,7,5,4419723,4419723,2,2194736,2201776,1,4403567,-16156,-16156,-16156
14,5,9,3,4420523,4420523,2,2191760,2195488,1,4390994,-29529,-29529,-29529
14,5,11,1,4416747,4424939,2,2189776,2197696,0,4395407,-21340,-29532,-29532
14,7,1,9,4419787,4427979,2,2195120,2199216,0,4398446,-21341,-29533,-29533
14,7,3,7,4419003,4419003,2,2197848,2201416,1,4402847,-16156,-16156,-16156
14,7,5,5,4419723,4419723,2,2194736,2201776,1,4403567,-16156,-16156,-16156
14,7,7,3,4419003,4419003,2,2197848,2201416,1,4402847,-16156,-16156,-16156
14,7,9,1,4419787,4427979,2,2195120,2199216,0,4398446,-21341,-29533,-29533
14,9,1,7,4419787,4427979,2,2195120,2199216,0,4398446,-21341,-29533,-29533
14,9,3,5,4420523,4420523,2,2191760,2195488,1,4390994,-29529,-29529,-29529
14,9,5,3,4420523,4420523,2,2191760,2195488,1,4390994,-29529,-29529,-29529
14,9,7,1,4419787,4427979,2,2195120,2199216,0,4398446,-21341,-29533,-29533
14,11,1,5,4416747,4424939,2,2189776,2197696,0,4395407,-21340,-29532,-29532
14,11,3,3,4416763,4416763,2,2189784,2193608,1,4387231,-29532,-29532,-29532
14,11,5,1,4416747,4424939,2,2189776,2197696,0,4395407,-21340,-29532,-29532
14,13,1,3,4433963,4442155,2,2198384,2206304,0,4412622,-21341,-29533,-29533
14,13,3,1,4433963,4442155,2,2198384,2206304,0,4412622,-21341,-29533,-29533
14,15,1,1,4276363,4292747,2,2119584,2131600,0,4263217,-13146,-29530,-29530
15,0,2,14,4276643,4284835,2,2115768,2127512,0,4255039,-21604,-29796,-29795
15,0,4,12,4434227,4442419,2,2194560,2206304,0,4412622,-21605,-29797,-29797
15,0,6,10,4416291,4424483,2,2192536,2197336,0,4394687,-21604,-29796,-29796
15,0,8,8,4420851,4429043,2,2194816,2199616,0,4399248,-21603,-29795,-29794
15,0,10,6,4416291,4424483,2,2192536,2197336,0,4394687,-21604,-29796,-29796
15,0,12,4,4434227,4442419,2,2194560,2206304,0,4412622,-21605,-29797,-29797
15,0,14,2,4276643,4284835,2,2115768,2127512,0,4255039,-21604,-29796,-29795
15,2,0,14,4276643,4284835,2,2115768,2127512,0,4255039,-21604,-29796,-29795
15,2,2,12,4434243,4434243,2,2194568,2202216,1,4404447,-29796,-29796,-29796
15,2,4,10,4417027,4417027,2,2189784,2193608,1,4387231,-29796,-29796,-29796
15,2,6,8,4420067,4420067,2,2194424,2195128,1,4390268,-29799,-29799,-29799
15,2,8,6,4420067,4420067,2,2194424,2195128,1,4390268,-29799,-29799,-29799
15,2,10,4,4417027,4417027,2,2189784,2193608,1,4387231,-29796,-29796,-29796
15,2,12,2,4434243,4434243,2,2194568,2202216,1,4404447,-29796,-29796,-29796
15,2,14,0,4276643,4284835,2,2115768,2127512,0,4255039,-21604,-29796,-29795
15,4,0,12,4434227,4442419,2,2194560,2206304,0,4412622,-21605,-29797,-29797
15,4,2,10,4417027,4417027,2,2189784,2193608,1,4387231,-29796,-29796,-29796
15,4,4,8,4420787,4420787,2,2191360,2195488,1,4390994,-29793,-29793,-29793
15,4,6,6,4419267,4419267,2,2194024,2201416,1,4402847,-16420,-16420,-16420
15,4,8,4,4420787,4420787,2,2191360,2195488,1,4390994,-29793,-29793,-29793
15,4,10,2,4417027,4417027,2,2189784,2193608,1,4387231,-29796,-29796,-29796
15,4,12,0,4434227,4442419,2,2194560,2206304,0,4412622,-21605,-29797,-29797
15,6,0,10,4416291,4424483,2,2192536,2197336,0,4394687,-21604,-29796,-29796
15,6,2,8,4420067,4420067,2,2194424,2195128,1,4390268,-29799,-29799,-29799
15,6,4,6,4419267,4419267,2,2194024,2201416,1,4402847,-16420,-16420,-16420
15,6,6,4,4419267,4419267,2,2194024,2201416,1,4402847,-16420,-16420,-16420
15,6,8,2,4420067,4420067,2,2194424,2195128,1,4390268,-29799,-29799,-29799
15,6,10,0,4416291,4424483,2,2192536,2197336,0,4394687,-21604,-29796,-29796
15,8,0,8,4420851,4429043,2,2194816,2199616,0,4399248,-21603,-29795,-29794
15,8,2,6,4420067,4420067,2,2194424,2195128,1,4390268,-29799,-29799,-29799
15,8,4,4,4420787,4420787,2,2191360,2195488,1,4390994,-29793,-29793,-29793
15,8,6,2,4420067,4420067,2,2194424,2195128,1,4390268,-29799,-29799,-29799
15,8,8,0,4420851,4429043,2,2194816,2199616,0,4399248,-21603,-29795,-29794
15,10,0,6,4416291,4424483,2,2192536,2197336,0,4394687,-21604,-29796,-29796
15,10,2,4,4417027,4417027,2,2189784,2193608,1,4387231,-29796,-29796,-29796
15,10,4,2,4417027,4417027,2,2189784,2193608,1,4387231,-29796,-29796,-29796
15,10,6,0,4416291,4424483,2,2192536,2197336,0,4394687,-21604,-29796,-29796
15,12,0,4,4434227,4442419,2,2194560,2206304,0,4412622,-21605,-29797,-29797
15,12,2,2,4434243,4434243,2,2194568,2202216,1,4404447,-29796,-29796,-29796
15,12,4,0,4434227,4442419,2,2194560,2206304,0,4412622,-21605,-29797,-29797
15,14,0,2,4276643,4284835,2,2115768,2127512,0,4255039,-21604,-29796,-29795
15,14,2,0,4276643,4284835,2,2115768,2127512,0,4255039,-21604,-29796,-29795
16,1,1,13,4276923,4276923,2,2119864,2123688,1,4247391,-29532,-29532,-29532
16,1,3,11,4434507,4434507,2,2198656,2202480,1,4404973,-29534,-29534,-29534
16,1,5,9,4416571,4416571,2,2193512,2193512,1,4387039,-29532,-29532,-29532
16,1,7,7,4421131,4421131,2,2195888,2195888,1,4391792,-29339,-29339,-29339
16,1,9,5,4416571,4416571,2,2193512,2193512,1,4387039,-29532,-29532,-29532
16,1,11,3,4434507,4434507,2,2198656,2202480,1,4404973,-29534,-29534,-29534
16,1,13,1,4276923,4276923,2,2119864,2123688,1,4247391,-29532,-29532,-29532
16,3,1,11,4434507,4434507,2,2198656,2202480,1,4404973,-29534,-29534,-29534
16,3,3,9,4417291,4417291,2,2190144,2193568,1,4387150,-30141,-30141,-30141
16,3,5,7,4420331,4420331,2,2195088,2195088,1,4390189,-30142,-30142,-30142
16,3,7,5,4420331,4420331,2,2195088,2195088,1,4390189,-30142,-30142,-30142
16,3,9,3,4417291,4417291,2,2190144,2193568,1,4387150,-30141,-30141,-30141
16,3,11,1,4434507,4434507,2,2198656,2202480,1,4404973,-29534,-29534,-29534
16,5,1,9,4416571,4416571,2,2193512,2193512,1,4387039,-29532,-29532,-29532
16,5,3,7,4420331,4420331,2,2195088,2195088,1,4390189,-30142,-30142,-30142
16,5,5,5,4418811,4418811,2,2197752,2201320,1,4402654,-16157,-16157,-16157
16,5,7,3,4420331,4420331,2,2195088,2195088,1,4390189,-30142,-30142,-30142
16,5,9,1,4416571,4416571,2,2193512,2193512,1,4387039,-29532,-29532,-29532
16,7,1,7,4421131,4421131,2,2195888,2195888,1,4391792,-29339,-29339,-29339
16,7,3,5,4420331,4420331,2,2195088,2195088,1,4390189,-30142,-30142,-30142
16,7,5,3,4420331,4420331,2,2195088,2195088,1,4390189,-30142,-30142,-30142
16,7,7,1,4421131,4421131,2,2195888,2195888,1,4391792,-29339,-29339,-29339
16,9,1,5,4416571,4416571,2,2193512,2193512,1,4387039,-29532,-29532,-29532
16,9,3,3,4417291,4417291,2,2190144,2193568,1,4387150,-30141,-30141,-30141
16,9,5,1,4416571,4416571,2,2193512,2193512,1,4387039,-29532,-29532,-29532
16,11,1,3,4434507,4434507,2,2198656,2202480,1,4404973,-29534,-29534,-29534
16,11,3,1,4434507,4434507,2,2198656,2202480,1,4404973,-29534,-29534,-29534
16,13,1,1,4276923,4276923,2,2119864,2123688,1,4247391,-29532,-29532,-29532
17,0,2,12,4277187,4277187,2,2116040,2123688,1,4247391,-29796,-29796,-29796
17,0,4,10,4434051,4434051,2,2201416,2202120,1,4404257,-29794,-29794,-29794
17,0,6,8,4417635,4417635,2,2193208,2193912,1,4387836,-29799,-29799,-29799
17,0,8,6,4417635,4417635,2,2193208,2193912,1,4387836,-29799,-29799,-29799
17,0,10,4,4434051,4434051,2,2201416,2202120,1,4404257,-29794,-29794,-29794
17,0,12,2,4277187,4277187,2,2116040,2123688,1,4247391,-29796,-29796,-29796
17,2,0,12,4277187,4277187,2,2116040,2123688,1,4247391,-29796,-29796,-29796
17,2,2,10,4434771,4434771,2,2198656,2202176,1,4404366,-30405,-30405,-30405
17,2,4,8,4416835,4416835,2,2192808,2193208,1,4386429,-30406,-30406,-30406
17,2,6,6,4421395,4421395,2,2195088,2195488,1,4390994,-30401,-30401,-30401
17,2,8,4,4416835,4416835,2,2192808,2193208,1,4386429,-30406,-30406,-30406
17,2,10,2,4434771,4434771,2,2198656,2202176,1,4404366,-30405,-30405,-30405
17,2,12,0,4277187,4277187,2,2116040,2123688,1,4247391,-29796,-29796,-29796
17,4,0,10,4434051,4434051,2,2201416,2202120,1,4404257,-29794,-29794,-29794
17,4,2,8,4416835,4416835,2,2192808,2193208,1,4386429,-30406,-30406,-30406
17,4,4,6,4419875,4419875,2,2194328,2194728,1,4389470,-30405,-30405,-30405
17,4,6,4,4419875,4419875,2,2194328,2194728,1,4389470,-30405,-30405,-30405
17,4,8,2,4416835,4416835,2,2192808,2193208,1,4386429,-30406,-30406,-30406
17,4,10,0,4434051,4434051,2,2201416,2202120,1,4404257,-29794,-29794,-29794
17,6,0,8,4417635,4417635,2,2193208,2193912,1,4387836,-29799,-29799,-29799
17,6,2,6,4421395,4421395,2,2195088,2195488,1,4390994,-30401,-30401,-30401
17,6,4,4,4419875,4419875,2,2194328,2194728,1,4389470,-30405,-30405,-30405
17,6,6,2,4421395,4421395,2,2195088,2195488,1,4390994,-30401,-30401,-30401
17,6,8,0,4417635,4417635,2,2193208,2193912,1,4387836,-29799,-29799,-29799
17,8,0,6,4417635,4417635,2,2193208,2193912,1,4387836,-29799,-29799,-29799
17,8,2,4,4416835,4416835,2,2192808,2193208,1,4386429,-30406,-30406,-30406
17,8,4,2,4416835,4416835,2,2192808,2193208,1,4386429,-30406,-30406,-30406
17,8,6,0,4417635,4417635,2,2193208,2193912,1,4387836,-29799,-29799,-29799
17,10,0,4,4434051,4434051,2,2201416,2202120,1,4404257,-29794,-29794,-29794
17,10,2,2,4434771,4434771,2,2198656,2202176,1,4404366,-30405,-30405,-30405
17,10,4,0,4434051,4434051,2,2201416,2202120,1,4404257,-29794,-29794,-29794
17,12,0,2,4277187,4277187,2,2116040,2123688,1,4247391,-29796,-29796,-29796
17,12,2,0,4277187,4277187,2,2116040,2123688,1,4247391,-29796,-29796,-29796
18,1,1,11,4277451,4277451,2,2120128,2123744,1,4247501,-29950,-29950,-29950
18,1,3,9,4434315,4434315,2,2202176,2202176,1,4404366,-29949,-29949,-29949
18,1,5,7,4417899,4417899,2,2193968,2193968,1,4387950,-29949,-29949,-29949
18,1,7,5,4417899,4417899,2,2193968,2193968,1,4387950,-29949,-29949,-29949
18,1,9,3,4434315,4434315,2,2202176,2202176,1,4404366,-29949,-29949,-29949
18,1,11,1,4277451,4277451,2,2120128,2123744,1,4247501,-29950,-29950,-29950
18,3,1,9,4434315,4434315,2,2202176,2202176,1,4404366,-29949,-29949,-29949
18,3,3,7,4416379,4416379,2,2193112,2193112,1,4386237,-30142,-30142,-30142
18,3,5,5,4420939,4420939,2,2195488,2195488,1,4390994,-29945,-29945,-29945
18,3,7,3,4416379,4416379,2,2193112,2193112,1,4386237,-30142,-30142,-30142
18,3,9,1,4434315,4434315,2,2202176,2202176,1,4404366,-29949,-29949,-29949
18,5,1,7,4417899,4417899,2,2193968,2193968,1,4387950,-29949,-29949,-29949
18,5,3,5,4420939,4420939,2,2195488,2195488,1,4390994,-29945,-29945,-29945
18,5,5,3,4420939,4420939,2,2195488,2195488,1,4390994,-29945,-29945,-29945
18,5,7,1,4417899,4417899,2,2193968,2193968,1,4387950,-29949,-29949,-29949
18,7,1,5,4417899,4417899,2,2193968,2193968,1,4387950,-29949,-29949,-29949
18,7,3,3,4416379,4416379,2,2193112,2193112,1,4386237,-30142,-30142,-30142
18,7,5,1,4417899,4417899,2,2193968,2193968,1,4387950,-29949,-29949,-29949
18,9,1,3,4434315,4434315,2,2202176,2202176,1,4404366,-29949,-29949,-29949
18,9,3,1,4434315,4434315,2,2202176,2202176,1,4404366,-29949,-29949,-29949
18,11,1,1,4277451,4277451,2,2120128,2123744,1,4247501,-29950,-29950,-29950
19,0,2,10,4276995,4276995,2,2122888,2122984,1,4245984,-31011,-31011,-31011
19,0,4,8,4435379,4435379,2,2202080,2202176,1,4404366,-31013,-31013,-31013
19,0,6,6,4414403,4414403,2,2191592,2191688,1,4383392,-31011,-31011,-31011
19,0,8,4,4435379,4435379,2,2202080,2202176,1,4404366,-31013,-31013,-31013
19,0,10,2,4276995,4276995,2,2122888,2122984,1,4245984,-31011,-31011,-31011
19,2,0,10,4276995,4276995,2,2122888,2122984,1,4245984,-31011,-31011,-31011
19,2,2,8,4433859,4433859,2,2201320,2201416,1,4402847,-31012,-31012,-31012
19,2,4,6,4417443,4417443,2,2193112,2193208,1,4386429,-31014,-31014,-31014
19,2,6,4,4417443,4417443,2,2193112,2193208,1,4386429,-31014,-31014,-31014
19,2,8,2,4433859,4433859,2,2201320,2201416,1,4402847,-31012,-31012,-31012
19,2,10,0,4276995,4276995,2,2122888,2122984,1,4245984,-31011,-31011,-31011
19,4,0,8,4435379,4435379,2,2202080,2202176,1,4404366,-31013,-31013,-31013
19,4,2,6,4417443,4417443,2,2193112,2193208,1,4386429,-31014,-31014,-31014
19,4,4,4,4422003,4422003,2,2188800,2188800,1,4377612,-44391,-44391,-44391
19,4,6,2,4417443,4417443,2,2193112,2193208,1,4386429,-31014,-31014,-31014
19,4,8,0,4435379,4435379,2,2202080,2202176,1,4404366,-31013,-31013,-31013
19,6,0,6,4414403,4414403,2,2191592,2191688,1,4383392,-31011,-31011,-31011
19,6,2,4,4417443,4417443,2,2193112,2193208,1,4386429,-31014,-31014,-31014
19,6,4,2,4417443,4417443,2,2193112,2193208,1,4386429,-31014,-31014,-31014
19,6,6,0,4414403,4414403,2,2191592,2191688,1,4383392,-31011,-31011,-31011
19,8,0,4,4435379,4435379,2,2202080,2202176,1,4404366,-31013,-31013,-31013
19,8,2,2,4433859,4433859,2,2201320,2201416,1,4402847,-31012,-31012,-31012
19,8,4,0,4435379,4435379,2,2202080,2202176,1,4404366,-31013,-31013,-31013
19,10,0,2,4276995,4276995,2,2122888,2122984,1,4245984,-31011,-31011,-31011
19,10,2,0,4276995,4276995,2,2122888,2122984,1,4245984,-31011,-31011,-31011
20,1,1,9,4276539,4276539,2,2123288,2123288,1,4246593,-29946,-29946,-29946
20,1,3,7,4434923,4434923,2,2202480,2202480,1,4404973,-29950,-29950,-29950
20,1,5,5,4413947,4413947,2,2191992,2191992,1,4383998,-29949,-29949,-29949
20,1,7,3,4434923,4434923,2,2202480,2202480,1,4404973,-29950,-29950,-29950
20,1,9,1,4276539,4276539,2,2123288,2123288,1,4246593,-29946,-29946,-29946
20,3,1,7,4434923,4434923,2,2202480,2202480,1,4404973,-29950,-29950,-29950
20,3,3,5,4418507,4418507,2,2187280,2187280,1,4374578,-43929,-43929,-43929
20,3,5,3,4418507,4418507,2,2187280,2187280,1,4374578,-43929,-43929,-43929
20,3,7,1,4434923,4434923,2,2202480,2202480,1,4404973,-29950,-29950,-29950
20,5,1,5,4413947,4413947,2,2191992,2191992,1,4383998,-29949,-29949,-29949
20,5,3,3,4418507,4418507,2,2187280,2187280,1,4374578,-43929,-43929,-43929
20,5,5,1,4413947,4413947,2,2191992,2191992,1,4383998,-29949,-29949,-29949
20,7,1,3,4434923,4434923,2,2202480,2202480,1,4404973,-29950,-29950,-29950
20,7,3,1,4434923,4434923,2,2202480,2202480,1,4404973,-29950,-29950,-29950
20,9,1,1,4276539,4276539,2,2123288,2123288,1,4246593,-29946,-29946,-29946
21,0,2,8,4277603,4277603,2,2123192,2123288,1,4246593,-31010,-31010,-31010
21,0,4,6,4431427,4431427,2,2200104,2200200,1,4400417,-31010,-31010,-31010
21,0,6,4,4431427,4431427,2,2200104,2200200,1,4400417,-31010,-31010,-31010
21,0,8,2,4277603,4277603,2,2123192,2123288,1,4246593,-31010,-31010,-31010
21,2,0,8,4277603,4277603,2,2123192,2123288,1,4246593,-31010,-31010,-31010
21,2,2,6,4435987,4435987,2,2195488,2195488,1,4390994,-44993,-44993,-44993
21,2,4,4,4415011,4415011,2,2185000,2185000,1,4370015,-44996,-44996,-44996
21,2,6,2,4435987,4435987,2,2195488,2195488,1,4390994,-44993,-44993,-44993
21,2,8,0,4277603,4277603,2,2123192,2123288,1,4246593,-31010,-31010,-31010
21,4,0,6,4431427,4431427,2,2200104,2200200,1,4400417,-31010,-31010,-31010
21,4,2,4,4415011,4415011,2,2185000,2185000,1,4370015,-44996,-44996,-44996
21,4,4,2,4415011,4415011,2,2185000,2185000,1,4370015,-44996,-44996,-44996
21,4,6,0,4431427,4431427,2,2200104,2200200,1,4400417,-31010,-31010,-31010
21,6,0,4,4431427,4431427,2,2200104,2200200,1,4400417,-31010,-31010,-31010
21,6,2,2,4435987,4435987,2,2195488,2195488,1,4390994,-44993,-44993,-44993
21,6,4,0,4431427,4431427,2,2200104,2200200,1,4400417,-31010,-31010,-31010
21,8,0,2,4277603,4277603,2,2123192,2123288,1,4246593,-31010,-31010,-31010
21,8,2,0,4277603,4277603,2,2123192,2123288,1,4246593,-31010,-31010,-31010
22,1,1,7,4278667,4278667,2,2118576,2118576,1,4237167,-41500,-41500,-41500
22,1,3,5,4432491,4432491,2,2195488,2195488,1,4390994,-41497,-41497,-41497
22,1,5,3,4432491,4432491,2,2195488,2195488,1,4390994,-41497,-41497,-41497
22,1,7,1,4278667,4278667,2,2118576,2118576,1,4237167,-41500,-41500,-41500
22,3,1,5,4432491,4432491,2,2195488,2195488,1,4390994,-41497,-41497,-41497
22,3,3,3,4411515,4411515,2,2183784,2183784,1,4367584,-43931,-43931,-43931
22,3,5,1,4432491,4432491,2,2195488,2195488,1,4390994,-41497,-41497,-41497
22,5,1,3,4432491,4432491,2,2195488,2195488,1,4390994,-41497,-41497,-41497
22,5,3,1,4432491,4432491,2,2195488,2195488,1,4390994,-41497,-41497,-41497
22,7,1,1,4278667,4278667,2,2118576,2118576,1,4237167,-41500,-41500,-41500
23,0,2,6,4275171,4275171,2,2108088,2108088,1,4216192,-58979,-58979,-58979
23,0,4,4,4449971,4449971,2,2195488,2195488,1,4390994,-58977,-58977,-58977
23,0,6,2,4275171,4275171,2,2108088,2108088,1,4216192,-58979,-58979,-58979
23,2,0,6,4275171,4275171,2,2108088,2108088,1,4216192,-58979,-58979,-58979
23,2,2,4,4428995,4428995,2,2185000,2185000,1,4370015,-58980,-58980,-58980
23,2,4,2,4428995,4428995,2,2185000,2185000,1,4370015,-58980,-58980,-58980
23,2,6,0,4275171,4275171,2,2108088,2108088,1,4216192,-58979,-58979,-58979
23,4,0,4,4449971,4449971,2,2195488,2195488,1,4390994,-58977,-58977,-58977
23,4,2,2,4428995,4428995,2,2185000,2185000,1,4370015,-58980,-58980,-58980
23,4,4,0,4449971,4449971,2,2195488,2195488,1,4390994,-58977,-58977,-58977
23,6,0,2,4275171,4275171,2,2108088,2108088,1,4216192,-58979,-58979,-58979
23,6,2,0,4275171,4275171,2,2108088,2108088,1,4216192,-58979,-58979,-58979
24,1,1,5,4271675,4271675,2,2115080,2115080,1,4230179,-41496,-41496,-41496
24,1,3,3,4446475,4446475,2,2202480,2202480,1,4404973,-41502,-41502,-41502
24,1,5,1,4271675,4271675,2,2115080,2115080,1,4230179,-41496,-41496,-41496
24,3,1,3,4446475,4446475,2,2202480,2202480,1,4404973,-41502,-41502,-41502
24,3,3,1,4446475,4446475,2,2202480,2202480,1,4404973,-41502,-41502,-41502
24,5,1,1,4271675,4271675,2,2115080,2115080,1,4230179,-41496,-41496,-41496
25,0,2,4,4289155,4289155,2,2115080,2115080,1,4230179,-58976,-58976,-58976
25,0,4,2,4289155,4289155,2,2115080,2115080,1,4230179,-58976,-58976,-58976
25,2,0,4,4289155,4289155,2,2115080,2115080,1,4230179,-58976,-58976,-58976
25,2,2,2,4463955,4463955,2,2202480,2202480,1,4404973,-58982,-58982,-58982
25,2,4,0,4289155,4289155,2,2115080,2115080,1,4230179,-58976,-58976,-58976
25,4,0,2,4289155,4289155,2,2115080,2115080,1,4230179,-58976,-58976,-58976
25,4,2,0,4289155,4289155,2,2115080,2115080,1,4230179,-58976,-58976,-58976
26,1,1,3,4306635,4306635,2,2132560,2132560,1,4265137,-41498,-41498,-41498
26,1,3,1,4306635,4306635,2,2132560,2132560,1,4265137,-41498,-41498,-41498
26,3,1,1,4306635,4306635,2,2132560,2132560,1,4265137,-41498,-41498,-41498
27,0,2,2,4149315,4149315,2,2045160,2045160,1,4090332,-58983,-58983,-58983
27,2,0,2,4149315,4149315,2,2045160,2045160,1,4090332,-58983,-58983,-58983
27,2,2,0,4149315,4149315,2,2045160,2045160,1,4090332,-58983,-58983,-58983
28,1,1,1,3991995,3991995,2,1975240,1975240,1,3950494,-41501,-41501,-41501
