c --- [ banner ] -------------------------------------------------------------
c 
c CaDiCaL SAT Solver
c Copyright (c) 2016-2026
c A. Biere, M. Fleury, N. Froleyks, K. Fazekas, F. Pollitt, T. Faller
c JKU Linz, University of Freiburg, TU Wien
c 
c Version 3.0.1
c Apple clang version 17.0.0 (clang-1700.6.4.2) -Wall -Wextra -O3 -DNDEBUG -DNCLOSEFROM
c Sun Jul 19 15:40:55 UTC 2026 Darwin Sequoia-arm64.local 24.6.0 arm64
c 
c --- [ limit ] --------------------------------------------------------------
c 
c setting time limit to 14400 seconds real time (due to '-t 14400')
c 
c --- [ proof tracing ] ------------------------------------------------------
c 
c opening file to write 'star_centre0.drat'
c writing binary proof trace to 'star_centre0.drat'
c 
c --- [ parsing input ] ------------------------------------------------------
c 
c reading DIMACS file from 'star_centre0.cnf'
c opening file to read 'star_centre0.cnf'
c found 'p cnf 35504 87360' header
c parsed 87360 clauses in 0.03 seconds process time
c 
c --- [ options ] ------------------------------------------------------------
c 
c all options are set to their default value
c 
c --- [ solving ] ------------------------------------------------------------
c 
c time measured in process time since initialization
c 
c  seconds  reduction conflicts       size tier2       variables
c         MB    restarts   redundant    glue  trail         remaining
c          level     rate       size/glu tier1  irredundant
c 
c *  0.03  0  0 0   0  0    0    0 0.0 0 0 2 6  0% 87360 35504 100%
c )  0.03  0  0 0   0  0    0    0 0.0 0 0 2 6  0% 87360 35504 100%
c {  0.04  0  0 0   0  0    0    0 0.0 0 0 2 6  0% 87360 35504 100%
c -  0.05  0 342 1  17  4  301   89 1.8 21 12 2 6 21% 87360 35504 100%
c -  0.09  0 151 2  25  3  736  164 1.7 20 12 2 6 11% 87360 35504 100%
c }  0.10  0 115 2  25  2 1003  396 1.8 21 12 2 6  9% 87360 35504 100%
c [  0.10  0  0 2  25  0 1003  396 0.0 0 0 2 6  0% 87360 35504 100%
c O  0.10  0  8 2  25  9 1004  397 1.1 9 8 2 6  4% 87360 35504 100%
c -  0.12  0 16 3  25  1 1415  258 1.8 20 12 2 6  4% 87360 35504 100%
c ]  0.15  0 17 3  25  1 1954  735 1.9 22 12 2 6  4% 87360 35504 100%
c {  0.15  0 115 3  25  2 1954  735 1.8 21 12 2 6  9% 87360 35504 100%
c -  0.17  0 86 4  37  2 2355  366 1.8 21 11 2 6  8% 87360 35504 100%
c s  0.24  0 77 4  76  3 2601  569 1.7 20 12 2 6  7% 87360 35504 100%
c e  0.34  0 77 4  76  3 2601  414 1.7 20 12 2 6  7% 81669 17943 51%
c s  0.36  0 77 4  76  3 2601  414 1.7 20 12 2 6  7% 81669 17943 51%
c ^  0.37  0 77 4  76  3 2601  414 1.7 20 12 2 6  7% 81669 17943 51%
c O  0.40  0 65 4  88  2 3007  744 1.7 20 12 2 6  5% 81669 17943 51%
c -  0.42  0 54 5  88  2 3569  430 1.7 19 11 2 6  5% 81669 17943 51%
c -  0.52  0 39 6 113  2 5065 1380 1.7 18 11 8 12  5% 81669 17943 51%
c #  0.55  0 34 6 121  2 6009 2063 1.6 18 11 8 11  5% 81669 17943 51%
c 
c  seconds  reduction conflicts       size   tier2        variables
c         MB    restarts   redundant     glue    trail         remaining
c          level     rate       size/glue  tier1   irredundant
c 
c -  0.59  0 32 7 183  2 6848 2268 1.6 18 11 8 11  5% 81669 17943 51%
c }  0.65  0 30 7 209  2 7740 2972 1.6 18 11 8 11  5% 81669 17943 51%
c [  0.65  0 17 7 209  1 7740 2972 1.9 22 12 2 6  8% 81669 17943 51%
c -  0.71  0 18 8 211  1 8916 2959 1.9 24 12 2 6  6% 81669 17943 51%
c I  0.76  0 17 8 211  1 10014 3837 1.9 23 12 9 13  6% 81669 17943 51%
c -  0.84  0 27 9 212  1 11276 3362 1.8 29 16 9 13  6% 81669 17943 51%
c s  0.85  0 27 9 212  1 11348 2980 1.8 29 16 9 13  6% 81669 17943 51%
c e  0.91  0 27 9 212  1 11348 2839 1.8 29 16 9 13  6% 84048 15545 44%
c s  0.92  0 27 9 212  1 11348 2796 1.8 29 16 9 13  6% 84048 15545 44%
c ^  0.93  0 27 9 212  1 11348 2796 1.8 29 16 9 13  6% 84048 15545 44%
c ]  1.02  0 30 9 213  1 12914 4253 1.8 32 17 9 13  5% 84048 15545 44%
c {  1.02  0 30 9 213  2 12914 4253 1.6 18 11 8 11  6% 84048 15545 44%
c -  1.11  0 28 10 268  2 13930 3474 1.6 18 11 8 12  6% 84048 15545 44%
c B  1.14  0 26 10 275  2 15015 4285 1.6 18 11 8 12  6% 84048 15545 44%
c -  1.23  0 25 11 367  2 16880 4683 1.7 18 11 8 12  6% 84048 15545 44%
c -  1.35  0 22 12 481  2 20129 6104 1.6 18 11 8 12  5% 84048 15545 44%
c W  1.42  0 21 12 505  2 21017 6721 1.6 18 11 8 12  5% 84048 15545 44%
c -  1.53  0 21 13 630  2 23675 6867 1.6 18 11 8 11  5% 84048 15545 44%
c s  1.66  0 20 13 717  2 25957 7639 1.6 18 11 8 11  5% 84048 15545 44%
c s  1.72  0 20 13 717  2 25957 7527 1.6 18 11 8 11  5% 84048 15545 44%
c 
c  seconds  reductions  conflicts       size   tier2        variables
c         MB     restarts    redundant     glue    trail         remaining
c          level      rate        size/glue  tier1   irredundant
c 
c ^  1.73  0 20 13 717  2 25957 7527 1.6 18 11 8 11  5% 84048 15545 44%
c }  1.75  0 20 13 736  2 26633 8038 1.6 18 11 8 11  5% 84048 15545 44%
c [  1.75  0 30 13 736  1 26633 8038 1.8 32 17 9 13  5% 84048 15545 44%
c -  1.79  0 27 14 737  1 27524 7011 1.8 30 17 9 13  5% 84048 15545 44%
c B  1.82  0 27 14 737  1 28019 7437 1.8 29 16 9 13  5% 84048 15545 44%
c -  2.01  0 23 15 738  1 31671 8111 1.8 27 15 9 13  5% 84048 15545 44%
c W  2.24  0 22 15 741  1 36020 11609 1.8 26 15 9 13  5% 84048 15545 44%
c -  2.25  0 22 16 741  1 36120 8730 1.8 26 15 9 13  5% 84048 15545 44%
c u  2.27  0 22 16 741  1 36120 8723 1.8 26 15 9 13  5% 84048 15545 44%
c v  2.29  0 22 16 741  1 36120 8538 1.8 26 15 9 13  5% 84048 15545 44%
c w  2.29  0 22 16 741  1 36120 8341 1.8 26 15 9 13  5% 84048 15545 44%
c ]  2.33  0 22 16 741  1 36802 8866 1.8 26 14 9 13  5% 84048 15545 44%
c {  2.33  0 20 16 741  2 36802 8866 1.6 18 11 8 11  5% 84048 15545 44%
c -  2.49  0 19 17 922  2 40873 9525 1.6 18 11 8 11  5% 84048 15545 44%
c F  2.68  0 18 17 1052  2 45021 12674 1.6 18 11 8 11  5% 84048 15545 44%
c s  2.72  0 18 17 1064  2 45436 11536 1.6 18 11 8 11  5% 84048 15545 44%
c e  2.79  0 18 17 1064  2 45436 9997 1.6 18 11 8 11  5% 94625 11984 34%
c s  2.82  0 18 17 1064  2 45436 9891 1.6 18 11 8 11  5% 94625 11984 34%
c ^  2.83  0 18 17 1064  2 45436 9891 1.6 18 11 8 11  5% 94625 11984 34%
c -  2.88  0 18 18 1104  2 45928 8770 1.6 18 11 8 11  6% 94625 11984 34%
c 
c  seconds  reductions   conflicts        size   tier2        variables
c         MB     restarts      redundant     glue    trail         remaining
c          level       rate         size/glue  tier1   irredundant
c 
c -  3.06  0 17 19 1236  2 51285 10882 1.6 17 11 8 11  6% 94625 11984 34%
c B  3.21  0 17 19 1302  2 55023 13781 1.6 18 11 8 11  6% 94625 11984 34%
c -  3.28  0 17 20 1345  2 56948 13125 1.6 17 11 8 11  6% 94625 11984 34%
c t  3.29  0 17 20 1345  2 56948 13125 1.6 17 11 8 11  6% 94621 11984 34%
c }  3.41  0 16 20 1425  2 60513 15700 1.6 17 11 8 11  6% 94621 11984 34%
c [  3.41  0 22 20 1425  1 60513 15700 1.8 26 14 9 13  7% 94621 11984 34%
c -  3.51  0 21 21 1428  1 62914 14582 1.8 25 14 9 13  7% 94621 11984 34%
c t  3.52  0 21 21 1428  1 62914 14582 1.8 25 14 9 13  7% 94610 11984 34%
c O  3.65  0 20 21 1429  1 66025 16877 1.8 24 14 9 13  7% 94610 11984 34%
c -  3.81  0 19 22 1430  1 69186 15690 1.8 24 13 9 13  7% 94610 11984 34%
c s  4.24  0 18 22 1430  1 75249 16754 1.8 23 13 7 12  7% 94610 11984 34%
c e  4.32  0 18 22 1430  1 75249 15120 1.8 23 13 7 12  7% 107475 9543 27%
c s  4.37  0 18 22 1430  1 75249 14234 1.8 23 13 7 12  7% 107475 9543 27%
c ^  4.37  0 18 22 1430  1 75249 14234 1.8 23 13 7 12  7% 107475 9543 27%
c -  4.43  0 18 23 1430  1 75764 12019 1.8 23 13 7 12  7% 107475 9543 27%
c u  4.46  0 18 23 1430  1 75764 11958 1.8 23 13 7 12  7% 107475 9543 27%
c v  4.49  0 18 23 1430  1 75764 11600 1.8 23 13 7 12  7% 107475 9543 27%
c w  4.49  0 18 23 1430  1 75764 11579 1.8 23 13 7 12  7% 107475 9543 27%
c ]  4.58  0 18 23 1431  1 77649 13064 1.8 23 13 7 12  7% 107475 9543 27%
c {  4.58  0 16 23 1431  2 77649 13064 1.6 17 11 8 11  8% 107475 9543 27%
c 
c  seconds  reductions   conflicts        size   tier2        variables
c         MB     restarts      redundant     glue    trail         remaining
c          level       rate         size/glue  tier1   irredundant
c 
c W  4.67  0 16 23 1444  2 78027 13400 1.6 17 11 8 11  8% 107475 9543 27%
c -  4.83  0 16 24 1500  2 82860 14530 1.6 17 11 8 11  7% 107475 9543 27%
c t  4.84  0 16 24 1500  2 82860 14530 1.6 17 11 8 11  7% 107454 9543 27%
c -  5.09  0 16 25 1669  2 90281 17982 1.6 17 11 8 11  7% 107454 9543 27%
c t  5.11  0 16 25 1669  2 90281 17982 1.6 17 11 8 11  7% 107421 9543 27%
c #  5.14  0 16 25 1699  2 91028 18550 1.6 17 11 8 11  7% 107421 9543 27%
c -  5.37  0 15 26 1868  1 98027 20606 1.6 17 11 8 11  7% 107421 9543 27%
c t  5.38  0 15 26 1868  1 98027 20606 1.6 17 11 8 11  7% 107387 9543 27%
c B  5.61  0 15 26 2046  1 105029 25837 1.7 17 10 8 11  7% 107387 9543 27%
c -  5.66  0 15 27 2067  1 106098 22856 1.7 17 10 8 11  7% 107387 9543 27%
c t  5.67  0 15 27 2067  1 106098 22856 1.7 17 10 8 11  7% 107352 9543 27%
c -  5.95  0 15 28 2353  1 114495 24899 1.7 17 10 8 11  7% 107352 9543 27%
c t  6.01  0 15 28 2353  1 114495 24899 1.7 17 10 8 11  7% 107323 9543 27%
c }  6.08  0 15 28 2432  1 116467 26281 1.6 17 10 8 11  7% 107323 9543 27%
c [  6.08  0 18 28 2432  1 116467 26281 1.8 23 13 7 12  7% 107323 9543 27%
c s  6.19  0 18 28 2432  1 117170 24077 1.8 23 13 7 12  7% 107323 9543 27%
c t  6.20  0 18 28 2432  1 117170 24077 1.8 23 13 7 12  7% 107317 9543 27%
c e  6.25  0 18 28 2432  1 117170 23885 1.8 23 13 7 12  7% 111251 9184 26%
c s  6.33  0 18 28 2432  1 117170 23310 1.8 23 13 7 12  7% 111251 9184 26%
c B  6.48  0 19 28 2434  1 120033 25882 1.8 24 13 7 12  7% 111251 9184 26%
c 
c  seconds  reductions   conflicts         size   tier2        variables
c         MB     restarts       redundant     glue    trail         remaining
c          level       rate          size/glue  tier1   irredundant
c 
c -  6.65  0 19 29 2437  1 123215 22827 1.8 24 14 7 12  7% 111251 9184 26%
c t  6.66  0 19 29 2437  1 123215 22827 1.8 24 14 7 12  7% 111230 9184 26%
c -  7.14  0 20 30 2441  1 132397 23189 1.8 25 14 7 12  7% 111230 9184 26%
c u  7.16  0 20 30 2441  1 132397 23071 1.8 25 14 7 12  7% 111230 9184 26%
c v  7.18  0 20 30 2441  1 132397 22933 1.8 25 14 7 12  7% 111230 9184 26%
c w  7.19  0 20 30 2441  1 132397 22912 1.8 25 14 7 12  7% 111230 9184 26%
c t  7.20  0 20 30 2441  1 132397 22912 1.8 25 14 7 12  7% 111212 9184 26%
c W  7.53  0 20 30 2444  1 136035 25963 1.8 25 14 7 12  7% 111212 9184 26%
c ]  7.69  0 19 30 2445  1 139255 28532 1.8 25 14 6 11  7% 111212 9184 26%
c {  7.69  0 15 30 2445  1 139255 28532 1.6 17 10 8 11  7% 111212 9184 26%
c -  7.82  0 15 31 2489  1 141913 24924 1.6 17 10 8 11  7% 111212 9184 26%
c t  7.83  0 15 31 2489  1 141913 24924 1.6 17 10 8 11  7% 111185 9184 26%
c -  8.17  0 14 32 2728  1 151764 28796 1.6 17 10 8 11  7% 111185 9184 26%
c t  8.20  0 14 32 2728  1 151764 28796 1.6 17 10 8 11  7% 111141 9184 26%
c W  8.29  0 14 32 2782  1 153038 29773 1.6 17 10 8 11  7% 111141 9184 26%
c -  8.65  0 14 33 3074  1 161953 31893 1.6 17 10 8 11  7% 111141 9184 26%
c t  8.66  0 14 33 3074  1 161953 31893 1.6 17 10 8 11  7% 111103 9184 26%
c s  8.99  0 14 33 3197  1 167550 32711 1.6 17 10 8 11  7% 111103 9184 26%
c t  9.00  0 14 33 3197  1 167550 32711 1.6 17 10 8 11  7% 111083 9184 26%
c s  9.11  0 14 33 3197  1 167550 31982 1.6 17 10 8 11  7% 111083 9184 26%
c 
c  seconds  reductions   conflicts         size   tier2        variables
c         MB     restarts       redundant     glue    trail         remaining
c          level       rate          size/glue  tier1   irredundant
c 
c F  9.25  0 14 33 3299  1 171041 34437 1.6 17 10 8 11  7% 111083 9184 26%
c -  9.32  0 14 34 3364  1 172476 31502 1.6 17 10 8 11  7% 111083 9184 26%
c t  9.34  0 14 34 3364  1 172476 31502 1.6 17 10 8 11  7% 111069 9184 26%
c -  9.76  0 14 35 3741  1 183331 35270 1.6 17 10 8 11  7% 111069 9184 26%
c u  9.85  0 14 35 3741  1 183331 35089 1.6 17 10 8 11  7% 111069 9184 26%
c v  9.87  0 14 35 3741  1 183331 34867 1.6 17 10 8 11  7% 111069 9184 26%
c w  9.88  0 14 35 3741  1 183331 34834 1.6 17 10 8 11  7% 111069 9184 26%
c t  9.88  0 14 35 3741  1 183331 34834 1.6 17 10 8 11  7% 111054 9184 26%
c }  9.93  0 14 35 3790  1 184689 35944 1.6 17 10 8 11  7% 111054 9184 26%
c [  9.93  0 19 35 3790  1 184689 35944 1.8 25 14 6 11  7% 111054 9184 26%
c I 10.17  0 19 35 3791  1 190043 40029 1.8 25 14 6 11  7% 111054 9184 26%
c - 10.46  0 24 36 3791  1 194524 36582 1.8 28 16 6 11  7% 111054 9184 26%
c t 10.48  0 24 36 3791  1 194524 36582 1.8 28 16 6 11  7% 111039 9184 26%
c - 11.15  0 28 37 3792  1 206053 35668 1.7 31 18 6 12  7% 111039 9184 26%
c t 11.17  0 28 37 3792  1 206053 35668 1.7 31 18 6 12  7% 111021 9184 26%
c B 11.40  0 29 37 3792  1 210046 39457 1.7 32 18 6 12  7% 111021 9184 26%
c ] 11.68  0 29 37 3795  1 215315 44052 1.8 31 18 6 12  7% 111021 9184 26%
c { 11.68  0 14 37 3795  1 215315 44052 1.6 17 10 8 11  7% 111021 9184 26%
c - 11.81  0 14 38 3839  1 217918 36388 1.6 17 10 8 11  7% 111021 9184 26%
c u 11.85  0 14 38 3839  1 217918 36220 1.6 17 10 8 11  7% 111021 9184 26%
c 
c  seconds  reductions   conflicts         size   tier2        variables
c         MB     restarts       redundant     glue    trail         remaining
c          level       rate          size/glue  tier1   irredundant
c 
c v 11.86  0 14 38 3839  1 217918 36088 1.6 17 10 8 11  7% 111021 9184 26%
c w 11.87  0 14 38 3839  1 217918 36070 1.6 17 10 8 11  7% 111021 9184 26%
c t 11.88  0 14 38 3839  1 217918 36070 1.6 17 10 8 11  7% 111018 9184 26%
c s 12.32  0 14 38 4085  1 225093 39506 1.6 17 10 8 11  7% 111018 9184 26%
c s 12.50  0 14 38 4085  1 225093 39107 1.6 17 10 8 11  7% 111018 9184 26%
c - 12.75  0 14 39 4251  1 230118 38447 1.6 17 10 8 11  7% 111018 9184 26%
c B 12.81  0 14 39 4334  1 231048 39154 1.6 17 10 8 11  7% 111018 9184 26%
c - 13.28  0 14 40 4743  1 242654 43461 1.6 17 10 8 11  7% 111018 9184 26%
c t 13.31  0 14 40 4743  1 242654 43461 1.6 17 10 8 11  7% 111010 9184 26%
c W 13.94  0 14 40 4932  1 253049 50899 1.6 17 10 8 11  7% 111010 9184 26%
c - 14.05  0 14 41 5022  1 255527 47318 1.6 17 10 8 11  7% 111010 9184 26%
c t 14.08  0 14 41 5022  1 255527 47318 1.6 17 10 8 11  7% 111006 9184 26%
c } 14.58  0 14 41 5366  1 267613 56105 1.6 17 10 6 10  7% 111006 9184 26%
c [ 14.58  0 29 41 5366  1 267613 56105 1.8 31 18 6 12  7% 111006 9184 26%
c - 14.65  0 28 42 5367  1 268737 34024 1.8 31 18 6 12  7% 111006 9184 26%
c u 14.69  0 28 42 5367  1 268737 33762 1.8 31 18 6 12  7% 111006 9184 26%
c v 14.70  0 28 42 5367  1 268737 33678 1.8 31 18 6 12  7% 111006 9184 26%
c w 14.71  0 28 42 5367  1 268737 33667 1.8 31 18 6 12  7% 111006 9184 26%
c t 14.73  0 28 42 5367  1 268737 33667 1.8 31 18 6 12  7% 111002 9184 26%
c W 15.17  0 29 42 5370  1 276050 40585 1.8 31 18 6 12  7% 111002 9184 26%
c 
c  seconds  reductions   conflicts         size   tier2        variables
c         MB     restarts       redundant     glue    trail         remaining
c          level       rate          size/glue  tier1   irredundant
c 
c - 15.57  0 29 43 5375  1 282285 28961 1.8 32 18 6 12  7% 111002 9184 26%
c t 15.67  0 29 43 5375  1 282285 28961 1.8 32 18 6 12  7% 110998 9184 26%
c s 16.19  0 28 43 5378  1 289816 34040 1.8 32 17 6 12  7% 110998 9184 26%
c t 16.20  0 28 43 5378  1 289816 34040 1.8 32 17 6 12  7% 110996 9184 26%
c s 16.28  0 28 43 5378  1 289816 33701 1.8 32 17 6 12  7% 110996 9184 26%
c - 16.69  0 27 44 5378  1 296169 25716 1.8 31 17 6 12  7% 110996 9184 26%
c t 16.71  0 27 44 5378  1 296169 25716 1.8 31 17 6 12  7% 110994 9184 26%
c O 16.95  0 26 44 5381  1 300051 28903 1.8 30 17 6 12  7% 110994 9184 26%
c ] 17.30  0 26 44 5385  1 305431 33355 1.8 30 17 6 12  7% 110994 9184 26%
c { 17.30  0 14 44 5385  1 305431 33355 1.6 17 10 6 10  7% 110994 9184 26%
c - 17.53  0 14 45 5622  1 310390 28037 1.6 17 10 6 10  7% 110994 9184 26%
c u 17.58  0 14 45 5622  1 310390 27605 1.6 17 10 6 10  7% 110994 9184 26%
c v 17.60  0 14 45 5622  1 310390 27429 1.6 17 10 6 10  7% 110994 9184 26%
c w 17.61  0 14 45 5622  1 310390 27354 1.6 17 10 6 10  7% 110994 9184 26%
c t 17.61  0 14 45 5622  1 310390 27354 1.6 17 10 6 10  7% 110988 9184 26%
c - 18.22  0 14 46 6246  1 324948 30904 1.6 17 10 6 10  7% 110988 9184 26%
c t 18.24  0 14 46 6246  1 324948 30904 1.6 17 10 6 10  7% 110978 9184 26%
c # 18.25  0 14 46 6252  1 325054 30991 1.6 17 10 6 10  7% 110978 9184 26%
c - 18.86  0 13 47 6623  1 339846 30074 1.6 17 10 5 10  7% 110978 9184 26%
c t 18.88  0 13 47 6623  1 339846 30074 1.6 17 10 5 10  7% 110974 9184 26%
c 
c  seconds  reductions   conflicts         size   tier2        variables
c         MB     restarts       redundant     glue    trail         remaining
c          level       rate          size/glue  tier1   irredundant
c 
c B 19.31  0 13 47 6939  1 351056 38153 1.6 17 10 5 10  7% 110974 9184 26%
c - 19.50  0 13 48 7112  1 355080 30624 1.6 17 10 5 10  7% 110974 9184 26%
c u 19.55  0 13 48 7112  1 355080 30317 1.6 17 10 5 10  7% 110974 9184 26%
c v 19.56  0 13 48 7112  1 355080 30176 1.6 17 10 5 10  7% 110974 9184 26%
c w 19.57  0 13 48 7112  1 355080 29889 1.6 17 10 5 10  7% 110974 9184 26%
c s 19.91  0 13 48 7360  1 361721 30966 1.6 17 10 5 10  7% 110974 9184 26%
c s 20.02  0 13 48 7360  1 361721 30346 1.6 17 10 5 10  7% 110974 9184 26%
c - 20.40  0 13 49 7671  1 370650 27695 1.6 17 10 5 10  7% 110974 9184 26%
c t 20.44  0 13 49 7671  1 370650 27695 1.6 17 10 5 10  7% 110968 9184 26%
c } 20.62  0 13 49 7840  1 375258 31026 1.6 17 10 5 10  7% 110968 9184 26%
c [ 20.62  0 26 49 7840  1 375258 31026 1.8 30 17 6 12  7% 110968 9184 26%
c B 20.74  0 25 49 7840  1 378057 33254 1.8 30 16 6 12  7% 110968 9184 26%
c - 21.21  0 26 50 7846  1 386564 28602 1.8 30 16 6 12  7% 110968 9184 26%
c t 21.23  0 26 50 7846  1 386564 28602 1.8 30 16 6 12  7% 110957 9184 26%
c - 22.19  0 24 51 7849  1 402809 27534 1.8 29 16 5 11  7% 110957 9184 26%
c u 22.26  0 24 51 7849  1 402809 27114 1.8 29 16 5 11  7% 110957 9184 26%
c v 22.27  0 24 51 7849  1 402809 26930 1.8 29 16 5 11  7% 110957 9184 26%
c w 22.29  0 24 51 7849  1 402809 26905 1.8 29 16 5 11  7% 110957 9184 26%
c t 22.29  0 24 51 7849  1 402809 26905 1.8 29 16 5 11  7% 110936 9184 26%
c W 22.80  0 24 51 7849  1 406059 29867 1.8 30 16 5 11  7% 110936 9184 26%
c 
c  seconds  reductions   conflicts         size   tier2        variables
c         MB     restarts       redundant     glue    trail         remaining
c          level       rate          size/glue  tier1   irredundant
c 
c - 23.65  0 24 52 7850  1 419391 26796 1.9 30 16 5 11  7% 110936 9184 26%
c t 23.78  0 24 52 7850  1 419391 26796 1.9 30 16 5 11  7% 110922 9184 26%
c ] 24.09  0 24 52 7850  1 424366 31118 1.9 30 16 5 11  7% 110922 9184 26%
c { 24.09  0 13 52 7850  1 424366 31118 1.6 17 10 5 10  7% 110922 9184 26%
c W 24.62  0 13 52 8187  1 435060 38692 1.6 17 10 5 10  7% 110922 9184 26%
c - 24.70  0 13 53 8261  1 436311 28209 1.6 17 10 5 10  7% 110922 9184 26%
c u 24.74  0 13 53 8261  1 436311 27994 1.6 17 10 5 10  7% 110922 9184 26%
c v 24.75  0 13 53 8261  1 436311 27931 1.6 17 10 5 10  7% 110922 9184 26%
c w 24.75  0 13 53 8261  1 436311 27911 1.6 17 10 5 10  7% 110922 9184 26%
c t 24.77  0 13 53 8261  1 436311 27911 1.6 17 10 5 10  7% 110907 9184 26%
c s 25.02  0 13 53 8339  1 440811 29485 1.6 17 10 5 10  7% 110907 9184 26%
c t 25.04  0 13 53 8339  1 440811 29485 1.6 17 10 5 10  7% 110902 9184 26%
c s 25.12  0 13 53 8339  1 440811 29137 1.6 17 10 5 10  7% 110902 9184 26%
c - 25.68  0 13 54 9076  1 453569 29805 1.6 16 10 5 10  7% 110902 9184 26%
c t 25.70  0 13 54 9076  1 453569 29804 1.6 16 10 5 10  7% 110889 9184 26%
c F 26.20  0 13 54 9441  1 465064 38012 1.6 16 10 4 9  7% 110889 9184 26%
c - 26.49  0 13 55 9761  1 471163 27559 1.6 16 10 4 9  7% 110889 9184 26%
c t 26.53  0 13 55 9761  1 471163 27559 1.6 16 10 4 9  7% 110881 9184 26%
c - 27.35  0 13 56 10451  1 489093 27706 1.6 17 10 4 9  7% 110881 9184 26%
c u 27.40  0 13 56 10451  1 489093 27285 1.6 17 10 4 9  7% 110881 9184 26%
c 
c  seconds  reductions    conflicts         size   tier2       variables
c         MB      restarts       redundant     glue   trail         remaining
c          level        rate          size/glue  tier1  irredundant
c 
c v 27.41  0 13 56 10451  1 489093 27084 1.6 17 10 4 9  7% 110881 9184 26%
c w 27.42  0 13 56 10451  1 489093 27057 1.6 17 10 4 9  7% 110881 9184 26%
c t 27.42  0 13 56 10451  1 489093 27055 1.6 17 10 4 9  7% 110879 9184 26%
c B 27.73  0 13 56 10682  1 496066 32152 1.6 17 10 4 9  7% 110879 9184 26%
c - 28.22  0 13 57 11051  1 507362 27549 1.6 16 10 4 9  7% 110879 9184 26%
c } 28.38  0 13 57 11124  1 510557 29809 1.6 16 10 4 9  7% 110879 9184 26%
c [ 28.38  0 24 57 11124  1 510557 29809 1.9 30 16 5 11  7% 110879 9184 26%
c - 29.32  0 24 58 11124  1 525969 27102 1.9 30 16 5 11  7% 110879 9184 26%
c u 29.38  0 24 58 11124  1 525969 26755 1.9 30 16 5 11  7% 110879 9184 26%
c v 29.39  0 24 58 11124  1 525969 26609 1.9 30 16 5 11  7% 110879 9184 26%
c w 29.39  0 24 58 11124  1 525969 26520 1.9 30 16 5 11  7% 110879 9184 26%
c s 29.53  0 24 58 11124  1 527068 26075 1.9 30 16 5 11  7% 110879 9184 26%
c s 29.61  0 24 58 11124  1 527068 25849 1.9 30 16 5 11  7% 110879 9184 26%
c I 29.68  0 24 58 11124  1 528069 26712 1.9 30 16 5 11  7% 110879 9184 26%
c - 30.77  0 33 59 11131  1 544915 23316 1.8 34 19 5 11  7% 110879 9184 26%
c B 31.92  0 32 59 11139  1 561072 37978 1.8 34 19 5 11  7% 110879 9184 26%
c - 32.16  0 32 60 11139  1 564198 22754 1.8 34 19 5 11  7% 110879 9184 26%
c u 32.22  0 32 60 11139  1 564198 22357 1.8 34 19 5 11  7% 110879 9184 26%
c v 32.24  0 32 60 11139  1 564198 22160 1.8 34 19 5 11  7% 110879 9184 26%
c w 32.25  0 32 60 11139  1 564198 22135 1.8 34 19 5 11  7% 110879 9184 26%
c 
c  seconds  reductions    conflicts         size   tier2        variables
c         MB      restarts       redundant     glue    trail         remaining
c          level        rate          size/glue  tier1   irredundant
c 
c ] 32.55  0 32 60 11140  1 569355 26862 1.8 34 19 5 11  7% 110879 9184 26%
c { 32.55  0 13 60 11140  1 569355 26862 1.6 16 10 4 9  7% 110879 9184 26%
c - 33.18  0 13 61 11690  1 583820 25106 1.6 17 10 4 9  7% 110879 9184 26%
c W 34.08  0 13 61 12264  1 595076 33257 1.6 17 10 4 9  7% 110879 9184 26%
c - 34.48  0 13 62 12639  1 603782 28763 1.6 16 10 4 9  7% 110879 9184 26%
c u 34.63  0 13 62 12639  1 603782 28439 1.6 16 10 4 9  7% 110879 9184 26%
c v 34.65  0 13 62 12639  1 603782 28299 1.6 16 10 4 9  7% 110879 9184 26%
c w 34.66  0 13 62 12639  1 603782 28266 1.6 16 10 4 9  7% 110879 9184 26%
c - 35.58  0 13 63 13735  1 624078 30136 1.6 17 10 4 9  7% 110879 9184 26%
c # 35.87  0 13 63 14042  1 630078 34663 1.6 17 10 4 9  7% 110879 9184 26%
c - 36.54  0 13 64 14744  2 644712 31563 1.6 17 10 4 9  7% 110879 9184 26%
c u 36.58  0 13 64 14744  2 644712 31344 1.6 17 10 4 9  7% 110879 9184 26%
c v 36.59  0 13 64 14744  2 644712 31244 1.6 17 10 4 9  7% 110879 9184 26%
c w 36.59  0 13 64 14744  2 644712 31217 1.6 17 10 4 9  7% 110879 9184 26%
c - 37.59  0 13 65 15542  1 665685 32489 1.6 17 10 4 9  7% 110879 9184 26%
c B 37.63  0 13 65 15552  1 666080 32802 1.6 17 10 4 9  7% 110879 9184 26%
c } 37.73  0 13 65 15639  1 668001 34229 1.6 17 10 4 9  7% 110879 9184 26%
c [ 37.73  0 32 65 15639  1 668001 34229 1.8 34 19 5 11  7% 110879 9184 26%
c - 38.99  0 30 66 15651  1 686996 31839 1.8 33 18 5 11  7% 110879 9184 26%
c u 39.06  0 30 66 15651  1 686996 31438 1.8 33 18 5 11  7% 110879 9184 26%
c 
c  seconds  reductions    conflicts         size   tier2        variables
c         MB      restarts       redundant     glue    trail         remaining
c          level        rate          size/glue  tier1   irredundant
c 
c v 39.08  0 30 66 15651  1 686996 31244 1.8 33 18 5 11  7% 110879 9184 26%
c w 39.09  0 30 66 15651  1 686996 31176 1.8 33 18 5 11  7% 110879 9184 26%
c W 40.50  0 28 66 15654  1 703081 44786 1.9 32 17 5 11  7% 110879 9184 26%
c - 40.96  0 27 67 15654  1 708647 29361 1.9 31 17 5 11  7% 110879 9184 26%
c - 42.46  0 26 68 15662  1 730637 29961 1.9 31 16 5 11  7% 110879 9184 26%
c u 42.55  0 26 68 15662  1 730637 29408 1.9 31 16 5 11  7% 110879 9184 26%
c v 42.58  0 26 68 15662  1 730637 29136 1.9 31 16 5 11  7% 110879 9184 26%
c w 42.59  0 26 68 15662  1 730637 28843 1.9 31 16 5 11  7% 110879 9184 26%
c ] 42.74  0 26 68 15664  1 732908 30896 1.9 31 16 5 11  7% 110879 9184 26%
c { 42.74  0 13 68 15664  1 732908 30896 1.6 17 10 4 9  7% 110879 9184 26%
c W 43.26  0 13 68 16055  2 741083 37030 1.6 17 10 4 9  7% 110879 9184 26%
c - 43.82  0 13 69 16544  2 752964 30090 1.6 17 10 4 9  7% 110879 9184 26%
c - 44.87  0 13 70 17418  2 775629 34010 1.6 17 10 4 9  7% 110879 9184 26%
c u 44.93  0 13 70 17418  2 775629 33698 1.6 17 10 4 9  7% 110879 9184 26%
c v 44.95  0 13 70 17418  2 775629 33543 1.6 17 10 4 9  7% 110879 9184 26%
c w 44.96  0 13 70 17418  2 775629 33501 1.6 17 10 4 9  7% 110879 9184 26%
c F 45.16  0 13 70 17525  1 780084 36869 1.6 17 10 4 9  7% 110879 9184 26%
c - 46.03  0 13 71 18148  1 798634 35597 1.6 17 10 4 9  7% 110879 9184 26%
c B 47.06  0 13 71 18757  1 820086 50944 1.6 17 10 4 9  7% 110879 9184 26%
c - 47.18  0 13 72 18845  1 821976 36824 1.6 17 10 4 9  7% 110879 9184 26%
c 
c  seconds  reductions    conflicts         size   tier2       variables
c         MB      restarts       redundant     glue   trail         remaining
c          level        rate          size/glue  tier1  irredundant
c 
c u 47.23  0 13 72 18845  1 821976 36481 1.6 17 10 4 9  7% 110879 9184 26%
c v 47.25  0 13 72 18845  1 821976 36324 1.6 17 10 4 9  7% 110879 9184 26%
c w 47.26  0 13 72 18845  1 821976 36237 1.6 17 10 4 9  7% 110879 9184 26%
c - 48.37  0 13 73 19557  1 845658 37314 1.6 17 10 4 9  7% 110879 9184 26%
c } 48.55  0 13 73 19565  1 846433 37888 1.6 17 10 4 9  7% 110879 9184 26%
c [ 48.55  0 26 73 19565  1 846433 37888 1.9 31 16 5 11  7% 110879 9184 26%
c O 49.45  0 25 73 19570  1 861089 50534 1.9 31 16 4 9  7% 110879 9184 26%
c - 50.13  0 25 74 19575  1 869678 36518 1.9 30 16 4 9  7% 110879 9184 26%
c u 50.20  0 25 74 19575  1 869678 36053 1.9 30 16 4 9  7% 110879 9184 26%
c v 50.22  0 25 74 19575  1 869678 35827 1.9 30 16 4 9  7% 110879 9184 26%
c w 50.23  0 25 74 19575  1 869678 35741 1.9 30 16 4 9  7% 110879 9184 26%
c - 52.01  0 23 75 19585  1 894037 33171 1.9 30 15 4 9  7% 110879 9184 26%
c u 52.06  0 23 75 19585  1 894037 32956 1.9 30 15 4 9  7% 110879 9184 26%
c v 52.06  0 23 75 19585  1 894037 32869 1.9 30 15 4 9  7% 110879 9184 26%
c w 52.07  0 23 75 19585  1 894037 32740 1.9 30 15 4 9  7% 110879 9184 26%
c B 52.70  0 23 75 19586  1 903092 40692 2.0 30 15 4 9  7% 110879 9184 26%
c - 53.91  0 22 76 19587  1 918736 34185 2.0 29 15 4 9  7% 110879 9184 26%
c u 53.97  0 22 76 19587  1 918736 33903 2.0 29 15 4 9  7% 110879 9184 26%
c v 53.98  0 22 76 19587  1 918736 33851 2.0 29 15 4 9  7% 110879 9184 26%
c w 53.99  0 22 76 19587  1 918736 33776 2.0 29 15 4 9  7% 110879 9184 26%
c 
c  seconds  reductions    conflicts         size   tier2       variables
c         MB      restarts       redundant     glue   trail         remaining
c          level        rate          size/glue  tier1  irredundant
c 
c ] 54.02  0 22 76 19587  1 918959 33978 2.0 29 15 4 9  7% 110879 9184 26%
c { 54.02  0 13 76 19587  1 918959 33978 1.6 17 10 4 9  7% 110879 9184 26%
c - 55.30  0 13 77 20910  1 943772 33427 1.6 17 10 4 8  7% 110879 9184 26%
c t 55.32  0 13 77 20910  1 943772 33426 1.6 17 10 4 8  7% 110879 9184 26%
c W 56.02  0 13 77 20966  1 946094 35007 1.6 17 10 4 8  7% 110879 9184 26%
c - 57.04  0 13 78 21660  1 969148 34311 1.6 17 10 4 8  7% 110879 9184 26%
c u 57.11  0 13 78 21660  1 969148 33966 1.6 17 10 4 8  7% 110879 9184 26%
c v 57.13  0 13 78 21660  1 969148 33765 1.6 17 10 4 8  7% 110879 9184 26%
c w 57.14  0 13 78 21660  1 969148 33699 1.6 17 10 4 8  7% 110879 9184 26%
c # 57.69  0 13 78 22258  1 990095 48954 1.6 17 10 4 8  7% 110879 9184 26%
c - 57.84  0 13 79 22436  1 994862 34932 1.6 17 10 4 8  7% 110879 9184 26%
c - 58.64  0 13 80 23323  1 1020916 35717 1.6 17 10 4 8  7% 110879 9184 26%
c B 59.11  0 13 80 23771  1 1035096 45861 1.6 17 10 4 8  7% 110879 9184 26%
c - 59.51  0 13 81 24223  1 1047309 36916 1.6 17 10 4 8  7% 110879 9184 26%
c u 59.56  0 13 81 24223  1 1047309 36595 1.6 17 10 4 8  7% 110879 9184 26%
c v 59.57  0 13 81 24223  1 1047309 36410 1.6 17 10 4 8  7% 110879 9184 26%
c w 59.58  0 13 81 24223  1 1047309 36277 1.6 17 10 4 8  7% 110879 9184 26%
c - 60.48  0 13 82 25255  1 1074040 39610 1.6 16 10 4 9  7% 110879 9184 26%
c W 60.94  0 13 82 25425  1 1081097 44656 1.6 16 10 4 9  7% 110879 9184 26%
c - 61.66  0 13 83 26167  1 1101110 43796 1.6 16 10 4 9  7% 110879 9184 26%
c 
c  seconds  reductions     conflicts         size   tier2       variables
c         MB      restarts        redundant     glue   trail         remaining
c          level        rate           size/glue  tier1  irredundant
c 
c } 61.93  0 13 83 26437  1 1107937 49018 1.6 17 10 4 9  7% 110879 9184 26%
c [ 61.93  0 22 83 26437  1 1107937 49018 2.0 29 15 4 9  7% 110879 9184 26%
c W 63.52  0 26 83 26437  1 1128100 68213 1.9 31 16 4 9  8% 110879 9184 26%
c - 63.60  0 26 84 26437  1 1128520 43141 1.9 31 16 4 9  8% 110879 9184 26%
c u 63.68  0 26 84 26437  1 1128520 42621 1.9 31 16 4 9  8% 110879 9184 26%
c v 63.70  0 26 84 26437  1 1128520 42313 1.9 31 16 4 9  8% 110879 9184 26%
c w 63.72  0 26 84 26437  1 1128520 42204 1.9 31 16 4 9  8% 110879 9184 26%
c - 65.61  0 25 85 26438  1 1156270 39187 1.9 30 16 4 9  8% 110879 9184 26%
c u 65.87  0 25 85 26438  1 1156270 38861 1.9 30 16 4 9  8% 110879 9184 26%
c v 65.88  0 25 85 26438  1 1156270 38743 1.9 30 16 4 9  8% 110879 9184 26%
c w 65.89  0 25 85 26438  1 1156270 38580 1.9 30 16 4 9  8% 110879 9184 26%
c I 67.32  0 24 85 26438  1 1176103 54870 1.9 30 16 4 9  8% 110879 9184 26%
c - 67.90  0 28 86 26438  1 1184358 38239 1.8 32 18 4 9  7% 110879 9184 26%
c u 67.97  0 28 86 26438  1 1184358 38053 1.8 32 18 4 9  7% 110879 9184 26%
c v 67.98  0 28 86 26438  1 1184358 37892 1.8 32 18 4 9  7% 110879 9184 26%
c w 67.99  0 28 86 26438  1 1184358 37750 1.8 32 18 4 9  7% 110879 9184 26%
c ] 69.01  0 32 86 26438  1 1199363 51888 1.7 34 19 4 9  7% 110879 9184 26%
c { 69.02  0 13 86 26438  1 1199363 51888 1.6 17 10 4 9  7% 110879 9184 26%
c - 69.75  0 13 87 26890  1 1212786 38913 1.6 16 10 4 9  7% 110879 9184 26%
c u 69.80  0 13 87 26890  1 1212786 38789 1.6 16 10 4 9  7% 110879 9184 26%
c 
c  seconds  reductions     conflicts         size   tier2       variables
c         MB      restarts        redundant     glue   trail         remaining
c          level        rate           size/glue  tier1  irredundant
c 
c v 69.80  0 13 87 26890  1 1212786 38712 1.6 16 10 4 9  7% 110879 9184 26%
c w 69.81  0 13 87 26890  1 1212786 38630 1.6 16 10 4 9  7% 110879 9184 26%
c F 70.40  0 13 87 27478  1 1225105 47874 1.6 17 10 4 9  7% 110879 9184 26%
c - 71.22  0 13 88 28015  1 1241554 42332 1.6 17 10 4 9  7% 110879 9184 26%
c - 72.66  0 13 89 29080  1 1270662 46834 1.6 16 10 4 9  7% 110879 9184 26%
c u 72.74  0 13 89 29080  1 1270662 46327 1.6 16 10 4 9  7% 110879 9184 26%
c v 72.76  0 13 89 29080  1 1270662 46113 1.6 16 10 4 9  7% 110879 9184 26%
c w 72.78  0 13 89 29080  1 1270662 46033 1.6 16 10 4 9  7% 110879 9184 26%
c B 73.00  0 13 89 29400  1 1275106 49180 1.6 16 10 4 9  7% 110879 9184 26%
c - 74.29  0 13 90 30401  1 1300106 47634 1.6 16 10 4 9  7% 110879 9184 26%
c W 76.28  0 13 90 31488  1 1326110 66283 1.6 16 10 4 9  7% 110879 9184 26%
c - 76.51  0 13 91 31699  1 1329890 48910 1.6 16 10 4 9  7% 110879 9184 26%
c u 76.59  0 13 91 31699  1 1329890 48356 1.6 16 10 4 9  7% 110879 9184 26%
c v 76.61  0 13 91 31699  1 1329890 48133 1.6 16 10 4 9  7% 110879 9184 26%
c w 76.63  0 13 91 31699  1 1329890 48026 1.6 16 10 4 9  7% 110879 9184 26%
c } 77.34  0 13 91 32087  1 1343479 57803 1.6 17 10 4 9  7% 110879 9184 26%
c [ 77.34  0 32 91 32087  1 1343479 57803 1.7 34 19 4 9  7% 110879 9184 26%
c - 78.44  0 31 92 32096  1 1360013 48161 1.7 33 19 4 9  7% 110879 9184 26%
c B 79.85  0 29 92 32102  1 1378111 63554 1.8 32 18 4 9  7% 110879 9184 26%
c - 80.75  0 30 93 32109  1 1390475 45258 1.7 32 18 4 9  7% 110879 9184 26%
c 
c  seconds  reductions     conflicts         size   tier2       variables
c         MB      restarts        redundant     glue   trail         remaining
c          level        rate           size/glue  tier1  irredundant
c 
c u 80.83  0 30 93 32109  1 1390475 44564 1.7 32 18 4 9  7% 110879 9184 26%
c v 80.85  0 30 93 32109  1 1390475 44302 1.7 32 18 4 9  7% 110879 9184 26%
c w 80.87  0 30 93 32109  1 1390475 44063 1.7 32 18 4 9  7% 110879 9184 26%
c t 80.87  0 30 93 32109  1 1390475 44061 1.7 32 18 4 9  7% 110879 9184 26%
c - 83.30  0 27 94 32118  1 1421279 41694 1.8 32 18 4 9  7% 110879 9184 26%
c u 83.38  0 27 94 32118  1 1421279 41231 1.8 32 18 4 9  7% 110879 9184 26%
c v 83.40  0 27 94 32118  1 1421279 41090 1.8 32 18 4 9  7% 110879 9184 26%
c w 83.41  0 27 94 32118  1 1421279 41067 1.8 32 18 4 9  7% 110879 9184 26%
c t 83.41  0 27 94 32118  1 1421279 41066 1.8 32 18 4 9  7% 110879 9184 26%
c W 84.56  0 27 94 32120  1 1431114 50034 1.8 32 17 4 9  7% 110879 9184 26%
c ] 85.29  0 26 94 32125  1 1440422 57683 1.8 31 17 4 9  7% 110879 9184 26%
c { 85.29  0 13 94 32125  1 1440422 57683 1.6 17 10 4 9  7% 110879 9184 26%
c - 85.97  0 13 95 32836  1 1452419 29850 1.6 17 10 3 5  7% 110879 9184 26%
c u 86.04  0 13 95 32836  1 1452419 29420 1.6 17 10 3 5  7% 110879 9184 26%
c v 86.06  0 13 95 32836  1 1452419 29238 1.6 17 10 3 5  7% 110879 9184 26%
c - 87.55  0 13 96 34047  1 1483899 27131 1.6 17 10 3 5  7% 110879 9184 26%
c # 87.64  0 13 96 34070  1 1485118 27966 1.6 17 10 3 5  7% 110879 9184 26%
c - 89.11  0 13 97 35370  1 1515718 27135 1.6 17 10 3 5  7% 110879 9184 26%
c u 89.17  0 13 97 35370  1 1515718 26696 1.6 17 10 3 5  7% 110879 9184 26%
c v 89.19  0 13 97 35370  1 1515718 26479 1.6 17 10 3 5  7% 110879 9184 26%
c 
c  seconds  reductions     conflicts         size   tier2       variables
c         MB      restarts        redundant     glue   trail         remaining
c          level        rate           size/glue  tier1  irredundant
c 
c w 89.19  0 13 97 35370  1 1515718 26479 1.6 17 10 3 5  7% 110879 9184 26%
c B 90.31  0 13 97 36381  1 1540120 43884 1.6 17 10 3 5  7% 110879 9184 26%
c - 90.70  0 13 98 36570  1 1547879 26971 1.6 17 10 3 5  7% 110879 9184 26%
c - 92.47  0 13 99 37942  1 1580376 27490 1.6 17 10 3 5  7% 110879 9184 26%
c u 92.53  0 13 99 37942  1 1580376 26965 1.6 17 10 3 5  7% 110879 9184 26%
c v 92.55  0 13 99 37942  1 1580376 26694 1.6 17 10 3 5  7% 110879 9184 26%
c w 92.55  0 13 99 37942  1 1580376 26694 1.6 17 10 3 5  7% 110879 9184 26%
c W 93.75  0 13 99 38732  1 1596122 38122 1.6 17 10 3 5  7% 110879 9184 26%
c - 94.59  0 13 100 39546  1 1613214 27331 1.6 17 10 3 5  7% 110879 9184 26%
c u 94.64  0 13 100 39546  1 1613214 27161 1.6 17 10 3 5  7% 110879 9184 26%
c v 94.65  0 13 100 39546  1 1613214 27078 1.6 17 10 3 5  7% 110879 9184 26%
c x 94.66  0 13 100 39546  1 1613214 27075 1.6 17 10 3 5  7% 110879 9184 26%
c s 94.72  0 13 100 39546  1 1613214 26853 1.6 17 10 3 5  7% 110879 9184 26%
c s 94.77  0 13 100 39546  1 1613214 26686 1.6 17 10 3 5  7% 110879 9184 26%
c } 94.99  0 13 100 39806  2 1617571 29906 1.6 17 10 3 5  7% 110879 9184 26%
c [ 94.99  0 26 100 39806  1 1617571 29906 1.8 31 17 4 9  7% 110879 9184 26%
c - 97.12  0 24 101 39820  1 1646393 27739 1.9 30 16 4 9  7% 110879 9184 26%
c u 97.18  0 24 101 39820  1 1646393 27221 1.9 30 16 4 9  7% 110879 9184 26%
c v 97.20  0 24 101 39820  1 1646393 27047 1.9 30 16 4 9  7% 110879 9184 26%
c O 97.63  0 27 101 39823  1 1653123 33512 1.8 31 17 4 9  7% 110879 9184 26%
c 
c  seconds   reductions     conflicts         size   tier2       variables
c         MB       restarts        redundant     glue   trail         remaining
c          level         rate           size/glue  tier1  irredundant
c 
c - 99.55  0 25 102 39830  1 1679909 27619 1.9 30 16 4 9  7% 110879 9184 26%
c u 99.62  0 25 102 39830  1 1679909 27128 1.9 30 16 4 9  7% 110879 9184 26%
c v 99.63  0 25 102 39830  1 1679909 26952 1.9 30 16 4 9  7% 110879 9184 26%
c w 99.63  0 25 102 39830  1 1679909 26951 1.9 30 16 4 9  7% 110879 9184 26%
c B 101.85  0 24 102 39831  1 1711125 54170 1.9 30 16 4 9  7% 110879 9184 26%
c - 102.09  0 24 103 39831  1 1713764 27184 1.9 30 16 4 9  7% 110879 9184 26%
c u 102.15  0 24 103 39831  1 1713764 26769 1.9 30 16 4 9  7% 110879 9184 26%
c v 102.16  0 24 103 39831  1 1713764 26581 1.9 30 16 4 9  7% 110879 9184 26%
c w 102.16  0 24 103 39831  1 1713764 26581 1.9 30 16 4 9  7% 110879 9184 26%
c ] 103.89  0 23 103 39839  1 1735909 45920 1.9 30 15 4 9  7% 110879 9184 26%
c { 103.89  0 13 103 39839  2 1735909 45920 1.6 17 10 3 5  7% 110879 9184 26%
c - 104.66  0 13 104 40200  1 1747959 27109 1.6 17 10 3 5  7% 110879 9184 26%
c u 104.73  0 13 104 40200  1 1747959 26629 1.6 17 10 3 5  7% 110879 9184 26%
c v 104.75  0 13 104 40200  1 1747959 26472 1.6 17 10 3 5  7% 110879 9184 26%
c F 105.81  0 13 104 41032  1 1770127 42365 1.6 17 10 3 5  7% 110879 9184 26%
c - 106.46  0 13 105 41588  1 1782495 27242 1.6 17 10 3 5  7% 110879 9184 26%
c u 106.51  0 13 105 41588  1 1782495 27040 1.6 17 10 3 5  7% 110879 9184 26%
c v 106.52  0 13 105 41588  1 1782495 26934 1.6 17 10 3 5  7% 110879 9184 26%
c w 106.52  0 13 105 41588  1 1782495 26934 1.6 17 10 3 5  7% 110879 9184 26%
c - 108.16  0 13 106 43070  1 1817369 27927 1.6 16 10 3 5  7% 110879 9184 26%
c 
c  seconds    reductions     conflicts         size   tier2       variables
c          MB       restarts        redundant     glue   trail         remaining
c           level         rate           size/glue  tier1  irredundant
c 
c u 108.21  0 13 106 43070  1 1817369 27700 1.6 16 10 3 5  7% 110879 9184 26%
c v 108.22  0 13 106 43070  1 1817369 27559 1.6 16 10 3 5  7% 110879 9184 26%
c w 108.22  0 13 106 43070  1 1817369 27559 1.6 16 10 3 5  7% 110879 9184 26%
c B 108.82  0 13 106 43657  2 1830128 36705 1.6 16 10 3 5  7% 110879 9184 26%
c - 109.90  0 13 107 44550  1 1852583 27213 1.6 16 10 3 4  7% 110879 9184 26%
c u 109.95  0 13 107 44550  1 1852583 26933 1.6 16 10 3 4  7% 110879 9184 26%
c v 109.96  0 13 107 44550  1 1852583 26810 1.6 16 10 3 4  7% 110879 9184 26%
c w 109.96  0 13 107 44550  1 1852583 26810 1.6 16 10 3 4  7% 110879 9184 26%
c - 111.63  0 13 108 46032  1 1888136 27070 1.6 16 10 3 4  7% 110879 9184 26%
c u 111.68  0 13 108 46032  1 1888136 26788 1.6 16 10 3 4  7% 110879 9184 26%
c v 111.69  0 13 108 46032  1 1888136 26664 1.6 16 10 3 4  7% 110879 9184 26%
c w 111.69  0 13 108 46032  1 1888136 26664 1.6 16 10 3 4  7% 110879 9184 26%
c t 111.70  0 13 108 46032  1 1888136 26663 1.6 16 10 3 4  7% 110879 9184 26%
c W 112.71  0 13 108 46120  1 1891129 28685 1.6 16 10 3 4  7% 110879 9184 26%
c - 114.35  0 13 109 47671  2 1924028 27465 1.6 17 10 3 4  7% 110879 9184 26%
c u 114.41  0 13 109 47671  2 1924028 27245 1.6 17 10 3 4  7% 110879 9184 26%
c v 114.42  0 13 109 47671  2 1924028 27152 1.6 17 10 3 4  7% 110879 9184 26%
c w 114.42  0 13 109 47671  2 1924028 27152 1.6 17 10 3 4  7% 110879 9184 26%
c } 115.22  0 13 109 48468  2 1940207 38828 1.6 17 10 3 4  7% 110879 9184 26%
c [ 115.22  0 23 109 48468  1 1940207 38828 1.9 30 15 4 9  7% 110879 9184 26%
c 
c  seconds    reductions     conflicts         size   tier2       variables
c          MB       restarts        redundant     glue   trail         remaining
c           level         rate           size/glue  tier1  irredundant
c 
c W 116.27  0 23 109 48475  1 1953130 50050 1.9 30 15 4 9  7% 110879 9184 26%
c - 116.80  0 25 110 48476  1 1960260 28511 1.9 30 16 4 9  7% 110879 9184 26%
c u 116.87  0 25 110 48476  1 1960260 28118 1.9 30 16 4 9  7% 110879 9184 26%
c v 116.88  0 25 110 48476  1 1960260 27954 1.9 30 16 4 9  7% 110879 9184 26%
c w 116.88  0 25 110 48476  1 1960260 27954 1.9 30 16 4 9  7% 110879 9184 26%
c - 119.56  0 23 111 48491  1 1996832 28665 2.0 30 15 4 9  7% 110879 9184 26%
c u 119.63  0 23 111 48491  1 1996832 28159 2.0 30 15 4 9  7% 110879 9184 26%
c v 119.65  0 23 111 48491  1 1996832 27930 2.0 30 15 4 9  7% 110879 9184 26%
c w 119.65  0 23 111 48491  1 1996832 27930 2.0 30 15 4 9  7% 110879 9184 26%
c I 121.03  0 24 111 48497  1 2016132 45422 2.0 31 16 4 9  7% 110879 9184 26%
c - 122.47  0 33 112 48505  1 2033744 28779 1.8 35 20 4 9  7% 110879 9184 26%
c u 122.85  0 33 112 48505  1 2033744 28308 1.8 35 20 4 9  7% 110879 9184 26%
c v 122.87  0 33 112 48505  1 2033744 28125 1.8 35 20 4 9  7% 110879 9184 26%
c w 122.87  0 33 112 48505  1 2033744 28125 1.8 35 20 4 9  7% 110879 9184 26%
c ] 125.95  0 34 112 48521  1 2070490 62072 1.8 37 20 4 9  7% 110879 9184 26%
c { 125.95  0 13 112 48521  2 2070490 62072 1.6 17 10 3 4  7% 110879 9184 26%
c - 126.04  0 13 113 48560  2 2070995 28689 1.6 17 10 3 4  7% 110879 9184 26%
c u 126.11  0 13 113 48560  2 2070995 28012 1.6 17 10 3 4  7% 110879 9184 26%
c v 126.13  0 13 113 48560  2 2070995 27757 1.6 17 10 3 4  7% 110879 9184 26%
c w 126.13  0 13 113 48560  2 2070995 27757 1.6 17 10 3 4  7% 110879 9184 26%
c 
c  seconds    reductions     conflicts         size   tier2       variables
c          MB       restarts        redundant     glue   trail         remaining
c           level         rate           size/glue  tier1  irredundant
c 
c # 126.54  0 13 113 48855  2 2080134 34293 1.6 16 10 3 4  7% 110879 9184 26%
c - 127.95  0 13 114 49891  1 2108587 26639 1.6 17 10 3 4  7% 110879 9184 26%
c u 128.00  0 13 114 49891  1 2108587 26387 1.6 17 10 3 4  7% 110879 9184 26%
c v 128.02  0 13 114 49891  1 2108587 26274 1.6 17 10 3 4  7% 110879 9184 26%
c w 128.02  0 13 114 49891  1 2108587 26274 1.6 17 10 3 4  7% 110879 9184 26%
c B 129.75  0 13 114 51217  1 2145136 52120 1.6 16 10 3 4  7% 110879 9184 26%
c - 129.84  0 13 115 51287  1 2146520 26008 1.6 16 10 3 4  7% 110879 9184 26%
c u 129.90  0 13 115 51287  1 2146520 25770 1.6 16 10 3 4  7% 110879 9184 26%
c v 129.91  0 13 115 51287  1 2146520 25667 1.6 16 10 3 4  7% 110879 9184 26%
c - 131.72  0 13 116 52853  1 2184789 26181 1.6 17 10 3 4  7% 110879 9184 26%
c u 131.79  0 13 116 52853  1 2184789 25923 1.6 17 10 3 4  7% 110879 9184 26%
c v 131.80  0 13 116 52853  1 2184789 25817 1.6 17 10 3 4  7% 110879 9184 26%
c w 131.80  0 13 116 52853  1 2184789 25817 1.6 17 10 3 4  7% 110879 9184 26%
c W 133.78  0 13 116 53721  1 2211137 44861 1.6 17 10 3 4  7% 110879 9184 26%
c - 134.41  0 13 117 54289  1 2223400 26433 1.6 17 10 3 4  7% 110879 9184 26%
c u 134.47  0 13 117 54289  1 2223400 26142 1.6 17 10 3 4  7% 110879 9184 26%
c v 134.48  0 13 117 54289  1 2223400 26024 1.6 17 10 3 4  7% 110879 9184 26%
c - 136.32  0 13 118 55869  1 2262349 26750 1.6 17 10 3 4  7% 110879 9184 26%
c u 136.37  0 13 118 55869  1 2262349 26453 1.6 17 10 3 4  7% 110879 9184 26%
c v 136.38  0 13 118 55869  1 2262349 26325 1.6 17 10 3 4  7% 110879 9184 26%
c 
c  seconds    reductions     conflicts         size   tier2       variables
c          MB       restarts        redundant     glue   trail         remaining
c           level         rate           size/glue  tier1  irredundant
c 
c F 137.08  0 13 118 56412  1 2278141 37441 1.6 17 10 3 4  7% 110879 9184 26%
c - 138.24  0 13 119 57322  1 2301637 26779 1.6 17 10 3 4  7% 110879 9184 26%
c 2 138.24  0 13 119 57322  1 2301637 26778 1.6 17 10 3 4  7% 110879 9184 26%
c u 138.29  0 13 119 57322  1 2301637 26570 1.6 17 10 3 4  7% 110879 9184 26%
c v 138.30  0 13 119 57322  1 2301637 26498 1.6 17 10 3 4  7% 110879 9184 26%
c } 138.52  0 13 119 57517  1 2306317 29784 1.6 17 10 3 4  7% 110879 9184 26%
c [ 138.52  0 34 119 57517  1 2306317 29784 1.8 37 20 4 9  7% 110879 9184 26%
c - 140.99  0 31 120 57519  1 2341266 27875 1.8 34 19 4 9  7% 110879 9184 26%
c u 141.06  0 31 120 57519  1 2341266 27432 1.8 34 19 4 9  7% 110879 9184 26%
c v 141.07  0 31 120 57519  1 2341266 27254 1.8 34 19 4 9  7% 110879 9184 26%
c w 141.07  0 31 120 57519  1 2341266 27253 1.8 34 19 4 9  7% 110879 9184 26%
c t 141.08  0 31 120 57519  1 2341266 27247 1.8 34 19 4 9  7% 110879 9184 26%
c B 141.36  0 31 120 57519  1 2346142 31890 1.8 34 19 4 9  7% 110879 9184 26%
c - 144.26  0 35 121 57520  1 2381235 28815 1.8 37 21 4 9  7% 110879 9184 26%
c u 144.33  0 35 121 57520  1 2381235 28215 1.8 37 21 4 9  7% 110879 9184 26%
c v 144.35  0 35 121 57520  1 2381235 28026 1.8 37 21 4 9  7% 110879 9184 26%
c w 144.37  0 35 121 57520  1 2381235 27940 1.8 37 21 4 9  7% 110879 9184 26%
c W 147.75  0 37 121 57520  1 2415144 59670 1.8 38 21 4 9  7% 110879 9184 26%
c - 148.33  0 37 122 57520  1 2421546 28509 1.8 38 21 4 9  7% 110879 9184 26%
c u 148.42  0 37 122 57520  1 2421546 28146 1.8 38 21 4 9  7% 110879 9184 26%
c 
c  seconds    reductions     conflicts         size   tier2       variables
c          MB       restarts        redundant     glue   trail         remaining
c           level         rate           size/glue  tier1  irredundant
c 
c v 148.45  0 37 122 57520  1 2421546 27887 1.8 38 21 4 9  7% 110879 9184 26%
c w 148.45  0 37 122 57520  1 2421546 27886 1.8 38 21 4 9  7% 110879 9184 26%
c ] 150.60  0 34 122 57521  1 2449766 53553 1.9 38 20 4 9  7% 110879 9184 26%
c { 150.60  0 13 122 57521  1 2449766 53553 1.6 17 10 3 4  7% 110879 9184 26%
c - 151.33  0 13 123 58120  1 2462195 28291 1.6 17 10 3 4  7% 110879 9184 26%
c u 151.40  0 13 123 58120  1 2462195 27841 1.6 17 10 3 4  7% 110879 9184 26%
c v 151.42  0 13 123 58120  1 2462195 27691 1.6 17 10 3 4  7% 110879 9184 26%
c w 151.42  0 13 123 58120  1 2462195 27691 1.6 17 10 3 4  7% 110879 9184 26%
c B 152.47  0 13 123 59170  1 2485145 44000 1.6 17 10 3 4  7% 110879 9184 26%
c - 153.34  0 13 124 59872  1 2503182 27353 1.6 17 10 3 4  7% 110879 9184 26%
c u 153.42  0 13 124 59872  1 2503182 27045 1.6 17 10 3 4  7% 110879 9184 26%
c v 153.43  0 13 124 59872  1 2503182 26952 1.6 17 10 3 4  7% 110879 9184 26%
c w 153.43  0 13 124 59872  1 2503182 26951 1.6 17 10 3 4  7% 110879 9184 26%
c - 155.04  0 13 125 61330  1 2544508 29024 1.6 17 10 3 4  7% 110879 9184 26%
c W 155.81  0 13 125 61687  1 2556147 37380 1.6 17 10 3 4  7% 110879 9184 26%
c - 156.83  0 13 126 62720  1 2586175 30155 1.6 17 10 3 4  7% 110879 9184 26%
c u 156.89  0 13 126 62720  1 2586175 29768 1.6 17 10 3 4  7% 110879 9184 26%
c v 156.91  0 13 126 62720  1 2586175 29584 1.6 17 10 3 4  7% 110879 9184 26%
c # 158.31  0 13 126 64234  1 2628148 59501 1.6 16 10 3 4  7% 110879 9184 26%
c - 158.33  0 13 127 64235  1 2628183 29712 1.6 16 10 3 4  7% 110879 9184 26%
c 
c  seconds    reductions     conflicts         size   tier2       variables
c          MB       restarts        redundant     glue   trail         remaining
c           level         rate           size/glue  tier1  irredundant
c 
c - 159.98  0 13 128 65620  1 2670529 30503 1.6 16 10 3 4  7% 110879 9184 26%
c u 160.04  0 13 128 65620  1 2670529 30068 1.6 16 10 3 4  7% 110879 9184 26%
c v 160.06  0 13 128 65620  1 2670529 29897 1.6 16 10 3 4  7% 110879 9184 26%
c B 161.13  0 13 128 66670  1 2701149 52031 1.6 16 10 3 4  7% 110879 9184 26%
c - 161.60  0 13 129 67224  1 2713215 30784 1.6 17 10 3 4  7% 110879 9184 26%
c - 163.24  0 13 130 69187  1 2756242 31594 1.6 17 10 3 4  7% 110879 9184 26%
c u 163.30  0 13 130 69187  1 2756242 31225 1.6 17 10 3 4  7% 110879 9184 26%
c v 163.33  0 13 130 69187  1 2756242 31004 1.6 17 10 3 4  7% 110879 9184 26%
c w 163.33  0 13 130 69187  1 2756242 31004 1.6 17 10 3 4  7% 110879 9184 26%
c W 164.46  0 13 130 69975  1 2775154 44544 1.6 16 10 3 4  7% 110879 9184 26%
c } 164.95  0 13 130 70404  1 2788426 53788 1.6 16 10 3 4  7% 110879 9184 26%
c [ 164.95  0 34 130 70404  1 2788426 53788 1.9 38 20 4 9  7% 110879 9184 26%
c - 165.68  0 36 131 70404  1 2799607 32507 1.9 38 21 4 9  8% 110879 9184 26%
c u 165.72  0 36 131 70404  1 2799607 32407 1.9 38 21 4 9  8% 110879 9184 26%
c v 165.74  0 36 131 70404  1 2799607 32281 1.9 38 21 4 9  8% 110879 9184 26%
c w 165.74  0 36 131 70404  1 2799607 32280 1.9 38 21 4 9  8% 110879 9184 26%
c - 169.27  0 33 132 70404  1 2843316 34564 1.9 37 19 4 9  7% 110879 9184 26%
c u 169.37  0 33 132 70404  1 2843316 33917 1.9 37 19 4 9  7% 110879 9184 26%
c v 169.39  0 33 132 70404  1 2843316 33716 1.9 37 19 4 9  7% 110879 9184 26%
c w 169.40  0 33 132 70404  1 2843316 33625 1.9 37 19 4 9  7% 110879 9184 26%
c 
c  seconds    reductions     conflicts         size   tier2       variables
c          MB       restarts        redundant     glue   trail         remaining
c           level         rate           size/glue  tier1  irredundant
c 
c t 169.41  0 33 132 70404  1 2843316 33624 1.9 37 19 4 9  7% 110879 9184 26%
c O 169.82  0 32 132 70404  1 2850155 39676 1.9 36 19 4 9  7% 110879 9184 26%
c - 172.69  0 27 133 70404  1 2887361 32679 1.9 33 17 4 9  7% 110879 9184 26%
c u 172.76  0 27 133 70404  1 2887361 32548 1.9 33 17 4 9  7% 110879 9184 26%
c v 172.77  0 27 133 70404  1 2887361 32391 1.9 33 17 4 9  7% 110879 9184 26%
c B 175.88  0 25 133 70419  1 2926156 66403 1.9 32 17 4 9  7% 110879 9184 26%
c - 176.53  0 25 134 70419  1 2931747 33445 1.9 32 16 4 9  7% 110879 9184 26%
c u 176.61  0 25 134 70419  1 2931747 33086 1.9 32 16 4 9  7% 110879 9184 26%
c v 176.64  0 25 134 70419  1 2931747 32910 1.9 32 16 4 9  7% 110879 9184 26%
c w 176.64  0 25 134 70419  1 2931747 32910 1.9 32 16 4 9  7% 110879 9184 26%
c ] 177.60  0 24 134 70428  1 2946611 45714 2.0 32 16 4 9  7% 110879 9184 26%
c { 177.60  0 13 134 70428  1 2946611 45714 1.6 16 10 3 4  7% 110879 9184 26%
c - 178.73  0 13 135 71462  1 2976471 33562 1.6 16 10 3 4  7% 110879 9184 26%
c u 178.78  0 13 135 71462  1 2976471 33409 1.6 16 10 3 4  7% 110879 9184 26%
c v 178.79  0 13 135 71462  1 2976471 33313 1.6 16 10 3 4  7% 110879 9184 26%
c F 179.74  0 13 135 72608  1 3003159 53108 1.6 17 10 3 4  7% 110879 9184 26%
c - 180.48  0 13 136 73297  1 3021536 33946 1.6 17 10 3 4  7% 110879 9184 26%
c u 180.54  0 13 136 73297  1 3021536 33754 1.6 17 10 3 4  7% 110879 9184 26%
c v 180.56  0 13 136 73297  1 3021536 33700 1.6 17 10 3 4  7% 110879 9184 26%
c - 182.46  0 13 137 75663  2 3066940 33895 1.6 17 10 3 4  7% 110879 9184 26%
c 
c  seconds    reductions     conflicts         size   tier2       variables
c          MB       restarts        redundant     glue   trail         remaining
c           level         rate           size/glue  tier1  irredundant
c 
c u 182.51  0 13 137 75663  2 3066940 33632 1.6 17 10 3 4  7% 110879 9184 26%
c v 182.53  0 13 137 75663  2 3066940 33580 1.6 17 10 3 4  7% 110879 9184 26%
c B 183.08  0 13 137 76235  2 3081161 43706 1.6 16 10 3 4  7% 110879 9184 26%
c - 184.46  0 13 138 77446  2 3112684 34173 1.6 17 10 3 4  7% 110879 9184 26%
c u 184.52  0 13 138 77446  2 3112684 34112 1.6 17 10 3 4  7% 110879 9184 26%
c v 184.54  0 13 138 77446  2 3112684 33986 1.6 17 10 3 4  7% 110879 9184 26%
c w 184.54  0 13 138 77446  2 3112684 33985 1.6 17 10 3 4  7% 110879 9184 26%
c - 186.51  0 13 139 79097  1 3158770 34799 1.6 17 10 3 4  7% 110879 9184 26%
c u 186.55  0 13 139 79097  1 3158770 34681 1.6 17 10 3 4  7% 110879 9184 26%
c v 186.57  0 13 139 79097  1 3158770 34553 1.6 17 10 3 4  7% 110879 9184 26%
c w 186.57  0 13 139 79097  1 3158770 34553 1.6 17 10 3 4  7% 110879 9184 26%
c W 187.70  0 13 139 79172  1 3160162 35527 1.6 17 10 3 4  7% 110879 9184 26%
c - 189.65  0 13 140 81584  2 3205194 35376 1.6 17 10 3 4  7% 110879 9184 26%
c u 189.73  0 13 140 81584  2 3205194 35167 1.6 17 10 3 4  7% 110879 9184 26%
c v 189.75  0 13 140 81584  2 3205194 35020 1.6 17 10 3 4  7% 110879 9184 26%
c # 191.20  0 13 140 83057  2 3240163 60744 1.6 17 10 3 4  7% 110879 9184 26%
c - 191.77  0 13 141 83427  2 3251958 35707 1.6 17 10 3 4  7% 110879 9184 26%
c u 191.82  0 13 141 83427  2 3251958 35526 1.6 17 10 3 4  7% 110879 9184 26%
c v 191.84  0 13 141 83427  2 3251958 35378 1.6 17 10 3 4  7% 110879 9184 26%
c w 191.84  0 13 141 83427  2 3251958 35378 1.6 17 10 3 4  7% 110879 9184 26%
c 
c  seconds    reductions     conflicts         size   tier2       variables
c          MB       restarts        redundant     glue   trail         remaining
c           level         rate           size/glue  tier1  irredundant
c 
c } 193.49  0 13 141 84782  1 3290982 63111 1.6 17 10 3 4  7% 110879 9184 26%
c [ 193.49  0 24 141 84782  1 3290982 63111 2.0 32 16 4 9  7% 110879 9184 26%
c - 193.94  0 24 142 84787  1 3299063 36451 2.0 31 16 4 9  7% 110879 9184 26%
c u 194.00  0 24 142 84787  1 3299063 36286 2.0 31 16 4 9  7% 110879 9184 26%
c v 194.02  0 24 142 84787  1 3299063 36157 2.0 31 16 4 9  7% 110879 9184 26%
c w 194.02  0 24 142 84787  1 3299063 36157 2.0 31 16 4 9  7% 110879 9184 26%
c t 194.02  0 24 142 84787  1 3299063 36156 2.0 31 16 4 9  7% 110879 9184 26%
c W 195.87  0 24 142 84789  1 3321165 55530 2.0 31 16 4 9  7% 110879 9184 26%
c - 198.30  0 23 143 84802  1 3346507 38710 2.0 31 15 4 9  7% 110879 9184 26%
c u 198.78  0 23 143 84802  1 3346507 38458 2.0 31 15 4 9  7% 110879 9184 26%
c v 198.81  0 23 143 84802  1 3346507 38273 2.0 31 15 4 9  7% 110879 9184 26%
c w 198.81  0 23 143 84802  1 3346507 38272 2.0 31 15 4 9  7% 110879 9184 26%
c - 202.78  0 20 144 84820  1 3394293 38386 2.1 30 14 4 9  7% 110879 9184 26%
c u 202.87  0 20 144 84820  1 3394293 38059 2.1 30 14 4 9  7% 110879 9184 26%
c v 202.90  0 20 144 84820  1 3394293 37824 2.1 30 14 4 9  7% 110879 9184 26%
c w 202.90  0 20 144 84820  1 3394293 37824 2.1 30 14 4 9  7% 110879 9184 26%
c I 203.47  0 20 144 84820  1 3403167 45516 2.1 30 14 4 9  7% 110879 9184 26%
c - 207.02  0 38 145 84821  1 3442418 39819 1.9 39 20 4 8  7% 110879 9184 26%
c u 207.11  0 38 145 84821  1 3442418 39661 1.9 39 20 4 8  7% 110879 9184 26%
c v 207.13  0 38 145 84821  1 3442418 39575 1.9 39 20 4 8  7% 110879 9184 26%
c 
c  seconds    reductions     conflicts         size   tier2       variables
c          MB       restarts        redundant     glue   trail         remaining
c           level         rate           size/glue  tier1  irredundant
c 
c w 207.14  0 38 145 84821  1 3442418 39530 1.9 39 20 4 8  7% 110879 9184 26%
c x 207.15  0 38 145 84821  1 3442418 39529 1.9 39 20 4 8  7% 110879 9184 26%
c s 207.23  0 38 145 84821  1 3442418 38864 1.9 39 20 4 8  7% 110879 9184 26%
c s 207.32  0 38 145 84821  1 3442418 38540 1.9 39 20 4 8  7% 110879 9184 26%
c ] 209.02  0 36 145 84835  1 3464814 58928 1.9 38 20 4 8  7% 110879 9184 26%
c { 209.02  0 13 145 84835  1 3464814 58928 1.6 17 10 3 4  7% 110879 9184 26%
c B 209.90  0 13 145 85651  1 3486172 74104 1.6 17 10 3 4  7% 110879 9184 26%
c - 210.14  0 13 146 85803  1 3490883 38641 1.6 17 10 3 4  7% 110879 9184 26%
c u 210.21  0 13 146 85803  1 3490883 38355 1.6 17 10 3 4  7% 110879 9184 26%
c v 210.24  0 13 146 85803  1 3490883 38179 1.6 17 10 3 4  7% 110879 9184 26%
c - 212.52  0 13 147 88469  2 3539689 38066 1.6 17 10 3 4  7% 110879 9184 26%
c u 212.58  0 13 147 88469  2 3539689 37868 1.6 17 10 3 4  7% 110879 9184 26%
c v 212.60  0 13 147 88469  2 3539689 37753 1.6 17 10 3 4  7% 110879 9184 26%
c w 212.60  0 13 147 88469  2 3539689 37753 1.6 17 10 3 4  7% 110879 9184 26%
c W 214.81  0 13 147 89551  2 3570173 59426 1.6 17 10 3 4  7% 110879 9184 26%
c - 215.72  0 13 148 90187  1 3588835 37690 1.6 17 10 3 4  7% 110879 9184 26%
c u 215.78  0 13 148 90187  1 3588835 37532 1.6 17 10 3 4  7% 110879 9184 26%
c v 215.79  0 13 148 90187  1 3588835 37433 1.6 17 10 3 4  7% 110879 9184 26%
c w 215.79  0 13 148 90187  1 3588835 37433 1.6 17 10 3 4  7% 110879 9184 26%
c - 218.10  0 13 149 92259  2 3638321 38630 1.6 17 10 3 4  7% 110879 9184 26%
c 
c  seconds    reductions     conflicts         size   tier2       variables
c          MB       restarts        redundant     glue   trail         remaining
c           level         rate           size/glue  tier1  irredundant
c 
c u 218.17  0 13 149 92259  2 3638321 38420 1.6 17 10 3 4  7% 110879 9184 26%
c v 218.19  0 13 149 92259  2 3638321 38314 1.6 17 10 3 4  7% 110879 9184 26%
c w 218.19  0 13 149 92259  2 3638321 38314 1.6 17 10 3 4  7% 110879 9184 26%
c F 218.96  0 13 149 92828  1 3655177 49973 1.6 17 10 3 4  7% 110879 9184 26%
c - 220.63  0 13 150 94310  1 3688144 39540 1.6 17 10 3 4  7% 110879 9184 26%
c u 220.70  0 13 150 94310  1 3688144 39286 1.6 17 10 3 4  7% 110879 9184 26%
c v 220.71  0 13 150 94310  1 3688144 39191 1.6 17 10 3 4  7% 110879 9184 26%
c w 220.71  0 13 150 94310  1 3688144 39191 1.6 17 10 3 4  7% 110879 9184 26%
c - 223.08  0 13 151 96484  2 3738313 39934 1.6 17 10 3 4  7% 110879 9184 26%
c u 223.15  0 13 151 96484  2 3738313 39719 1.6 17 10 3 4  7% 110879 9184 26%
c v 223.17  0 13 151 96484  2 3738313 39586 1.6 17 10 3 4  7% 110879 9184 26%
c t 223.19  0 13 151 96484  2 3738313 39584 1.6 17 10 3 4  7% 110879 9184 26%
c B 223.30  0 13 151 96666  2 3741178 41720 1.6 17 10 3 4  7% 110879 9184 26%
c - 225.53  0 13 152 98346  1 3788816 40582 1.6 17 10 3 4  7% 110879 9184 26%
c u 225.60  0 13 152 98346  1 3788816 40403 1.6 17 10 3 4  7% 110879 9184 26%
c v 225.62  0 13 152 98346  1 3788816 40256 1.6 17 10 3 4  7% 110879 9184 26%
c w 225.62  0 13 152 98346  1 3788816 40255 1.6 17 10 3 4  7% 110879 9184 26%
c } 226.88  0 13 152 99465  1 3816428 60709 1.6 17 10 3 4  7% 110879 9184 26%
c [ 226.88  0 36 152 99465  1 3816428 60709 1.9 38 20 4 8  7% 110879 9184 26%
c B 227.73  0 37 152 99467  1 3828180 71428 1.9 38 20 4 8  7% 110879 9184 26%
c 
c  seconds    reductions     conflicts         size   tier2       variables
c          MB       restarts        redundant     glue   trail         remaining
c           level         rate           size/glue  tier1  irredundant
c 
c - 228.57  0 36 153 99473  1 3839661 41988 2.0 39 20 4 8  7% 110879 9184 26%
c u 228.64  0 36 153 99473  1 3839661 41708 2.0 39 20 4 8  7% 110879 9184 26%
c v 228.67  0 36 153 99473  1 3839661 41607 2.0 39 20 4 8  7% 110879 9184 26%
c w 228.67  0 36 153 99473  1 3839661 41607 2.0 39 20 4 8  7% 110879 9184 26%
c - 233.31  0 30 154 99491  1 3890847 42906 2.0 35 17 4 9  7% 110879 9184 26%
c u 233.42  0 30 154 99491  1 3890847 42587 2.0 35 17 4 9  7% 110879 9184 26%
c v 233.45  0 30 154 99491  1 3890847 42358 2.0 35 17 4 9  7% 110879 9184 26%
c w 233.45  0 30 154 99491  1 3890847 42356 2.0 35 17 4 9  7% 110879 9184 26%
c W 236.44  0 27 154 99502  1 3916181 63672 2.1 34 16 4 9  7% 110879 9184 26%
c - 239.00  0 25 155 99512  1 3942371 41808 2.1 32 16 3 6  7% 110879 9184 26%
c u 239.11  0 25 155 99512  1 3942371 41478 2.1 32 16 3 6  7% 110879 9184 26%
c v 239.14  0 25 155 99512  1 3942371 41308 2.1 32 16 3 6  7% 110879 9184 26%
c - 243.85  0 25 156 99515  1 3994236 42282 2.1 33 16 3 6  7% 110879 9184 26%
c u 243.97  0 25 156 99515  1 3994236 41988 2.1 33 16 3 6  7% 110879 9184 26%
c v 244.00  0 25 156 99515  1 3994236 41792 2.1 33 16 3 6  7% 110879 9184 26%
c w 244.00  0 25 156 99515  1 3994236 41792 2.1 33 16 3 6  7% 110879 9184 26%
c ] 244.49  0 25 156 99515  1 4001849 48725 2.1 33 16 3 6  7% 110879 9184 26%
c { 244.49  0 13 156 99515  1 4001849 48725 1.6 17 10 3 4  7% 110879 9184 26%
c W 245.09  0 13 156 99699  1 4005183 51199 1.6 17 10 3 4  7% 110879 9184 26%
c - 247.29  0 13 157 101196  1 4046441 41461 1.6 17 10 3 4  7% 110879 9184 26%
c 
c  seconds    reductions      conflicts         size   tier2       variables
c          MB       restarts         redundant     glue   trail         remaining
c           level          rate           size/glue  tier1  irredundant
c 
c u 247.38  0 13 157 101196  1 4046441 41222 1.6 17 10 3 4  7% 110879 9184 26%
c v 247.40  0 13 157 101196  1 4046441 41072 1.6 17 10 3 4  7% 110879 9184 26%
c # 249.89  0 13 157 103039  1 4095185 75247 1.6 17 10 3 4  7% 110879 9184 26%
c - 250.12  0 13 158 103176  1 4098986 41749 1.6 17 10 3 4  7% 110879 9184 26%
c u 250.19  0 13 158 103176  1 4098986 41648 1.6 17 10 3 4  7% 110879 9184 26%
c v 250.21  0 13 158 103176  1 4098986 41570 1.6 17 10 3 4  7% 110879 9184 26%
c x 250.22  0 13 158 103176  1 4098986 41569 1.6 17 10 3 4  7% 110879 9184 26%
c s 250.31  0 13 158 103176  1 4098986 41215 1.6 17 10 3 4  7% 110879 9184 26%
c s 250.40  0 13 158 103176  1 4098986 41102 1.6 17 10 3 4  7% 110879 9184 26%
c - 253.12  0 13 159 105365  1 4151871 41876 1.6 17 10 3 4  7% 110879 9184 26%
c u 253.20  0 13 159 105365  1 4151871 41669 1.6 17 10 3 4  7% 110879 9184 26%
c v 253.22  0 13 159 105365  1 4151871 41526 1.6 17 10 3 4  7% 110879 9184 26%
c w 253.22  0 13 159 105365  1 4151871 41526 1.6 17 10 3 4  7% 110879 9184 26%
c B 254.94  0 13 159 106875  1 4186186 66315 1.6 17 10 3 4  7% 110879 9184 26%
c - 256.01  0 13 160 107904  2 4205095 42631 1.6 17 10 3 4  7% 110879 9184 26%
c u 256.40  0 13 160 107904  2 4205095 42334 1.6 17 10 3 4  7% 110879 9184 26%
c v 256.42  0 13 160 107904  2 4205095 42198 1.6 17 10 3 4  7% 110879 9184 26%
c t 256.43  0 13 160 107904  2 4205095 42189 1.6 17 10 3 4  7% 110879 9184 26%
c - 259.25  0 13 161 110125  1 4258659 42910 1.6 17 10 3 4  7% 110879 9184 26%
c u 259.32  0 13 161 110125  1 4258659 42705 1.6 17 10 3 4  7% 110879 9184 26%
c 
c  seconds    reductions      conflicts         size   tier2       variables
c          MB       restarts         redundant     glue   trail         remaining
c           level          rate           size/glue  tier1  irredundant
c 
c v 259.34  0 13 161 110125  1 4258659 42573 1.6 17 10 3 4  7% 110879 9184 26%
c W 261.09  0 13 161 110960  1 4278187 56646 1.6 17 10 3 4  7% 110879 9184 26%
c - 262.63  0 13 162 112398  1 4312563 44215 1.6 17 10 3 4  7% 110879 9184 26%
c u 262.71  0 13 162 112398  1 4312563 44049 1.6 17 10 3 4  7% 110879 9184 26%
c v 262.73  0 13 162 112398  1 4312563 43934 1.6 17 10 3 4  7% 110879 9184 26%
c w 262.73  0 13 162 112398  1 4312563 43934 1.6 17 10 3 4  7% 110879 9184 26%
c } 263.83  0 13 162 113232  1 4336863 61765 1.6 17 10 3 4  7% 110879 9184 26%
c [ 263.83  0 25 162 113232  1 4336863 61765 2.1 33 16 3 6  7% 110879 9184 26%
c - 266.13  0 25 163 113232  1 4366811 46335 2.1 33 16 3 6  8% 110879 9184 26%
c u 266.22  0 25 163 113232  1 4366811 45987 2.1 33 16 3 6  8% 110879 9184 26%
c v 266.25  0 25 163 113232  1 4366811 45850 2.1 33 16 3 6  8% 110879 9184 26%
c w 266.25  0 25 163 113232  1 4366811 45848 2.1 33 16 3 6  8% 110879 9184 26%
c O 266.42  0 29 163 113232  1 4371190 50065 2.0 34 17 3 6  8% 110879 9184 26%
c - 269.33  0 25 164 113247  1 4421397 45404 1.9 30 15 3 6  8% 110879 9184 26%
c u 269.43  0 25 164 113247  1 4421397 45247 1.9 30 15 3 6  8% 110879 9184 26%
c v 269.45  0 25 164 113247  1 4421397 45115 1.9 30 15 3 6  8% 110879 9184 26%
c w 269.46  0 25 164 113247  1 4421397 45114 1.9 30 15 3 6  8% 110879 9184 26%
c B 272.00  0 24 164 113263  1 4465191 83022 1.9 30 16 4 9  7% 110879 9184 26%
c - 272.61  0 26 165 113263  1 4476321 45232 1.9 31 16 4 9  7% 110879 9184 26%
c u 272.70  0 26 165 113263  1 4476321 44984 1.9 31 16 4 9  7% 110879 9184 26%
c 
c  seconds    reductions      conflicts         size   tier2       variables
c          MB       restarts         redundant     glue   trail         remaining
c           level          rate           size/glue  tier1  irredundant
c 
c v 272.72  0 26 165 113263  1 4476321 44840 1.9 31 16 4 9  7% 110879 9184 26%
c w 272.72  0 26 165 113263  1 4476321 44840 1.9 31 16 4 9  7% 110879 9184 26%
c - 276.52  0 25 166 113291  1 4531586 45357 1.9 31 16 4 9  7% 110879 9184 26%
c u 276.62  0 25 166 113291  1 4531586 45129 1.9 31 16 4 9  7% 110879 9184 26%
c v 276.65  0 25 166 113291  1 4531586 44947 1.9 31 16 4 9  7% 110879 9184 26%
c w 276.65  0 25 166 113291  1 4531586 44946 1.9 31 16 4 9  7% 110879 9184 26%
c W 279.05  0 24 166 113294  1 4560193 69420 1.9 30 16 4 9  7% 110879 9184 26%
c - 281.01  0 23 167 113295  1 4587190 45123 1.9 29 15 4 9  7% 110879 9184 26%
c u 281.10  0 23 167 113295  1 4587190 44890 1.9 29 15 4 9  7% 110879 9184 26%
c v 281.12  0 23 167 113295  1 4587190 44739 1.9 29 15 4 9  7% 110879 9184 26%
c ] 282.03  0 21 167 113302  1 4606355 59872 1.9 28 15 4 8  7% 110879 9184 26%
c { 282.03  0 13 167 113302  1 4606355 59872 1.6 17 10 3 4  7% 110879 9184 26%
c - 283.67  0 13 168 114534  1 4643135 44672 1.6 17 10 3 4  7% 110879 9184 26%
c u 283.73  0 13 168 114534  1 4643135 44461 1.6 17 10 3 4  7% 110879 9184 26%
c v 283.75  0 13 168 114534  1 4643135 44392 1.6 17 10 3 4  7% 110879 9184 26%
c F 284.32  0 13 168 115111  1 4656194 54121 1.6 17 10 3 4  7% 110879 9184 26%
c - 286.37  0 13 169 117091  1 4699419 45336 1.6 17 10 3 4  7% 110879 9184 26%
c u 286.45  0 13 169 117091  1 4699419 45219 1.6 17 10 3 4  7% 110879 9184 26%
c v 286.47  0 13 169 117091  1 4699419 45096 1.6 17 10 3 4  7% 110879 9184 26%
c w 286.47  0 13 169 117091  1 4699419 45096 1.6 17 10 3 4  7% 110879 9184 26%
c 
c  seconds    reductions      conflicts         size   tier2       variables
c          MB       restarts         redundant     glue   trail         remaining
c           level          rate           size/glue  tier1  irredundant
c 
c t 286.47  0 13 169 117091  1 4699419 45095 1.6 17 10 3 4  7% 110879 9184 26%
c B 288.90  0 13 169 119388  1 4753195 83811 1.6 17 10 3 4  7% 110879 9184 26%
c - 289.08  0 13 170 119580  2 4756044 45602 1.6 17 10 3 4  7% 110879 9184 26%
c u 289.15  0 13 170 119580  2 4756044 45449 1.6 17 10 3 4  7% 110879 9184 26%
c v 289.17  0 13 170 119580  2 4756044 45377 1.6 17 10 3 4  7% 110879 9184 26%
c w 289.17  0 13 170 119580  2 4756044 45376 1.6 17 10 3 4  7% 110879 9184 26%
c t 289.18  0 13 170 119580  2 4756044 45375 1.6 17 10 3 4  7% 110879 9184 26%
c - 291.81  0 13 171 121638  1 4813012 46038 1.6 17 10 3 4  7% 110879 9184 26%
c u 291.89  0 13 171 121638  1 4813012 45854 1.6 17 10 3 4  7% 110879 9184 26%
c v 291.90  0 13 171 121638  1 4813012 45783 1.6 17 10 3 4  7% 110879 9184 26%
c w 291.90  0 13 171 121638  1 4813012 45783 1.6 17 10 3 4  7% 110879 9184 26%
c W 294.37  0 13 171 123450  1 4851197 73424 1.6 17 10 3 4  7% 110879 9184 26%
c - 295.31  0 13 172 124035  1 4870318 46505 1.6 17 10 3 4  7% 110879 9184 26%
c u 295.36  0 13 172 124035  1 4870318 46436 1.6 17 10 3 4  7% 110879 9184 26%
c v 295.38  0 13 172 124035  1 4870318 46391 1.6 17 10 3 4  7% 110879 9184 26%
c w 295.38  0 13 172 124035  1 4870318 46391 1.6 17 10 3 4  7% 110879 9184 26%
c - 298.11  0 13 173 126486  1 4927963 47176 1.6 17 10 3 4  7% 110879 9184 26%
c u 298.19  0 13 173 126486  1 4927963 47007 1.6 17 10 3 4  7% 110879 9184 26%
c v 298.21  0 13 173 126486  1 4927963 46919 1.6 17 10 3 4  7% 110879 9184 26%
c # 299.23  0 13 173 127642  1 4950199 62925 1.6 17 10 3 4  7% 110879 9184 26%
c 
c  seconds    reductions      conflicts         size   tier2       variables
c          MB       restarts         redundant     glue   trail         remaining
c           level          rate           size/glue  tier1  irredundant
c 
c - 301.12  0 13 174 129424  2 4985949 47878 1.6 17 10 3 4  7% 110879 9184 26%
c u 301.19  0 13 174 129424  2 4985949 47708 1.6 17 10 3 4  7% 110879 9184 26%
c v 301.21  0 13 174 129424  2 4985949 47546 1.6 17 10 3 4  7% 110879 9184 26%
c } 302.70  0 13 174 130622  1 5017190 70070 1.6 17 10 3 4  7% 110879 9184 26%
c [ 302.70  0 21 174 130622  1 5017190 70070 1.9 28 15 4 8  7% 110879 9184 26%
c - 304.37  0 24 175 130636  1 5044280 49403 1.8 30 16 4 8  7% 110879 9184 26%
c u 304.47  0 24 175 130636  1 5044280 49205 1.8 30 16 4 8  7% 110879 9184 26%
c v 304.49  0 24 175 130636  1 5044280 49117 1.8 30 16 4 8  7% 110879 9184 26%
c I 304.76  0 24 175 130637  1 5050202 54491 1.9 30 16 4 8  7% 110879 9184 26%
c - 308.38  0 26 176 130656  1 5102947 50914 1.8 32 17 4 9  7% 110879 9184 26%
c u 308.48  0 26 176 130656  1 5102947 50767 1.8 32 17 4 9  7% 110879 9184 26%
c v 308.51  0 26 176 130656  1 5102947 50641 1.8 32 17 4 9  7% 110879 9184 26%
c w 308.51  0 26 176 130656  1 5102947 50641 1.8 32 17 4 9  7% 110879 9184 26%
c B 311.77  0 23 176 130676  1 5151203 90443 1.9 30 16 4 9  7% 110879 9184 26%
c - 312.47  0 26 177 130677  1 5161953 50135 1.9 32 17 4 9  7% 110879 9184 26%
c u 312.57  0 26 177 130677  1 5161953 49908 1.9 32 17 4 9  7% 110879 9184 26%
c v 312.61  0 26 177 130677  1 5161953 49771 1.9 32 17 4 9  7% 110879 9184 26%
c w 312.61  0 26 177 130677  1 5161953 49768 1.9 32 17 4 9  7% 110879 9184 26%
c - 317.19  0 27 178 130679  1 5221299 51195 1.9 34 17 4 9  7% 110879 9184 26%
c u 317.76  0 27 178 130679  1 5221299 51030 1.9 34 17 4 9  7% 110879 9184 26%
c 
c  seconds    reductions      conflicts         size   tier2       variables
c          MB       restarts         redundant     glue   trail         remaining
c           level          rate           size/glue  tier1  irredundant
c 
c v 317.79  0 27 178 130679  1 5221299 50860 1.9 34 17 4 9  7% 110879 9184 26%
c w 317.79  0 27 178 130679  1 5221299 50860 1.9 34 17 4 9  7% 110879 9184 26%
c W 321.02  0 26 178 130679  1 5253205 79801 1.9 34 17 4 9  7% 110879 9184 26%
c ] 323.42  0 25 178 130680  1 5280170 103676 2.0 34 17 4 9  7% 110879 9184 26%
c { 323.42  0 13 178 130680  1 5280170 103676 1.6 17 10 3 4  7% 110879 9184 26%
c - 323.51  0 13 179 130755  2 5280987 51230 1.6 17 10 3 4  7% 110879 9184 26%
c u 323.64  0 13 179 130755  2 5280987 51046 1.6 17 10 3 4  7% 110879 9184 26%
c v 323.67  0 13 179 130755  2 5280987 50927 1.6 17 10 3 4  7% 110879 9184 26%
c - 326.64  0 13 180 133820  2 5341017 50439 1.6 17 10 3 4  7% 110879 9184 26%
c u 326.72  0 13 180 133820  2 5341017 50365 1.6 17 10 3 4  7% 110879 9184 26%
c v 326.74  0 13 180 133820  2 5341017 50301 1.6 17 10 3 4  7% 110879 9184 26%
c B 327.43  0 13 180 134414  2 5356209 61056 1.6 17 10 3 4  7% 110879 9184 26%
c - 329.67  0 13 181 135796  1 5401384 50322 1.6 17 10 3 4  7% 110879 9184 26%
c u 329.75  0 13 181 135796  1 5401384 50180 1.6 17 10 3 4  7% 110879 9184 26%
c v 329.77  0 13 181 135796  1 5401384 50109 1.6 17 10 3 4  7% 110879 9184 26%
c w 329.77  0 13 181 135796  1 5401384 50109 1.6 17 10 3 4  7% 110879 9184 26%
c W 333.20  0 13 181 138343  1 5460212 92456 1.6 17 10 3 4  7% 110879 9184 26%
c - 333.34  0 13 182 138402  1 5462091 50792 1.6 17 10 3 4  7% 110879 9184 26%
c u 333.42  0 13 182 138402  1 5462091 50658 1.6 17 10 3 4  7% 110879 9184 26%
c v 333.44  0 13 182 138402  1 5462091 50582 1.6 17 10 3 4  7% 110879 9184 26%
c 
c  seconds    reductions      conflicts         size   tier2       variables
c          MB       restarts         redundant     glue   trail         remaining
c           level          rate           size/glue  tier1  irredundant
c 
c w 333.44  0 13 182 138402  1 5462091 50582 1.6 17 10 3 4  7% 110879 9184 26%
c - 336.57  0 13 183 141106  2 5523139 51251 1.6 17 10 3 4  7% 110879 9184 26%
c u 336.66  0 13 183 141106  2 5523139 51210 1.6 17 10 3 4  7% 110879 9184 26%
c v 336.69  0 13 183 141106  2 5523139 51125 1.6 17 10 3 4  7% 110879 9184 26%
c w 336.69  0 13 183 141106  2 5523139 51125 1.6 17 10 3 4  7% 110879 9184 26%
c F 338.75  0 13 183 142400  1 5565213 80598 1.6 17 10 3 4  7% 110879 9184 26%
c - 339.90  0 13 184 143489  1 5584531 51685 1.6 17 10 3 4  7% 110879 9184 26%
c u 339.98  0 13 184 143489  1 5584531 51489 1.6 17 10 3 4  7% 110879 9184 26%
c v 340.00  0 13 184 143489  1 5584531 51413 1.6 17 10 3 4  7% 110879 9184 26%
c w 340.00  0 13 184 143489  1 5584531 51413 1.6 17 10 3 4  7% 110879 9184 26%
c - 343.20  0 13 185 145924  1 5646262 52322 1.6 17 10 3 4  7% 110879 9184 26%
c u 343.28  0 13 185 145924  1 5646262 52230 1.6 17 10 3 4  7% 110879 9184 26%
c v 343.31  0 13 185 145924  1 5646262 52115 1.6 17 10 3 4  7% 110879 9184 26%
c B 344.58  0 13 185 147239  2 5671216 70606 1.6 17 10 3 4  7% 110879 9184 26%
c } 345.67  0 13 185 148002  1 5691771 85243 1.6 17 10 3 4  7% 110879 9184 26%
c [ 345.67  0 25 185 148002  1 5691771 85243 2.0 34 17 4 9  7% 110879 9184 26%
c - 346.56  0 32 186 148002  1 5708334 54240 1.9 36 19 4 9  7% 110879 9184 26%
c u 346.64  0 32 186 148002  1 5708334 54202 1.9 36 19 4 9  7% 110879 9184 26%
c v 346.66  0 32 186 148002  1 5708334 54097 1.9 36 19 4 9  7% 110879 9184 26%
c w 346.67  0 32 186 148002  1 5708334 54096 1.9 36 19 4 9  7% 110879 9184 26%
c 
c  seconds    reductions      conflicts         size   tier2       variables
c          MB       restarts         redundant     glue   trail         remaining
c           level          rate           size/glue  tier1  irredundant
c 
c t 346.67  0 32 186 148002  1 5708334 54095 1.9 36 19 4 9  7% 110879 9184 26%
c - 351.93  0 40 187 148002  1 5770743 57063 1.7 40 23 4 9  7% 110879 9184 26%
c u 352.04  0 40 187 148002  1 5770743 56844 1.7 40 23 4 9  7% 110879 9184 26%
c v 352.07  0 40 187 148002  1 5770743 56773 1.7 40 23 4 9  7% 110879 9184 26%
c w 352.08  0 40 187 148002  1 5770743 56719 1.7 40 23 4 9  7% 110879 9184 26%
c x 352.10  0 40 187 148002  1 5770743 56717 1.7 40 23 4 9  7% 110879 9184 26%
c s 352.22  0 40 187 148002  1 5770743 56157 1.7 40 23 4 9  7% 110879 9184 26%
c s 352.32  0 40 187 148002  1 5770743 55842 1.7 40 23 4 9  7% 110879 9184 26%
c O 352.76  0 40 187 148002  1 5778218 62918 1.8 40 23 4 9  7% 110879 9184 26%
c - 356.74  0 32 188 148003  1 5833492 54702 1.8 34 19 4 9  7% 110879 9184 26%
c u 356.87  0 32 188 148003  1 5833492 54451 1.8 34 19 4 9  7% 110879 9184 26%
c v 356.91  0 32 188 148003  1 5833492 54324 1.8 34 19 4 9  7% 110879 9184 26%
c w 356.91  0 32 188 148003  1 5833492 54324 1.8 34 19 4 9  7% 110879 9184 26%
c B 361.69  0 39 188 148003  1 5886219 105102 2.1 38 19 4 9 11% 110879 9184 26%
c - 362.88  0 38 189 148003  1 5896582 56592 2.0 37 18 4 9 11% 110879 9184 26%
c u 363.02  0 38 189 148003  1 5896582 56311 2.0 37 18 4 9 11% 110879 9184 26%
c v 363.06  0 38 189 148003  1 5896582 56177 2.0 37 18 4 9 11% 110879 9184 26%
c w 363.08  0 38 189 148003  1 5896582 56074 2.0 37 18 4 9 11% 110879 9184 26%
c ] 367.05  0 30 189 148003  1 5947282 98121 2.0 33 16 4 9  9% 110879 9184 26%
c { 367.05  0 13 189 148003  1 5947282 98121 1.6 17 10 3 4  7% 110879 9184 26%
c 
c  seconds    reductions      conflicts         size   tier2       variables
c          MB       restarts         redundant     glue   trail         remaining
c           level          rate           size/glue  tier1  irredundant
c 
c - 367.72  0 13 190 148605  1 5960011 55091 1.6 17 10 3 4  7% 110879 9184 26%
c u 367.85  0 13 190 148605  1 5960011 54860 1.6 17 10 3 4  7% 110879 9184 26%
c v 367.89  0 13 190 148605  1 5960011 54744 1.6 17 10 3 4  7% 110879 9184 26%
c w 367.89  0 13 190 148605  1 5960011 54744 1.6 17 10 3 4  7% 110879 9184 26%
c W 371.46  0 13 190 149956  1 5995221 79801 1.6 17 10 3 4  7% 110879 9184 26%
c - 372.89  0 13 191 150898  1 6023780 54251 1.6 17 10 3 4  7% 110879 9184 26%
c u 372.96  0 13 191 150898  1 6023780 54094 1.6 17 10 3 4  7% 110879 9184 26%
c v 372.99  0 13 191 150898  1 6023780 54027 1.6 17 10 3 4  7% 110879 9184 26%
c w 372.99  0 13 191 150898  1 6023780 54027 1.6 17 10 3 4  7% 110879 9184 26%
c - 376.40  0 13 192 154007  2 6087889 55094 1.6 17 10 3 4  7% 110879 9184 26%
c u 376.50  0 13 192 154007  2 6087889 54953 1.6 17 10 3 4  7% 110879 9184 26%
c v 376.52  0 13 192 154007  2 6087889 54857 1.6 17 10 3 4  7% 110879 9184 26%
c w 376.52  0 13 192 154007  2 6087889 54857 1.6 17 10 3 4  7% 110879 9184 26%
c # 377.37  0 13 192 154690  2 6105222 67284 1.6 17 10 3 4  7% 110879 9184 26%
c - 379.90  0 13 193 156554  1 6152340 55071 1.6 17 10 3 4  7% 110879 9184 26%
c u 379.99  0 13 193 156554  1 6152340 54947 1.6 17 10 3 4  7% 110879 9184 26%
c v 380.02  0 13 193 156554  1 6152340 54860 1.6 17 10 3 4  7% 110879 9184 26%
c t 380.04  0 13 193 156554  1 6152340 54847 1.6 17 10 3 4  7% 110879 9184 26%
c B 383.46  0 13 193 159144  1 6216226 101006 1.6 17 10 3 4  7% 110879 9184 26%
c - 383.56  0 13 194 159190  1 6217133 55969 1.6 17 10 3 4  7% 110879 9184 26%
c 
c  seconds    reductions      conflicts         size   tier2       variables
c          MB       restarts         redundant     glue   trail         remaining
c           level          rate           size/glue  tier1  irredundant
c 
c u 383.66  0 13 194 159190  1 6217133 55776 1.6 17 10 3 4  7% 110879 9184 26%
c v 383.69  0 13 194 159190  1 6217133 55617 1.6 17 10 3 4  7% 110879 9184 26%
c - 387.25  0 13 195 161970  1 6282263 56589 1.6 17 10 3 4  7% 110879 9184 26%
c u 387.34  0 13 195 161970  1 6282263 56480 1.6 17 10 3 4  7% 110879 9184 26%
c v 387.37  0 13 195 161970  1 6282263 56392 1.6 17 10 3 4  7% 110879 9184 26%
c w 387.37  0 13 195 161970  1 6282263 56392 1.6 17 10 3 4  7% 110879 9184 26%
c W 390.72  0 13 195 163677  1 6328229 88428 1.6 17 10 3 4  7% 110879 9184 26%
c - 391.93  0 13 196 164570  1 6347735 57255 1.6 17 10 3 4  7% 110879 9184 26%
c u 392.03  0 13 196 164570  1 6347735 57086 1.6 17 10 3 4  7% 110879 9184 26%
c v 392.06  0 13 196 164570  1 6347735 56969 1.6 17 10 3 4  7% 110879 9184 26%
c } 393.56  0 13 196 165531  1 6376779 76534 1.6 17 10 3 4  7% 110879 9184 26%
c [ 393.56  0 30 196 165531  1 6376779 76534 2.0 33 16 4 9  9% 110879 9184 26%
c - 396.64  0 27 197 165531  1 6413547 58593 2.0 32 16 4 9  9% 110879 9184 26%
c u 397.23  0 27 197 165531  1 6413547 58425 2.0 32 16 4 9  9% 110879 9184 26%
c v 397.26  0 27 197 165531  1 6413547 58300 2.0 32 16 4 9  9% 110879 9184 26%
c W 400.06  0 34 197 165531  1 6441230 84616 1.9 36 19 4 9  8% 110879 9184 26%
c - 405.22  0 36 198 165531  1 6479699 61541 1.8 38 21 4 9  8% 110879 9184 26%
c u 405.39  0 36 198 165531  1 6479699 61291 1.8 38 21 4 9  8% 110879 9184 26%
c v 405.45  0 36 198 165531  1 6479699 61103 1.8 38 21 4 9  8% 110879 9184 26%
c w 405.48  0 36 198 165531  1 6479699 61010 1.8 38 21 4 9  8% 110879 9184 26%
c 
c  seconds    reductions      conflicts         size   tier2       variables
c          MB       restarts         redundant     glue   trail         remaining
c           level          rate           size/glue  tier1  irredundant
c 
c - 412.11  0 38 199 165549  1 6546192 62107 1.9 39 21 4 9  8% 110879 9184 26%
c u 412.27  0 38 199 165549  1 6546192 61911 1.9 39 21 4 9  8% 110879 9184 26%
c v 412.32  0 38 199 165549  1 6546192 61698 1.9 39 21 4 9  8% 110879 9184 26%
c w 412.32  0 38 199 165549  1 6546192 61698 1.9 39 21 4 9  8% 110879 9184 26%
c I 412.81  0 37 199 165554  1 6555232 69664 1.9 39 20 4 9  8% 110879 9184 26%
c - 417.09  0 37 200 165576  1 6613024 62786 1.8 39 21 4 9  7% 110879 9184 26%
c u 417.22  0 37 200 165576  1 6613024 62643 1.8 39 21 4 9  7% 110879 9184 26%
c v 417.26  0 37 200 165576  1 6613024 62494 1.8 39 21 4 9  7% 110879 9184 26%
c w 417.26  0 37 200 165576  1 6613024 62494 1.8 39 21 4 9  7% 110879 9184 26%
c ] 418.23  0 35 200 165581  1 6629829 77713 1.9 38 20 4 9  7% 110879 9184 26%
c { 418.23  0 13 200 165581  1 6629829 77713 1.6 17 10 3 4  7% 110879 9184 26%
c F 420.52  0 13 200 167199  1 6670233 105994 1.6 17 10 3 4  7% 110879 9184 26%
c - 421.13  0 13 201 167560  1 6680197 61404 1.6 17 10 3 4  7% 110879 9184 26%
c u 421.24  0 13 201 167560  1 6680197 61296 1.6 17 10 3 4  7% 110879 9184 26%
c v 421.27  0 13 201 167560  1 6680197 61189 1.6 17 10 3 4  7% 110879 9184 26%
c w 421.27  0 13 201 167560  1 6680197 61189 1.6 17 10 3 4  7% 110879 9184 26%
c - 425.15  0 13 202 170287  1 6747711 61045 1.6 17 10 3 4  7% 110879 9184 26%
c u 425.26  0 13 202 170287  1 6747711 60882 1.6 17 10 3 4  7% 110879 9184 26%
c v 425.28  0 13 202 170287  1 6747711 60737 1.6 17 10 3 4  7% 110879 9184 26%
c w 425.28  0 13 202 170287  1 6747711 60737 1.6 17 10 3 4  7% 110879 9184 26%
c 
c  seconds    reductions      conflicts         size   tier2       variables
c          MB       restarts         redundant     glue   trail         remaining
c           level          rate           size/glue  tier1  irredundant
c 
c B 427.40  0 13 202 172166  1 6786234 87896 1.6 17 10 3 4  7% 110879 9184 26%
c - 428.87  0 13 203 173474  1 6815566 61857 1.6 17 10 3 4  7% 110879 9184 26%
c u 428.95  0 13 203 173474  1 6815566 61782 1.6 17 10 3 4  7% 110879 9184 26%
c v 428.97  0 13 203 173474  1 6815566 61713 1.6 17 10 3 4  7% 110879 9184 26%
c - 432.65  0 13 204 176573  2 6883760 62794 1.6 17 10 3 4  7% 110879 9184 26%
c u 432.74  0 13 204 176573  2 6883760 62647 1.6 17 10 3 4  7% 110879 9184 26%
c v 432.77  0 13 204 176573  2 6883760 62549 1.6 17 10 3 4  7% 110879 9184 26%
c w 432.77  0 13 204 176573  2 6883760 62549 1.6 17 10 3 4  7% 110879 9184 26%
c W 435.39  0 13 204 177487  2 6903237 76324 1.6 17 10 3 4  7% 110879 9184 26%
c - 438.16  0 13 205 179694  2 6952294 62459 1.6 17 10 3 4  7% 110879 9184 26%
c u 438.25  0 13 205 179694  2 6952294 62310 1.6 17 10 3 4  7% 110879 9184 26%
c v 438.28  0 13 205 179694  2 6952294 62219 1.6 17 10 3 4  7% 110879 9184 26%
c - 442.01  0 13 206 183064  2 7021171 63006 1.6 17 10 3 4  7% 110879 9184 26%
c u 442.10  0 13 206 183064  2 7021171 62878 1.6 17 10 3 4  7% 110879 9184 26%
c v 442.13  0 13 206 183064  2 7021171 62790 1.6 17 10 3 4  7% 110879 9184 26%
c w 442.13  0 13 206 183064  2 7021171 62790 1.6 17 10 3 4  7% 110879 9184 26%
c # 442.15  0 13 206 183064  2 7021238 62838 1.6 17 10 3 4  7% 110879 9184 26%
c } 445.25  0 13 206 185549  2 7078911 103899 1.6 17 10 3 4  7% 110879 9184 26%
c [ 445.25  0 35 206 185549  1 7078911 103899 1.9 38 20 4 9  7% 110879 9184 26%
c - 445.91  0 34 207 185555  1 7090385 64243 1.9 38 20 4 9  7% 110879 9184 26%
c 
c  seconds    reductions      conflicts         size   tier2       variables
c          MB       restarts         redundant     glue   trail         remaining
c           level          rate           size/glue  tier1  irredundant
c 
c u 446.00  0 34 207 185555  1 7090385 64139 1.9 38 20 4 9  7% 110879 9184 26%
c v 446.02  0 34 207 185555  1 7090385 64056 1.9 38 20 4 9  7% 110879 9184 26%
c w 446.02  0 34 207 185555  1 7090385 64056 1.9 38 20 4 9  7% 110879 9184 26%
c B 449.71  0 30 207 185562  1 7140240 108266 1.9 35 18 4 9  7% 110879 9184 26%
c - 451.15  0 34 208 185565  1 7159940 67601 1.9 37 19 4 9  7% 110879 9184 26%
c u 451.30  0 34 208 185565  1 7159940 67427 1.9 37 19 4 9  7% 110879 9184 26%
c v 451.34  0 34 208 185565  1 7159940 67242 1.9 37 19 4 9  7% 110879 9184 26%
c w 451.36  0 34 208 185565  1 7159940 67138 1.9 37 19 4 9  7% 110879 9184 26%
c t 451.37  0 34 208 185565  1 7159940 67137 1.9 37 19 4 9  7% 110879 9184 26%
c - 456.98  0 26 209 185593  1 7229835 66883 1.9 32 17 4 9  7% 110879 9184 26%
c u 457.12  0 26 209 185593  1 7229835 66707 1.9 32 17 4 9  7% 110879 9184 26%
c v 457.17  0 26 209 185593  1 7229835 66504 1.9 32 17 4 9  7% 110879 9184 26%
c W 460.19  0 24 209 185606  1 7260241 91811 1.9 31 16 4 9  7% 110879 9184 26%
c - 463.50  0 23 210 185623  1 7300069 66536 1.9 30 16 4 9  7% 110879 9184 26%
c u 463.64  0 23 210 185623  1 7300069 66433 1.9 30 16 4 9  7% 110879 9184 26%
c v 463.68  0 23 210 185623  1 7300069 66320 1.9 30 16 4 9  7% 110879 9184 26%
c w 463.68  0 23 210 185623  1 7300069 66319 1.9 30 16 4 9  7% 110879 9184 26%
c - 469.41  0 25 211 185626  1 7370644 67930 2.0 33 17 4 9  7% 110879 9184 26%
c u 469.55  0 25 211 185626  1 7370644 67771 2.0 33 17 4 9  7% 110879 9184 26%
c v 469.60  0 25 211 185626  1 7370644 67643 2.0 33 17 4 9  7% 110879 9184 26%
c 
c  seconds    reductions      conflicts         size   tier2       variables
c          MB       restarts         redundant     glue   trail         remaining
c           level          rate           size/glue  tier1  irredundant
c 
c w 469.60  0 25 211 185626  1 7370644 67643 2.0 33 17 4 9  7% 110879 9184 26%
c O 470.25  0 26 211 185626  1 7381243 77382 2.0 33 17 4 9  7% 110879 9184 26%
c ] 470.37  0 25 211 185626  1 7383207 78869 2.0 33 17 4 9  7% 110879 9184 26%
c { 470.37  0 13 211 185626  2 7383207 78869 1.6 17 10 3 4  7% 110879 9184 26%
c - 473.51  0 13 212 187968  1 7441560 55584 1.6 17 10 2 3  7% 110879 9184 26%
c u 473.61  0 13 212 187968  1 7441560 55516 1.6 17 10 2 3  7% 110879 9184 26%
c v 473.65  0 13 212 187968  1 7441560 55442 1.6 17 10 2 3  7% 110879 9184 26%
c w 473.65  0 13 212 187968  1 7441560 55442 1.6 17 10 2 3  7% 110879 9184 26%
c B 477.06  0 13 212 190937  2 7503247 98875 1.6 17 10 2 3  7% 110879 9184 26%
c - 477.66  0 13 213 191391  2 7512816 53402 1.6 17 10 2 3  7% 110879 9184 26%
c u 477.77  0 13 213 191391  2 7512816 53304 1.6 17 10 2 3  7% 110879 9184 26%
c v 477.81  0 13 213 191391  2 7512816 53189 1.6 17 10 2 3  7% 110879 9184 26%
c w 477.81  0 13 213 191391  2 7512816 53189 1.6 17 10 2 3  7% 110879 9184 26%
c - 481.84  0 13 214 194313  2 7584415 50211 1.6 17 10 2 3  7% 110879 9184 26%
c u 481.95  0 13 214 194313  2 7584415 50122 1.6 17 10 2 3  7% 110879 9184 26%
c v 481.98  0 13 214 194313  2 7584415 49974 1.6 17 10 2 3  7% 110879 9184 26%
c W 485.33  0 13 214 195929  1 7626251 78767 1.6 17 10 2 3  7% 110879 9184 26%
c - 487.16  0 13 215 197425  2 7656353 49285 1.6 17 10 2 3  7% 110879 9184 26%
c u 487.27  0 13 215 197425  2 7656353 49187 1.6 17 10 2 3  7% 110879 9184 26%
c v 487.31  0 13 215 197425  2 7656353 49031 1.6 17 10 2 3  7% 110879 9184 26%
c 
c  seconds    reductions      conflicts         size   tier2       variables
c          MB       restarts         redundant     glue   trail         remaining
c           level          rate           size/glue  tier1  irredundant
c 
c w 487.31  0 13 215 197425  2 7656353 49030 1.6 17 10 2 3  7% 110879 9184 26%
c - 491.45  0 13 216 200739  2 7728630 49500 1.6 17 11 2 3  7% 110879 9184 26%
c u 491.56  0 13 216 200739  2 7728630 49394 1.6 17 11 2 3  7% 110879 9184 26%
c v 491.59  0 13 216 200739  2 7728630 49211 1.6 17 11 2 3  7% 110879 9184 26%
c w 491.59  0 13 216 200739  2 7728630 49210 1.6 17 11 2 3  7% 110879 9184 26%
c F 492.73  0 13 216 201806  2 7750252 64576 1.6 17 11 2 3  7% 110879 9184 26%
c - 495.75  0 13 217 203698  1 7801249 49524 1.6 17 10 2 3  7% 110879 9184 26%
c u 496.27  0 13 217 203698  1 7801249 49401 1.6 17 10 2 3  7% 110879 9184 26%
c v 496.29  0 13 217 203698  1 7801249 49114 1.6 17 10 2 3  7% 110879 9184 26%
c w 496.29  0 13 217 203698  1 7801249 49114 1.6 17 10 2 3  7% 110879 9184 26%
c } 499.08  0 13 217 206032  2 7851714 84967 1.6 17 10 2 3  7% 110879 9184 26%
c [ 499.08  0 25 217 206032  1 7851714 84967 2.0 33 17 4 9  7% 110879 9184 26%
c - 500.42  0 26 218 206032  1 7874206 51776 2.0 33 17 4 9  8% 110879 9184 26%
c u 500.53  0 26 218 206032  1 7874206 51690 2.0 33 17 4 9  8% 110879 9184 26%
c v 500.57  0 26 218 206032  1 7874206 51441 2.0 33 17 4 9  8% 110879 9184 26%
c w 500.57  0 26 218 206032  1 7874206 51441 2.0 33 17 4 9  8% 110879 9184 26%
c B 500.63  0 26 218 206032  1 7875254 52415 2.0 33 17 4 9  8% 110879 9184 26%
c - 506.23  0 22 219 206061  1 7947504 53173 2.0 29 15 4 9  8% 110879 9184 26%
c u 506.36  0 22 219 206061  1 7947504 53054 2.0 29 15 4 9  8% 110879 9184 26%
c v 506.41  0 22 219 206061  1 7947504 52767 2.0 29 15 4 9  8% 110879 9184 26%
c 
c  seconds    reductions      conflicts         size   tier2       variables
c          MB       restarts         redundant     glue   trail         remaining
c           level          rate           size/glue  tier1  irredundant
c 
c w 506.41  0 22 219 206061  1 7947504 52767 2.0 29 15 4 9  8% 110879 9184 26%
c W 513.33  0 26 219 206078  1 8001257 101745 2.0 33 16 4 9  7% 110879 9184 26%
c - 516.12  0 26 220 206087  1 8021143 53567 2.0 33 16 4 9  7% 110879 9184 26%
c u 516.27  0 26 220 206087  1 8021143 53422 2.0 33 16 4 9  7% 110879 9184 26%
c v 516.32  0 26 220 206087  1 8021143 53213 2.0 33 16 4 9  7% 110879 9184 26%
c w 516.32  0 26 220 206087  1 8021143 53213 2.0 33 16 4 9  7% 110879 9184 26%
c - 523.54  0 23 221 206099  1 8095122 52156 2.0 31 15 3 6  7% 110879 9184 26%
c u 523.72  0 23 221 206099  1 8095122 52012 2.0 31 15 3 6  7% 110879 9184 26%
c v 523.78  0 23 221 206099  1 8095122 51640 2.0 31 15 3 6  7% 110879 9184 26%
c w 523.78  0 23 221 206099  1 8095122 51639 2.0 31 15 3 6  7% 110879 9184 26%
c I 526.56  0 22 221 206114  1 8128260 80160 2.0 31 15 3 6  7% 110879 9184 26%
c ] 526.92  0 22 221 206117  1 8133240 84602 2.1 31 15 3 6  7% 110879 9184 26%
c { 526.92  0 13 221 206117  2 8133240 84602 1.6 17 10 2 3  7% 110879 9184 26%
c - 529.35  0 13 222 208087  2 8169441 51825 1.6 17 11 2 3  7% 110879 9184 26%
c u 529.48  0 13 222 208087  2 8169441 51745 1.6 17 11 2 3  7% 110879 9184 26%
c v 529.52  0 13 222 208087  2 8169441 51450 1.6 17 11 2 3  7% 110879 9184 26%
c w 529.52  0 13 222 208087  2 8169441 51450 1.6 17 11 2 3  7% 110879 9184 26%
c - 533.97  0 13 223 211148  1 8244100 50924 1.6 17 10 2 3  7% 110879 9184 26%
c u 534.09  0 13 223 211148  1 8244100 50850 1.6 17 10 2 3  7% 110879 9184 26%
c v 534.12  0 13 223 211148  1 8244100 50616 1.6 17 10 2 3  7% 110879 9184 26%
c 
c  seconds    reductions      conflicts         size   tier2       variables
c          MB       restarts         redundant     glue   trail         remaining
c           level          rate           size/glue  tier1  irredundant
c 
c w 534.12  0 13 223 211148  1 8244100 50616 1.6 17 10 2 3  7% 110879 9184 26%
c B 534.80  0 13 223 211502  1 8256261 59025 1.6 17 10 2 3  7% 110879 9184 26%
c - 538.65  0 13 224 214274  1 8319100 51239 1.6 17 10 2 3  7% 110879 9184 26%
c u 538.77  0 13 224 214274  1 8319100 51153 1.6 17 10 2 3  7% 110879 9184 26%
c v 538.81  0 13 224 214274  1 8319100 51026 1.6 17 10 2 3  7% 110879 9184 26%
c W 544.28  0 13 224 217285  2 8385264 97291 1.6 17 11 2 3  7% 110879 9184 26%
c - 544.93  0 13 225 217674  1 8394440 51730 1.6 17 11 2 3  7% 110879 9184 26%
c u 545.05  0 13 225 217674  1 8394440 51651 1.6 17 11 2 3  7% 110879 9184 26%
c v 545.09  0 13 225 217674  1 8394440 51525 1.6 17 11 2 3  7% 110879 9184 26%
c w 545.09  0 13 225 217674  1 8394440 51525 1.6 17 11 2 3  7% 110879 9184 26%
c - 549.79  0 13 226 221469  2 8470123 52365 1.6 17 11 2 3  7% 110879 9184 26%
c u 549.91  0 13 226 221469  2 8470123 52284 1.6 17 11 2 3  7% 110879 9184 26%
c v 549.94  0 13 226 221469  2 8470123 52142 1.6 17 11 2 3  7% 110879 9184 26%
c # 552.54  0 13 226 223114  1 8515265 83444 1.6 17 11 2 3  7% 110879 9184 26%
c - 554.53  0 13 227 224551  1 8546144 52652 1.6 17 11 2 3  7% 110879 9184 26%
c u 554.65  0 13 227 224551  1 8546144 52567 1.6 17 11 2 3  7% 110879 9184 26%
c v 554.68  0 13 227 224551  1 8546144 52387 1.6 17 11 2 3  7% 110879 9184 26%
c } 557.72  0 13 227 226723  1 8597235 88038 1.6 17 11 2 3  7% 110879 9184 26%
c [ 557.72  0 22 227 226723  1 8597235 88038 2.1 31 15 3 6  7% 110879 9184 26%
c - 559.34  0 23 228 226732  1 8622506 54882 2.1 31 15 3 6  7% 110879 9184 26%
c 
c  seconds    reductions      conflicts         size   tier2       variables
c          MB       restarts         redundant     glue   trail         remaining
c           level          rate           size/glue  tier1  irredundant
c 
c u 559.46  0 23 228 226732  1 8622506 54793 2.1 31 15 3 6  7% 110879 9184 26%
c v 559.49  0 23 228 226732  1 8622506 54564 2.1 31 15 3 6  7% 110879 9184 26%
c w 559.49  0 23 228 226732  1 8622506 54564 2.1 31 15 3 6  7% 110879 9184 26%
c B 560.95  0 22 228 226739  1 8646267 74409 2.0 30 15 3 6  7% 110879 9184 26%
c - 565.12  0 20 229 226762  1 8699208 56617 2.0 28 14 3 6  7% 110879 9184 26%
c u 565.26  0 20 229 226762  1 8699208 56496 2.0 28 14 3 6  7% 110879 9184 26%
c v 565.31  0 20 229 226762  1 8699208 56258 2.0 28 14 3 6  7% 110879 9184 26%
c w 565.31  0 20 229 226762  1 8699208 56258 2.0 28 14 3 6  7% 110879 9184 26%
c - 571.39  0 22 230 226765  1 8776251 55239 1.9 29 15 3 6  7% 110879 9184 26%
c u 571.55  0 22 230 226765  1 8776251 55117 1.9 29 15 3 6  7% 110879 9184 26%
c v 571.60  0 22 230 226765  1 8776251 54853 1.9 29 15 3 6  7% 110879 9184 26%
c w 571.60  0 22 230 226765  1 8776251 54853 1.9 29 15 3 6  7% 110879 9184 26%
c W 573.12  0 22 230 226765  1 8778269 56735 1.9 29 15 3 6  7% 110879 9184 26%
c - 580.21  0 22 231 226766  1 8853634 55144 1.9 30 15 3 6  7% 110879 9184 26%
c u 580.37  0 22 231 226766  1 8853634 55085 1.9 30 15 3 6  7% 110879 9184 26%
c v 580.43  0 22 231 226766  1 8853634 54874 1.9 30 15 3 6  7% 110879 9184 26%
c w 580.43  0 22 231 226766  1 8853634 54874 1.9 30 15 3 6  7% 110879 9184 26%
c O 585.11  0 21 231 226766  1 8911272 106208 2.0 31 15 3 6  7% 110879 9184 26%
c ] 586.70  0 21 231 226766  1 8927020 119500 2.1 31 15 3 6  7% 110879 9184 26%
c { 586.70  0 13 231 226766  1 8927020 119500 1.6 17 11 2 3  7% 110879 9184 26%
c 
c  seconds    reductions      conflicts         size   tier2       variables
c          MB       restarts         redundant     glue   trail         remaining
c           level          rate           size/glue  tier1  irredundant
c 
c - 587.02  0 13 232 227063  2 8931357 56174 1.6 17 11 2 3  7% 110879 9184 26%
c u 587.17  0 13 232 227063  2 8931357 56102 1.6 17 11 2 3  7% 110879 9184 26%
c v 587.23  0 13 232 227063  2 8931357 55972 1.6 17 11 2 3  7% 110879 9184 26%
c w 587.23  0 13 232 227063  2 8931357 55972 1.6 17 11 2 3  7% 110879 9184 26%
c - 592.10  0 13 233 230216  1 9009421 55977 1.6 17 11 2 3  7% 110879 9184 26%
c u 592.22  0 13 233 230216  1 9009421 55937 1.6 17 11 2 3  7% 110879 9184 26%
c v 592.26  0 13 233 230216  1 9009421 55865 1.6 17 11 2 3  7% 110879 9184 26%
c w 592.26  0 13 233 230216  1 9009421 55865 1.6 17 11 2 3  7% 110879 9184 26%
c B 594.44  0 13 233 231847  2 9045276 80466 1.6 17 11 2 3  7% 110879 9184 26%
c - 597.40  0 13 234 233869  2 9087825 55263 1.6 17 11 2 3  7% 110879 9184 26%
c u 597.51  0 13 234 233869  2 9087825 55205 1.6 17 11 2 3  7% 110879 9184 26%
c v 597.56  0 13 234 233869  2 9087825 55085 1.6 17 11 2 3  7% 110879 9184 26%
c w 597.56  0 13 234 233869  2 9087825 55085 1.6 17 11 2 3  7% 110879 9184 26%
c - 602.59  0 13 235 237370  2 9166574 55557 1.6 17 11 2 3  7% 110879 9184 26%
c u 602.72  0 13 235 237370  2 9166574 55510 1.6 17 11 2 3  7% 110879 9184 26%
c v 602.76  0 13 235 237370  2 9166574 55459 1.6 17 11 2 3  7% 110879 9184 26%
c w 602.76  0 13 235 237370  2 9166574 55459 1.6 17 11 2 3  7% 110879 9184 26%
c W 605.19  0 13 235 237828  2 9180278 64990 1.6 17 11 2 3  7% 110879 9184 26%
c - 609.40  0 13 236 241019  2 9245658 55734 1.6 17 11 2 3  7% 110879 9184 26%
c u 609.53  0 13 236 241019  2 9245658 55667 1.6 17 11 2 3  7% 110879 9184 26%
c 
c  seconds    reductions      conflicts         size   tier2       variables
c          MB       restarts         redundant     glue   trail         remaining
c           level          rate           size/glue  tier1  irredundant
c 
c v 609.57  0 13 236 241019  2 9245658 55631 1.6 17 11 2 3  7% 110879 9184 26%
c w 609.57  0 13 236 241019  2 9245658 55631 1.6 17 11 2 3  7% 110879 9184 26%
c F 614.00  0 13 236 244181  2 9316280 106378 1.7 18 11 2 3  7% 110879 9184 26%
c - 614.64  0 13 237 244509  2 9325083 56001 1.7 18 11 2 3  7% 110879 9184 26%
c u 614.76  0 13 237 244509  2 9325083 55956 1.7 18 11 2 3  7% 110879 9184 26%
c v 614.80  0 13 237 244509  2 9325083 55831 1.7 18 11 2 3  7% 110879 9184 26%
c w 614.80  0 13 237 244509  2 9325083 55831 1.7 18 11 2 3  7% 110879 9184 26%
c - 620.01  0 13 238 247996  1 9404850 54584 1.7 18 11 2 3  7% 110879 9184 26%
c u 620.65  0 13 238 247996  1 9404850 54539 1.7 18 11 2 3  7% 110879 9184 26%
c v 620.68  0 13 238 247996  1 9404850 54375 1.7 18 11 2 3  7% 110879 9184 26%
c w 620.68  0 13 238 247996  1 9404850 54375 1.7 18 11 2 3  7% 110879 9184 26%
c } 620.94  0 13 238 248115  1 9408445 56858 1.7 18 11 2 3  7% 110879 9184 26%
c [ 620.94  0 21 238 248115  1 9408445 56858 2.1 31 15 3 6  7% 110879 9184 26%
c B 624.03  0 22 238 248128  1 9453282 96873 2.1 30 15 3 6  8% 110879 9184 26%
c - 626.86  0 22 239 248142  1 9484956 58452 2.0 30 15 3 6  8% 110879 9184 26%
c u 627.02  0 22 239 248142  1 9484956 58389 2.0 30 15 3 6  8% 110879 9184 26%
c v 627.06  0 22 239 248142  1 9484956 58344 2.0 30 15 3 6  8% 110879 9184 26%
c w 627.08  0 22 239 248142  1 9484956 58196 2.0 30 15 3 6  8% 110879 9184 26%
c - 635.70  0 22 240 248171  1 9565403 56913 2.0 31 15 3 6  7% 110879 9184 26%
c u 635.88  0 22 240 248171  1 9565403 56852 2.0 31 15 3 6  7% 110879 9184 26%
c 
c  seconds    reductions      conflicts         size   tier2       variables
c          MB       restarts         redundant     glue   trail         remaining
c           level          rate           size/glue  tier1  irredundant
c 
c v 635.95  0 22 240 248171  1 9565403 56704 2.0 31 15 3 6  7% 110879 9184 26%
c t 635.96  0 22 240 248171  1 9565403 56702 2.0 31 15 3 6  7% 110879 9184 26%
c W 639.56  0 22 240 248177  1 9591283 79140 2.0 31 15 3 6  7% 110879 9184 26%
c - 645.19  0 20 241 248187  1 9646189 55652 2.1 30 14 3 6  7% 110879 9184 26%
c u 645.38  0 20 241 248187  1 9646189 55618 2.1 30 14 3 6  7% 110879 9184 26%
c v 645.44  0 20 241 248187  1 9646189 55426 2.1 30 14 3 6  7% 110879 9184 26%
c w 645.44  0 20 241 248187  1 9646189 55425 2.1 30 14 3 6  7% 110879 9184 26%
c - 652.07  0 21 242 248216  1 9727319 57224 2.1 30 14 3 6  8% 110879 9184 26%
c u 652.23  0 21 242 248216  1 9727319 57169 2.1 30 14 3 6  8% 110879 9184 26%
c v 652.27  0 21 242 248216  1 9727319 57164 2.1 30 14 3 6  8% 110879 9184 26%
c w 652.27  0 21 242 248216  1 9727319 57164 2.1 30 14 3 6  8% 110879 9184 26%
c I 652.50  0 21 242 248219  1 9730285 59750 2.1 30 14 3 6  8% 110879 9184 26%
c ] 652.98  0 23 242 248223  1 9737013 66106 2.1 31 15 3 6  7% 110879 9184 26%
c { 652.98  0 13 242 248223  1 9737013 66106 1.7 18 11 2 3  7% 110879 9184 26%
c - 657.96  0 13 243 251315  1 9808786 52654 1.7 18 11 2 3  7% 110879 9184 26%
c v 658.14  0 13 243 251315  1 9808786 52569 1.7 18 11 2 3  7% 110879 9184 26%
c B 661.94  0 13 243 254371  2 9870288 95151 1.6 17 11 2 3  7% 110879 9184 26%
c - 663.32  0 13 244 255002  1 9890594 50302 1.6 17 11 2 3  7% 110879 9184 26%
c v 663.51  0 13 244 255002  1 9890594 50100 1.6 17 11 2 3  7% 110879 9184 26%
c w 663.51  0 13 244 255002  1 9890594 50100 1.6 17 11 2 3  7% 110879 9184 26%
c 
c  seconds    reductions      conflicts         size   tier2       variables
c          MB       restarts         redundant     glue   trail         remaining
c           level          rate           size/glue  tier1  irredundant
c 
c - 668.94  0 13 245 259158  2 9972743 50420 1.7 18 11 2 3  7% 110879 9184 26%
c u 669.06  0 13 245 259158  2 9972743 50353 1.7 18 11 2 3  7% 110879 9184 26%
c v 669.10  0 13 245 259158  2 9972743 50320 1.7 18 11 2 3  7% 110879 9184 26%
c w 669.11  0 13 245 259158  2 9972743 50318 1.7 18 11 2 3  7% 110879 9184 26%
c W 673.11  0 13 245 260881  2 10011289 77364 1.7 18 11 2 3  7% 110879 9184 26%
c - 676.06  0 13 246 262522  1 10055232 50175 1.6 17 11 2 3  7% 110879 9184 26%
c u 676.18  0 13 246 262522  1 10055232 50109 1.6 17 11 2 3  7% 110879 9184 26%
c v 676.23  0 13 246 262522  1 10055232 49889 1.6 17 11 2 3  7% 110879 9184 26%
c w 676.23  0 13 246 262522  1 10055232 49889 1.6 17 11 2 3  7% 110879 9184 26%
c - 681.55  0 13 247 266049  1 10138061 50333 1.7 18 11 2 3  7% 110879 9184 26%
c u 681.68  0 13 247 266049  1 10138061 50271 1.7 18 11 2 3  7% 110879 9184 26%
c v 681.71  0 13 247 266049  1 10138061 49972 1.7 18 11 2 3  7% 110879 9184 26%
c # 682.64  0 13 247 266691  1 10153292 60571 1.7 18 11 2 3  7% 110879 9184 26%
c - 687.13  0 13 248 269759  1 10221232 50546 1.7 17 11 2 3  7% 110879 9184 26%
c u 687.26  0 13 248 269759  1 10221232 50481 1.7 17 11 2 3  7% 110879 9184 26%
c v 687.30  0 13 248 269759  1 10221232 50244 1.7 17 11 2 3  7% 110879 9184 26%
c } 688.22  0 13 248 270500  1 10236287 60482 1.7 17 11 2 3  7% 110879 9184 26%
c [ 688.22  0 23 248 270500  1 10236287 60482 2.1 31 15 3 6  7% 110879 9184 26%
c B 694.22  0 23 248 270517  1 10296293 112889 2.0 31 15 3 6  7% 110879 9184 26%
c - 695.03  0 24 249 270518  1 10304743 53609 2.0 31 15 3 6  7% 110879 9184 26%
c 
c  seconds    reductions      conflicts          size   tier2       variables
c          MB       restarts          redundant     glue   trail         remaining
c           level          rate            size/glue  tier1  irredundant
c 
c u 695.22  0 24 249 270518  1 10304743 53530 2.0 31 15 3 6  7% 110879 9184 26%
c v 695.28  0 24 249 270518  1 10304743 53443 2.0 31 15 3 6  7% 110879 9184 26%
c w 695.29  0 24 249 270518  1 10304743 53443 2.0 31 15 3 6  7% 110879 9184 26%
c - 705.13  0 22 250 270519  1 10388597 54788 2.1 31 15 3 6  7% 110879 9184 26%
c u 705.36  0 22 250 270519  1 10388597 54708 2.1 31 15 3 6  7% 110879 9184 26%
c v 705.44  0 22 250 270519  1 10388597 54164 2.1 31 15 3 6  7% 110879 9184 26%
c W 712.68  0 20 250 270541  1 10440297 99191 2.2 31 14 3 6  7% 110879 9184 26%
c - 717.65  0 20 251 270550  1 10472790 53702 2.2 30 14 3 6  7% 110879 9184 26%
c u 717.88  0 20 251 270550  1 10472790 53616 2.2 30 14 3 6  7% 110879 9184 26%
c v 717.96  0 20 251 270550  1 10472790 53431 2.2 30 14 3 6  7% 110879 9184 26%
c w 717.96  0 20 251 270550  1 10472790 53431 2.2 30 14 3 6  7% 110879 9184 26%
c ] 722.95  0 21 251 270571  1 10520768 95318 2.1 31 15 3 6  7% 110879 9184 26%
c { 722.95  0 13 251 270571  1 10520768 95318 1.7 17 11 2 3  7% 110879 9184 26%
c - 725.69  0 13 252 272139  1 10557323 53514 1.7 17 11 2 3  7% 110879 9184 26%
c u 725.87  0 13 252 272139  1 10557323 53440 1.7 17 11 2 3  7% 110879 9184 26%
c v 725.93  0 13 252 272139  1 10557323 53232 1.7 17 11 2 3  7% 110879 9184 26%
c w 725.93  0 13 252 272139  1 10557323 53231 1.7 17 11 2 3  7% 110879 9184 26%
c t 725.94  0 13 252 272139  1 10557323 53228 1.7 17 11 2 3  7% 110879 9184 26%
c B 727.68  0 13 252 273388  1 10585299 72910 1.6 17 11 2 3  7% 110879 9184 26%
c - 731.67  0 13 253 275921  1 10642196 52382 1.7 17 11 2 3  7% 110879 9184 26%
c 
c  seconds    reductions      conflicts          size   tier2       variables
c          MB       restarts          redundant     glue   trail         remaining
c           level          rate            size/glue  tier1  irredundant
c 
c u 731.81  0 13 253 275921  1 10642196 52346 1.7 17 11 2 3  7% 110879 9184 26%
c v 731.86  0 13 253 275921  1 10642196 52214 1.7 17 11 2 3  7% 110879 9184 26%
c w 731.86  0 13 253 275921  1 10642196 52214 1.7 17 11 2 3  7% 110879 9184 26%
c - 736.58  0 13 254 279555  1 10727408 58765 1.7 17 11 2 3  7% 110879 9184 26%
c u 736.70  0 13 254 279555  1 10727408 58698 1.7 17 11 2 3  7% 110879 9184 26%
c v 736.74  0 13 254 279555  1 10727408 58572 1.7 17 11 2 3  7% 110879 9184 26%
c w 736.76  0 13 254 279555  1 10727408 58471 1.7 17 11 2 3  7% 110879 9184 26%
c W 738.21  0 13 254 279671  1 10731302 61596 1.7 17 11 2 3  7% 110879 9184 26%
c - 742.24  0 13 255 282452  1 10812961 61887 1.7 17 10 2 3  7% 110879 9184 26%
c u 742.34  0 13 255 282452  1 10812961 61851 1.7 17 10 2 3  7% 110879 9184 26%
c v 742.37  0 13 255 282452  1 10812961 61736 1.7 17 10 2 3  7% 110879 9184 26%
c w 742.37  0 13 255 282452  1 10812961 61736 1.7 17 10 2 3  7% 110879 9184 26%
c F 745.64  0 13 255 284827  1 10878305 108164 1.7 17 10 2 3  7% 110879 9184 26%
c - 746.86  0 13 256 285817  1 10898855 61111 1.7 17 10 2 3  7% 110879 9184 26%
c u 746.99  0 13 256 285817  1 10898855 61069 1.7 17 10 2 3  7% 110879 9184 26%
c v 747.03  0 13 256 285817  1 10898855 60924 1.7 17 10 2 3  7% 110879 9184 26%
c - 751.66  0 13 257 289532  1 10985090 61565 1.7 17 10 2 3  7% 110879 9184 26%
c u 751.78  0 13 257 289532  1 10985090 61403 1.7 17 10 2 3  7% 110879 9184 26%
c v 751.80  0 13 257 289532  1 10985090 61307 1.7 17 10 2 3  7% 110879 9184 26%
c x 751.82  0 13 257 289532  1 10985090 61305 1.7 17 10 2 3  7% 110879 9184 26%
c 
c  seconds    reductions      conflicts          size   tier2       variables
c          MB       restarts          redundant     glue   trail         remaining
c           level          rate            size/glue  tier1  irredundant
c 
c s 751.95  0 13 257 289532  1 10985090 60276 1.7 17 10 2 3  7% 110879 9184 26%
c s 752.08  0 13 257 289532  1 10985090 59633 1.7 17 10 2 3  7% 110879 9184 26%
c B 754.17  0 13 257 291284  1 11026307 89289 1.6 17 10 2 3  7% 110879 9184 26%
c - 756.87  0 13 258 293576  2 11071665 61388 1.7 17 11 2 3  7% 110879 9184 26%
c u 756.98  0 13 258 293576  2 11071665 61304 1.7 17 11 2 3  7% 110879 9184 26%
c v 757.02  0 13 258 293576  2 11071665 61231 1.7 17 11 2 3  7% 110879 9184 26%
c t 757.02  0 13 258 293576  2 11071665 61189 1.7 17 11 2 3  7% 110879 9184 26%
c } 761.46  0 13 258 296988  2 11146566 114443 1.7 18 11 2 3  7% 110879 9184 26%
c [ 761.46  0 21 258 296988  1 11146566 114443 2.1 31 15 3 6  7% 110879 9184 26%
c - 762.53  0 21 259 296995  1 11158581 64380 2.1 30 15 3 6  7% 110879 9184 26%
c u 762.66  0 21 259 296995  1 11158581 64234 2.1 30 15 3 6  7% 110879 9184 26%
c v 762.70  0 21 259 296995  1 11158581 64087 2.1 30 15 3 6  7% 110879 9184 26%
c w 762.70  0 21 259 296995  1 11158581 64086 2.1 30 15 3 6  7% 110879 9184 26%
c O 764.17  0 22 259 296998  1 11175309 78579 2.0 30 15 3 6  7% 110879 9184 26%
c ] 771.72  0 22 259 297010  1 11238328 133082 2.0 31 15 3 6  7% 110879 9184 26%
c ? 771.72  0 22 259 297010  1 11238328 133082 2.0 31 15 3 6  7% 110879 9184 26%
c 
c --- [ closing proof ] ------------------------------------------------------
c 
c DRAT proof file 'star_centre0.drat' closed
c DRAT 11300025 added clauses 50.35%
c DRAT 11143424 deleted clauses 49.65%
c DRAT 1015392722 bytes (968.35 MB)
c 
c --- [ result ] -------------------------------------------------------------
c 
c UNKNOWN
c 
c --- [ run-time profiling ] -------------------------------------------------
c 
c process time taken by individual solving procedures
c (percentage relative to process time for solving)
c 
c       737.19   95.53% search
c       368.11   47.70% unstable
c       333.99   43.28% stable
c        35.08    4.55% walk
c        34.51    4.47% simplify
c        17.16    2.22% vivify
c         4.02    0.52% sweep
c         2.42    0.31% probe
c         2.21    0.29% subsume
c         1.93    0.25% backbone
c         1.33    0.17% ternary
c         0.47    0.06% elim
c         0.31    0.04% congruence
c         0.03    0.00% parse
c         0.01    0.00% lucky
c   =================================
c       771.70  100.00% solve
c 
c last line shows process time for solving
c (percentage relative to total process time)
c 
c --- [ statistics ] ---------------------------------------------------------
c 
c chronological:           1452893        12.93 %  of conflicts
c conflicts:              11238328     14563.14    per second
c backbone:               23584929     66428.93 %  of vars
c decisions:              14897182     19304.45    per second
c eliminated:                26320        74.13 %  of all variables
c learned:                11039812        98.23 %  per conflict
c learned_lits:          599596153       100.00 %  learned literals
c minimized:                     0         0.00 %  learned literals
c shrunken:              302440353        50.44 %  learned literals
c minishrunken:           47136475         7.86 %  learned literals
c otfs:                       8862         0.08 %  of conflict
c propagations:         1767662440         2.29 M  per second
c reduced:                 8451605        75.20 %  per conflict
c rephased:                    149     75425.02    interval
c restarts:                 297010        37.84    interval
c stabilizing:                  29        36.73 %  of conflicts
c subsumed:                2385333        21.14 %  of all clauses
c strengthened:             117054         1.04 %  of all clauses
c ticks:               27214134327        17.68    propagation
c vivified:                  14791         0.13 %  of all clauses
c walked:                       48    234131.83    interval
c weakened:                 118720         2.00    average size
c 
c seconds are measured in process time for solving
c 
c --- [ glue usage ] ---------------------------------------------------------
c 
c focused glue 2 used 13008208 clauses 26.71% accumulated 61.64% tier1
c focused glue 3 used 7258474 clauses 14.90% accumulated 76.54% tier2
c 
c stable glue 3 used 5582193 clauses 16.89% accumulated 55.73% tier1
c stable glue 4 used 2983818 clauses 9.031% accumulated 64.76%
c stable glue 5 used 1939185 clauses 5.869% accumulated 70.63%
c stable glue 6 used 1447881 clauses 4.382% accumulated 75.01% tier2
c 
c 
c --- [ resources ] ----------------------------------------------------------
c 
c total process time since initialization:       771.72    seconds
c total real time since initialization:         3600.10    seconds
c maximum resident set size of process:          221.11    MB
c 
c --- [ shutting down ] ------------------------------------------------------
c 
c exit 0
c raising signal 15 (SIGTERM)
